contig_id	gene_num	start	end	strand	gc	hmm_cat	hmm_db	hmm_name	evalue	score
LN610580.1	1	3	686	1	66.7	0	NA	NA	NA	NA
LN610580.1	2	686	919	1	59.8	0	NA	NA	NA	NA
LN610580.1	3	1737	2021	1	56.8	1	vog	VOG12036	1.7e-39	132.1
LN610580.1	4	2021	2248	1	61.8	1	vpfs	YP_001522791@NC_009935	2.2e-46	154.0
LN610580.1	5	2259	2798	1	59.1	1	vog	VOG03429	8.6e-60	199.1
LN610580.1	6	2861	2965	1	60.0	0	NA	NA	NA	NA
LN610580.1	7	2968	3087	1	54.2	0	NA	NA	NA	NA
LN610580.1	8	3166	3534	1	62.6	0	NA	NA	NA	NA
LN610580.1	9	3521	3748	1	61.0	0	NA	NA	NA	NA
LN610580.1	10	3745	3930	1	62.4	0	NA	NA	NA	NA
LN610580.1	11	3927	4106	1	61.1	0	NA	NA	NA	NA
LN610580.1	12	4106	4399	1	63.9	1	vog	VOG04724	3.3e-41	137.0
LN610580.1	13	4396	4632	1	63.3	1	vog	VOG13249	1.4e-44	147.6
LN610580.1	14	4650	4943	1	63.6	1	vog	VOG04724	1.1e-35	119.3
LN610580.1	15	5022	5438	1	63.8	1	vpfs	YP_001522858@NC_009936	5e-09	34.0
LN610580.1	16	5507	5866	1	63.6	0	NA	NA	NA	NA
LN610580.1	17	5869	6678	1	64.1	0	NA	NA	NA	NA
LN610580.1	18	6948	7490	1	62.8	1	vog	VOG02965	4.8e-45	150.7
LN610580.1	19	7480	7608	1	60.5	0	NA	NA	NA	NA
LN610580.1	20	7676	8500	1	60.7	1	vog	VOG01504	1.1e-70	235.8
LN610580.1	21	8469	9737	1	61.1	1	vog	VOG00668	1.4e-54	183.3
LN610580.1	22	9727	10344	1	62.0	1	vog	VOG12847	6.2e-46	154.3
LN610580.1	23	10344	11291	1	63.4	0	NA	NA	NA	NA
LN610580.1	24	11288	11623	1	58.6	0	NA	NA	NA	NA
LN610580.1	25	11620	14043	1	61.8	0	NA	NA	NA	NA
LN610580.1	26	14040	14351	1	63.1	0	NA	NA	NA	NA
LN610580.1	27	14408	15457	1	63.3	1	vog	VOG03139	3e-84	280.6
LN610580.1	28	15457	16398	1	61.4	1	vog	VOG02664	1.4e-70	236.6
LN610580.1	29	16388	16828	1	62.1	1	pfam_a	Endonuclease_7	1e-16	58.3
LN610580.1	30	16825	17871	1	60.6	1	vog	VOG00921	2.6e-114	378.9
LN610580.1	31	17881	18252	1	59.4	1	vog	VOG01421	5.3e-25	86.0
LN610580.1	32	18245	18595	1	61.3	1	vpfs	YP_008873143@NC_023005	2.9e-40	133.7
LN610580.1	33	18604	21051	1	62.2	1	vog	VOG01742	1.4e-226	752.0
LN610580.1	34	21212	21463	1	58.3	1	vog	VOG00550	1.7e-22	76.4
LN610580.1	35	21463	21936	1	60.5	1	vpfs	YP_001522880@NC_009936	6.3e-62	205.4
LN610580.1	36	21881	22177	1	59.6	1	vog	VOG04965	4.7e-08	31.2
LN610580.1	37	22189	23721	1	63.1	1	vog	VOG02580	3.6e-164	544.6
LN610580.1	38	23725	24693	1	65.1	1	vog	VOG13255	6e-75	250.3
LN610580.1	39	24746	25753	1	62.8	1	vog	VOG00976	8.3e-66	220.3
LN610580.1	40	25850	26404	1	62.0	1	vog	VOG01464	9.3e-50	166.9
LN610580.1	41	26407	28887	1	62.0	1	vpfs	YP_001522886@NC_009936	1.2e-235	782.0
LN610580.1	42	28887	29432	1	63.7	1	vpfs	YP_003345498@NC_013638	5.3e-69	229.7
LN610580.1	43	29432	32128	1	62.8	1	vog	VOG00769	6.2e-153	509.2
LN610580.1	44	32132	35899	1	64.7	1	vog	VOG00459	3.5e-189	629.2
LN610580.1	45	35927	36145	1	64.4	0	NA	NA	NA	NA
LN610580.1	46	36147	36902	1	60.7	1	vpfs	NP_570390@NC_003390	3.2e-23	79.3
LN610580.1	47	36902	37360	1	58.4	0	NA	NA	NA	NA
LN610580.1	48	37353	38261	1	59.1	1	vog	VOG00352	2.6e-82	274.1
LN610580.1	49	38265	38870	1	59.6	1	vpfs	YP_008859429@NC_022987	5e-61	204.4
LN610580.1	50	38870	39175	1	59.2	1	vog	VOG00951	2.7e-25	86.2
LN610580.1	51	39184	40050	1	63.0	1	vpfs	AGG91343@HQ317389	8.7e-116	385.2
LN610580.1	52	40082	40996	1	61.4	1	vpfs	AGG91343@HQ317389	1.3e-95	318.6
LN610580.1	53	40993	41193	1	63.7	0	NA	NA	NA	NA
LN610580.1	54	41190	41672	1	61.7	1	ko	K01185	1.2e-33	114.6
LN610580.1	55	41630	41959	1	66.1	1	vog	VOG00340	1e-16	59.0
LN610580.1	56	42049	42363	1	67.9	0	NA	NA	NA	NA
LN610580.1	57	42413	42607	1	62.6	0	NA	NA	NA	NA
LN610572.1	1	343	936	1	48.7	1	vog	VOG00062	1.3e-25	88.1
LN610572.1	2	1445	1603	1	49.7	1	vog	VOG15742	2.3e-40	134.2
LN610572.1	3	1657	1923	-1	44.6	1	vog	VOG04481	9.7e-36	119.2
LN610572.1	4	1916	2326	-1	49.6	1	vog	VOG14971	2.1e-86	284.3
LN610572.1	5	2316	2732	-1	46.5	1	vog	VOG14972	9.2e-95	311.6
LN610572.1	6	2729	3133	-1	47.4	0	NA	NA	NA	NA
LN610572.1	7	3176	3838	-1	51.0	1	vog	VOG14973	2.5e-139	460.0
LN610572.1	8	4107	4418	-1	45.8	1	vog	VOG14975	4.4e-66	217.7
LN610572.1	9	4421	4780	-1	51.1	1	vog	VOG01151	4.9e-35	118.0
LN610572.1	10	4777	5061	-1	44.6	1	vog	VOG01151	2.5e-35	118.9
LN610572.1	11	5117	5332	-1	46.3	1	vog	VOG14976	1.4e-50	167.7
LN610572.1	12	5329	5670	-1	50.6	1	vog	VOG14977	1.5e-79	261.2
LN610572.1	13	5672	6175	-1	48.4	1	vpfs	YP_008869206@NC_015294	4e-75	248.5
LN610572.1	14	6162	6539	-1	48.7	1	vpfs	YP_004327156@NC_015294	3.5e-87	286.4
LN610572.1	15	6559	7179	-1	51.0	1	vpfs	YP_004009690@NC_014661	3.4e-49	165.4
LN610572.1	16	7137	7454	-1	45.6	1	vog	VOG15743	5.6e-59	194.6
LN610572.1	17	7456	7605	-1	46.7	1	vpfs	YP_004327159@NC_015294	1.8e-30	102.4
LN610572.1	18	7617	8096	-1	52.5	1	vog	VOG00289	2.1e-51	172.6
LN610572.1	19	8093	8290	-1	43.9	1	vog	VOG14980	2.4e-44	147.0
LN610572.1	20	8302	9990	-1	51.2	1	vog	VOG00752	5.6e-193	639.7
LN610572.1	21	10047	10265	-1	50.2	1	vog	VOG03501	2e-51	169.6
LN610572.1	22	10262	11128	-1	50.9	1	vog	VOG09591	1.5e-91	304.1
LN610572.1	23	11138	11554	-1	51.1	1	ko	K01121	2.7e-29	99.9
LN610572.1	24	11565	12482	-1	46.6	1	vog	VOG01388	8.8e-67	223.6
LN610572.1	25	12494	12901	-1	48.3	1	vog	VOG03582	7.6e-33	111.5
LN610572.1	26	12898	13173	-1	45.7	0	NA	NA	NA	NA
LN610572.1	27	13175	13411	-1	46.4	1	vog	VOG15745	1.3e-39	131.8
LN610572.1	28	13424	13978	-1	48.3	1	vog	VOG02513	3.3e-54	181.4
LN610572.1	29	13978	14409	-1	48.4	1	vog	VOG14981	1.4e-95	314.5
LN610572.1	30	14399	14959	-1	48.8	0	NA	NA	NA	NA
LN610572.1	31	14961	15521	-1	49.9	1	vog	VOG09569	2.3e-47	158.5
LN610572.1	32	15586	16047	-1	51.3	1	vog	VOG00332	3.9e-36	121.6
LN610572.1	33	16060	17268	-1	49.4	1	rvdb	FAM001274	3.3e-39	132.4
LN610572.1	34	17265	17681	-1	51.1	0	NA	NA	NA	NA
LN610572.1	35	17684	17920	-1	51.5	1	vog	VOG14982	1.9e-55	182.8
LN610572.1	36	17930	18142	-1	51.2	1	vog	VOG00159	3.5e-16	57.0
LN610572.1	37	18139	18408	-1	48.5	1	vog	VOG14983	7.8e-53	174.3
LN610572.1	38	18417	18767	-1	51.0	1	vpfs	YP_008857032@NC_022966	9.8e-74	242.5
LN610572.1	39	18748	19026	-1	48.7	1	vog	VOG14985	5.7e-60	197.5
LN610572.1	40	19023	19301	-1	48.7	1	vog	VOG14986	8.4e-66	215.6
LN610572.1	41	19336	19521	-1	54.3	1	vog	VOG15746	3.2e-49	162.5
LN610572.1	42	19522	19815	-1	54.4	1	vog	VOG01488	3.6e-31	106.0
LN610572.1	43	19812	19997	-1	46.8	1	vog	VOG14987	2.8e-47	156.0
LN610572.1	44	20058	20606	-1	48.3	0	NA	NA	NA	NA
LN610572.1	45	20654	21010	-1	50.4	1	vog	VOG14988	5.8e-51	169.2
LN610572.1	46	21007	21474	-1	47.0	1	vog	VOG14989	9.9e-59	195.9
LN610572.1	47	21947	22135	1	47.1	1	vog	VOG01344	3.2e-26	89.0
LN610572.1	48	22278	22601	1	43.8	1	vog	VOG04689	2.4e-48	160.5
LN610572.1	49	24646	25044	-1	51.4	0	NA	NA	NA	NA
LN610572.1	50	25249	26769	1	47.5	1	vog	VOG00629	2.2e-53	179.4
LN610572.1	51	26782	28221	1	47.1	1	vpfs	YP_001552335@NC_009993	6.7e-92	306.3
LN610572.1	52	28231	28701	1	49.3	1	pfam_a	Peptidase_S78_2	1.2e-22	78.0
LN610572.1	53	28698	29615	1	48.4	1	vog	VOG02017	1.7e-81	272.5
LN610572.1	54	29643	30053	1	50.4	1	vog	VOG03969	9.8e-64	210.8
LN610572.1	55	30097	31131	1	53.2	1	vpfs	YP_002003562@NC_011041	8.5e-128	423.8
LN610572.1	56	31181	31657	1	48.6	1	vpfs	3300001798@JGI24126J20157_1000008@JGI24126J20157_100000859	7.1e-70	231.6
LN610572.1	57	31629	32108	1	46.2	1	vpfs	3300001403@JGI20205J14842_1000001@JGI20205J14842_10000018	5.9e-32	108.1
LN610572.1	58	32108	32488	1	46.7	1	vpfs	YP_004327202@NC_015294	7.1e-76	249.9
LN610572.1	59	32485	33048	1	45.2	1	vpfs	YP_004327203@NC_015294	5.1e-104	344.0
LN610572.1	60	33061	34347	1	51.0	1	vog	VOG00919	4.6e-129	428.6
LN610572.1	61	34378	34902	1	49.9	1	vog	VOG01961	2.7e-47	158.1
LN610572.1	62	34977	35477	1	49.3	1	vog	VOG01961	7.5e-47	156.6
LN610572.1	63	35477	35956	1	48.3	1	vog	VOG01961	5.4e-40	134.4
LN610572.1	64	35970	36341	1	47.3	1	vog	VOG00132	7.9e-29	98.5
LN610572.1	65	36449	36601	1	44.4	1	vog	VOG03319	6.3e-23	78.1
LN610572.1	66	36598	38964	1	50.8	1	vog	VOG00497	1.2e-25	87.5
LN610572.1	67	38961	39722	1	47.1	1	vog	VOG00558	1e-39	134.6
LN610572.1	68	39728	40084	1	46.8	1	vog	VOG00124	6.5e-26	88.6
LN610572.1	69	40081	40998	1	46.1	1	vog	VOG00640	2.9e-80	267.8
LN610572.1	70	40995	41735	1	49.1	1	vog	VOG00639	2.1e-56	189.0
LN610572.1	71	41746	42117	1	45.7	1	vpfs	YP_004327326@NC_015295	1.4e-28	97.7
LN610572.1	72	42119	43582	1	49.4	1	vog	VOG00647	6.7e-85	283.4
LN610572.1	73	43601	44332	1	49.9	1	vpfs	YP_001595464@NC_010106	1e-11	42.5
LN610572.1	74	44343	46358	1	50.9	1	vpfs	3300001683@GBIDBA_10000548@GBIDBA_1000054816	5.3e-282	934.2
LN610572.1	75	46395	46772	1	47.4	1	vog	VOG01002	8.1e-43	143.6
LN610572.1	76	46784	48283	1	51.8	1	vog	VOG11005	2.7e-190	631.5
LN610572.1	77	48300	48860	1	47.2	1	vog	VOG00913	3.7e-88	292.8
LN610572.1	78	48878	49117	1	47.9	1	vog	VOG14990	4.8e-39	130.1
LN610572.1	79	49104	49547	1	51.1	1	vog	VOG01798	1.9e-56	187.7
LN610572.1	80	49679	49984	1	40.8	1	vpfs	YP_008856909@NC_022966	2.3e-54	179.2
LN610572.1	81	50020	50334	1	46.7	1	vog	VOG02255	3.3e-39	130.9
LN610572.1	82	50382	50690	-1	48.9	1	vpfs	YP_008857074@NC_022967	1.8e-58	192.7
LN610572.1	83	50702	51022	-1	45.2	1	vog	VOG14992	1.8e-74	244.8
LN610572.1	84	51024	51833	-1	49.3	1	vog	VOG01403	2.6e-153	506.8
LN610572.1	85	51826	51981	-1	49.4	1	vog	VOG15732	1.4e-29	99.3
LN610572.1	86	51984	53129	-1	49.2	1	vog	VOG00320	2.1e-91	304.5
LN610572.1	87	53161	53394	-1	49.6	1	vog	VOG01207	1.3e-38	129.2
LN610572.1	88	53847	54044	1	52.5	1	vpfs	3300001866@JGI24729J20445_1000091@JGI24729J20445_100009143	1.8e-10	38.3
LN610572.1	89	54041	54532	1	53.9	1	vog	VOG04117	2.9e-61	203.1
LN610572.1	90	54566	54820	1	50.2	1	vpfs	YP_004327234@NC_015294	7.7e-41	135.8
LN610572.1	91	54822	55211	1	50.5	1	vpfs	YP_001671792@NC_010324	2.2e-37	125.2
LN610572.1	92	55208	55873	1	50.2	1	vog	VOG14993	7.7e-129	425.8
LN610572.1	93	55860	56024	1	41.8	1	vog	VOG14994	1e-42	141.8
LN610572.1	94	56027	56329	1	47.9	1	vpfs	YP_007007869@NC_019529	3.5e-57	188.4
LN610572.1	95	56330	56752	1	49.2	1	vog	VOG02508	1.6e-68	226.8
LN610572.1	96	56870	56998	1	42.6	1	vog	VOG03630	6.6e-28	94.0
LN610572.1	97	56985	57176	1	52.1	1	vog	VOG15734	2.1e-47	156.6
LN610572.1	98	57186	57431	1	53.7	1	vog	VOG14995	4.1e-61	200.8
LN610572.1	99	57428	57613	1	51.1	1	vog	VOG14996	3.4e-49	162.3
LN610572.1	100	57667	59529	1	51.2	1	vog	VOG00974	2.6e-96	321.9
LN610572.1	101	59590	61590	1	50.4	0	NA	NA	NA	NA
LN610572.1	102	61694	62173	1	52.1	1	pfam_a	Endonuclease_7	2.6e-22	76.3
LN610572.1	103	62325	63014	1	51.2	1	vpfs	YP_002003722@NC_011041	8.4e-07	26.8
LN610572.1	104	63104	63502	1	52.4	1	vog	VOG00255	3.1e-36	122.1
LN610572.1	105	63531	63698	1	45.8	1	vog	VOG14997	3.1e-44	146.9
LN610572.1	106	63700	64410	1	51.6	1	vog	VOG03330	9e-144	474.7
LN610572.1	107	64512	65516	1	52.0	1	vpfs	YP_004327248@NC_015294	7e-151	500.3
LN610572.1	108	65585	65818	1	47.0	1	vog	VOG00697	1.9e-21	73.5
LN610572.1	109	65828	66049	1	47.3	1	vog	VOG14998	8.2e-51	167.5
LN610572.1	110	66092	67144	1	50.2	1	vog	VOG02664	4.8e-59	198.5
LN610572.1	111	67141	67704	1	49.6	1	vpfs	YP_007004704@NC_019504	9.1e-50	167.0
LN610572.1	112	67701	68099	1	48.4	1	vpfs	YP_008857104@NC_022967	8.4e-88	289.0
LN610572.1	113	68096	68326	1	46.3	1	vog	VOG15735	4e-49	162.5
LN610572.1	114	68323	68760	1	45.7	1	vog	VOG01700	2.6e-40	134.9
LN610572.1	115	68757	68927	1	42.7	1	vog	VOG10909	9.2e-25	83.8
LN610572.1	116	68929	69111	1	45.4	1	vog	VOG15736	3.9e-41	136.4
LN610572.1	117	69108	69887	1	50.4	1	vog	VOG01457	3.9e-54	182.1
LN610572.1	118	69884	70066	1	45.4	1	vog	VOG14999	7.6e-47	155.1
LN610572.1	119	70078	70287	1	45.7	1	vog	VOG15737	3.5e-46	152.9
LN610572.1	120	70306	70641	1	52.4	1	vog	VOG15000	6.8e-77	252.5
LN610572.1	121	70645	70857	1	47.4	1	vog	VOG15001	6.4e-51	168.1
LN610572.1	122	70850	71800	1	48.9	1	vog	VOG03397	7.2e-36	121.5
LN610572.1	123	71860	71952	1	47.3	1	vog	VOG15738	3.1e-25	85.2
LN610572.1	124	72007	72972	1	49.1	1	pfam_b	Pfam-B_7294	2.3e-17	60.9
LN610572.1	125	72974	73318	1	47.8	1	vog	VOG03581	4.6e-46	153.2
LN610572.1	126	73335	74381	1	47.4	0	NA	NA	NA	NA
LN610572.1	127	74374	76119	1	51.4	0	NA	NA	NA	NA
LN610572.1	128	76194	76340	1	48.3	1	vog	VOG15739	2.6e-33	111.5
LN610572.1	129	76337	76564	1	46.9	1	vog	VOG01488	2.9e-21	73.7
LN610572.1	130	76564	76797	1	45.3	1	vog	VOG15003	1.8e-52	172.9
LN610572.1	131	76797	77033	1	44.7	1	vog	VOG15004	1.6e-52	173.0
LN610572.1	132	77033	77347	1	47.3	1	vog	VOG15005	7.6e-75	245.4
LN610572.1	133	77337	77522	1	47.8	1	vog	VOG15006	1.2e-47	157.3
LN610572.1	134	77563	77811	1	48.2	1	vpfs	YP_008859297@NC_022986	1.5e-55	182.8
LN610572.1	135	77823	78308	1	50.6	1	vog	VOG15008	4.5e-100	330.0
LN610572.1	136	78318	78512	1	51.8	1	vog	VOG15009	1.1e-48	161.0
LN610572.1	137	78514	78753	1	52.9	1	vog	VOG15010	1.6e-37	125.0
LN610572.1	138	78816	79016	1	51.7	1	vog	VOG15011	5.8e-51	168.1
LN610572.1	139	79184	80170	1	49.4	1	vpfs	3300001685@JGI24024J18818_10000001@JGI24024J18818_1000000127	8.2e-17	59.3
LN610572.1	140	80393	80566	1	44.3	1	vog	VOG15012	1.2e-39	131.7
LN610572.1	141	81189	81668	1	51.2	1	vog	VOG02731	2.2e-46	156.7
LN610572.1	142	81750	82019	1	51.5	1	vog	VOG15013	1.7e-60	198.7
LN610572.1	143	82032	82175	1	47.2	1	vog	VOG01090	3.5e-18	63.3
LN610572.1	144	82175	82462	1	52.1	1	vog	VOG15014	3.7e-59	194.7
LN610572.1	145	82475	82708	1	51.3	1	vog	VOG03887	2.5e-49	163.0
LN610572.1	146	82779	82907	1	49.6	1	vog	VOG00398	5.4e-16	56.4
LN610572.1	147	82907	83215	1	52.4	1	vog	VOG00590	5.5e-20	69.2
LN610572.1	148	83290	83436	1	53.7	1	vog	VOG02932	3.4e-24	82.3
LN610572.1	149	83673	84056	1	52.3	1	vog	VOG15015	2.5e-71	235.3
LN610572.1	150	84132	84803	1	52.8	1	vog	VOG03542	1.3e-57	192.9
LN610572.1	151	84808	85146	1	53.7	1	vog	VOG15016	6.1e-61	201.4
LN610572.1	152	85146	85499	1	51.7	1	vpfs	YP_008869190@NC_015294	2.5e-79	260.9
LN610572.1	153	85762	85956	1	48.2	1	vog	VOG15018	8.1e-45	149.0
LN610572.1	154	85975	86283	1	43.4	1	vpfs	YP_004327290@NC_015294	2e-52	173.8
LN610572.1	155	86280	86504	1	54.7	1	vog	VOG15020	7.9e-55	181.0
LN610572.1	156	86537	86803	1	52.8	1	vog	VOG15021	4.3e-37	124.2
LN610572.1	157	86800	87192	1	53.4	1	vog	VOG15022	1.5e-87	287.8
LN610572.1	158	87307	87891	1	48.7	1	vpfs	YP_002922802@NC_012749	3.8e-87	288.3
LN610572.1	159	87963	88208	1	51.6	1	vpfs	CCM43691@HE983845	1.2e-55	183.1
LN610572.1	160	88286	88549	1	53.0	1	vpfs	YP_008859323@NC_022986	5.1e-53	175.9
LN610572.1	161	88586	89029	1	54.7	1	vog	VOG00539	9.5e-29	98.3
LN610572.1	162	89153	89680	1	54.9	1	vog	VOG15024	7.6e-57	188.3
LN610572.1	163	89749	89961	1	50.7	1	vog	VOG15025	4.4e-52	171.9
LN610572.1	164	89989	90159	1	48.0	1	vog	VOG15026	2.2e-40	134.4
LN610572.1	165	90214	90666	1	46.8	1	vpfs	YP_008859329@NC_022986	1.5e-80	266.2
LN610572.1	166	90681	90911	1	47.2	1	vpfs	CCM43698@HE983845	1.8e-45	150.5
LN610572.1	167	90908	91198	1	51.5	1	vog	VOG15028	5.9e-55	181.2
LN610572.1	168	91294	91560	1	54.3	0	NA	NA	NA	NA
LN610572.1	169	91660	91854	1	46.2	1	vpfs	YP_008857161@NC_022967	3.3e-41	137.2
LN610572.1	170	91905	92042	1	48.6	0	NA	NA	NA	NA
LN610572.1	171	93026	93619	1	48.7	1	vog	VOG00062	1.3e-25	88.1
LN610573.1	1	1054	1485	1	50.9	1	vog	VOG00143	2.4e-37	126.8
LN610573.1	2	1475	1816	1	53.2	1	vog	VOG00143	3.6e-28	96.7
LN610573.1	3	1806	2180	1	55.2	1	vog	VOG00143	3.6e-36	122.9
LN610573.1	4	2167	2529	1	53.7	1	vog	VOG00143	1.4e-33	114.4
LN610573.1	5	2516	2860	1	47.5	1	vog	VOG00143	2.6e-34	116.8
LN610573.1	6	2857	3759	1	56.1	1	vog	VOG00368	5.6e-54	181.0
LN610573.1	7	3756	4403	1	56.0	1	vog	VOG00143	4.6e-55	184.8
LN610573.1	8	4413	4760	1	54.9	1	vog	VOG04481	5.7e-12	43.0
LN610573.1	9	4753	4977	1	47.6	1	vpfs	YP_008856998@NC_022966	7.5e-36	121.5
LN610573.1	10	4964	5260	1	52.5	1	vog	VOG01151	2.1e-24	83.8
LN610573.1	11	5315	5503	1	50.8	1	vog	VOG17259	4.2e-41	136.7
LN610573.1	12	5598	5987	1	52.6	1	vog	VOG23475	5.6e-08	29.7
LN610573.1	13	5984	7186	1	59.9	1	vog	VOG00192	9e-68	227.6
LN610573.1	14	7638	8126	1	57.9	1	vog	VOG12460	5.2e-72	239.2
LN610573.1	15	8119	8409	1	59.8	1	vog	VOG00847	3.1e-40	134.5
LN610573.1	16	8481	8771	1	61.5	0	NA	NA	NA	NA
LN610573.1	17	8921	9067	1	54.4	1	vog	VOG12457	6.2e-37	122.7
LN610573.1	18	9052	9537	1	57.0	1	vog	VOG12456	8.2e-70	231.5
LN610573.1	19	9540	9704	1	56.4	0	NA	NA	NA	NA
LN610573.1	20	9707	10036	1	55.5	1	pfam_b	Pfam-B_2504	7.2e-67	224.6
LN610573.1	21	10029	10223	1	50.8	0	NA	NA	NA	NA
LN610573.1	22	10220	10696	1	56.2	1	vpfs	YP_008857768@NC_022970	2.1e-100	330.8
LN610573.1	23	10677	11177	1	55.5	1	vog	VOG14543	2.5e-67	223.3
LN610573.1	24	11260	11517	1	45.3	1	vpfs	YP_008857009@NC_022966	1.8e-48	160.6
LN610573.1	25	11501	11650	1	48.7	1	vog	VOG15739	2.4e-32	108.4
LN610573.1	26	11647	11856	1	46.2	1	vpfs	YP_005098106@NC_016763	8.1e-33	110.9
LN610573.1	27	11850	12149	1	48.7	1	vpfs	YP_007002061@NC_019446	5.2e-14	47.9
LN610573.1	28	12723	13001	-1	50.9	0	NA	NA	NA	NA
LN610573.1	29	12998	13186	-1	48.1	0	NA	NA	NA	NA
LN610573.1	30	13183	13758	-1	54.5	0	NA	NA	NA	NA
LN610573.1	31	13760	13996	-1	43.0	0	NA	NA	NA	NA
LN610573.1	32	13993	14328	-1	49.7	0	NA	NA	NA	NA
LN610573.1	33	14319	14747	-1	55.2	1	vog	VOG00260	2.5e-36	122.9
LN610573.1	34	14744	14950	-1	51.2	0	NA	NA	NA	NA
LN610573.1	35	15140	15418	-1	53.0	0	NA	NA	NA	NA
LN610573.1	36	15415	16977	-1	56.5	1	vog	VOG09581	3.6e-161	535.2
LN610573.1	37	16955	17440	-1	52.3	1	vpfs	YP_008869206@NC_015294	5.5e-66	218.8
LN610573.1	38	17395	17997	-1	54.2	1	vpfs	YP_004009690@NC_014661	9.3e-52	173.8
LN610573.1	39	17994	18242	-1	46.2	0	NA	NA	NA	NA
LN610573.1	40	18252	18815	-1	52.8	1	vog	VOG09569	9.2e-47	156.5
LN610573.1	41	18868	19368	-1	53.1	1	vog	VOG00332	2.6e-37	125.4
LN610573.1	42	19429	20700	-1	53.2	1	vog	VOG00074	2.8e-77	258.5
LN610573.1	43	20713	20985	-1	50.2	1	vog	VOG14983	4.8e-50	165.3
LN610573.1	44	20988	21377	-1	54.9	0	NA	NA	NA	NA
LN610573.1	45	21388	21840	-1	48.8	1	vog	VOG00663	3.4e-66	221.0
LN610573.1	46	21849	22115	-1	55.8	1	vpfs	YP_008857032@NC_022966	7.9e-50	165.5
LN610573.1	47	22226	22624	-1	54.9	1	vog	VOG14988	5.9e-44	146.6
LN610573.1	48	22621	23157	-1	54.7	1	vog	VOG14989	1.2e-57	192.4
LN610573.1	49	23636	23992	1	56.0	1	vog	VOG04689	8.9e-44	145.8
LN610573.1	50	23994	24242	1	55.0	0	NA	NA	NA	NA
LN610573.1	51	24447	24749	1	49.8	0	NA	NA	NA	NA
LN610573.1	52	25629	26447	1	52.4	1	vog	VOG17274	3e-158	522.7
LN610573.1	53	26520	26945	1	57.7	1	vpfs	YP_008239722@NC_021777	9.7e-44	146.8
LN610573.1	54	27027	28445	1	53.6	1	vog	VOG00629	4.2e-48	161.9
LN610573.1	55	28455	29948	1	54.8	1	vpfs	YP_001552335@NC_009993	6.8e-84	279.9
LN610573.1	56	29950	30366	1	58.8	1	pfam_a	Peptidase_S78_2	1.2e-20	71.4
LN610573.1	57	30359	31246	1	55.0	1	vog	VOG02017	9e-73	243.8
LN610573.1	58	31263	31637	1	59.7	1	vog	VOG03969	8.8e-62	204.5
LN610573.1	59	31648	32703	1	57.2	1	vpfs	YP_002003562@NC_011041	1.9e-123	409.5
LN610573.1	60	32757	33242	1	53.3	1	vpfs	3300001798@JGI24126J20157_1000008@JGI24126J20157_100000859	3.3e-74	245.7
LN610573.1	61	33220	33687	1	55.3	1	vpfs	3300001403@JGI20205J14842_1000001@JGI20205J14842_10000018	4.4e-24	82.5
LN610573.1	62	33687	34058	1	57.3	1	vpfs	YP_004327202@NC_015294	4.1e-72	237.7
LN610573.1	63	34058	34678	1	53.0	1	vpfs	YP_004327203@NC_015294	5.4e-122	402.7
LN610573.1	64	34681	36003	1	58.4	1	vog	VOG00919	4.6e-121	402.2
LN610573.1	65	36014	36535	1	57.3	1	vog	VOG01961	3.2e-45	151.3
LN610573.1	66	36588	37091	1	56.3	1	vog	VOG01961	1.1e-48	162.6
LN610573.1	67	37091	37594	1	53.2	1	vog	VOG01961	3.8e-34	115.4
LN610573.1	68	37608	37994	1	53.5	1	vog	VOG00132	2.7e-32	109.8
LN610573.1	69	38015	38236	1	56.3	1	vog	VOG03319	5.2e-33	110.4
LN610573.1	70	38226	40562	1	56.4	1	vog	VOG00497	9.8e-23	77.8
LN610573.1	71	40559	41326	1	55.5	1	vog	VOG00558	9.5e-40	134.7
LN610573.1	72	41326	41691	1	51.1	1	vog	VOG00124	3.4e-24	83.0
LN610573.1	73	41692	42573	1	54.3	1	vog	VOG00640	4.3e-74	247.5
LN610573.1	74	42570	43328	1	56.1	1	vog	VOG00639	6.6e-65	216.9
LN610573.1	75	43335	43700	1	52.2	1	vpfs	YP_004327326@NC_015295	2e-24	84.2
LN610573.1	76	43701	45167	1	54.7	1	vog	VOG00647	1.8e-85	285.2
LN610573.1	77	45169	45933	1	53.5	1	vpfs	YP_001595464@NC_010106	2.7e-11	41.1
LN610573.1	78	45944	48007	1	53.6	1	vpfs	3300001683@GBIDBA_10000548@GBIDBA_1000054816	1.3e-96	322.0
LN610573.1	79	48052	48426	1	48.0	1	vog	VOG01002	1.3e-42	143.0
LN610573.1	80	48436	49929	1	57.7	1	vog	VOG11005	3.8e-196	650.8
LN610573.1	81	49931	50494	1	55.1	1	vog	VOG00913	1.2e-82	274.7
LN610573.1	82	50475	50741	1	55.8	0	NA	NA	NA	NA
LN610573.1	83	50738	51154	1	56.6	1	vog	VOG01798	2.3e-53	177.6
LN610573.1	84	51304	51603	1	53.7	1	vpfs	YP_008856909@NC_022966	2.3e-51	169.6
LN610573.1	85	51619	51906	1	54.2	1	vog	VOG02255	5.4e-36	120.6
LN610573.1	86	52015	52434	1	53.1	0	NA	NA	NA	NA
LN610573.1	87	52458	52670	1	52.6	0	NA	NA	NA	NA
LN610573.1	88	52817	53044	1	53.1	0	NA	NA	NA	NA
LN610573.1	89	53050	53271	1	49.1	0	NA	NA	NA	NA
LN610573.1	90	53274	53474	1	49.8	0	NA	NA	NA	NA
LN610573.1	91	53485	53751	1	56.9	1	vog	VOG01207	1e-31	107.2
LN610573.1	92	53748	54116	1	55.8	0	NA	NA	NA	NA
LN610573.1	93	54126	54977	1	57.9	1	vog	VOG00372	4.7e-68	227.8
LN610573.1	94	55025	55321	1	54.2	0	NA	NA	NA	NA
LN610573.1	95	55323	55694	1	54.0	1	vog	VOG04920	5e-50	167.4
LN610573.1	96	55687	56907	1	54.3	1	vog	VOG00320	1.1e-77	259.2
LN610573.1	97	56917	57102	1	52.2	0	NA	NA	NA	NA
LN610573.1	98	57143	57538	1	54.0	0	NA	NA	NA	NA
LN610573.1	99	57525	58061	1	53.4	0	NA	NA	NA	NA
LN610573.1	100	58061	58327	1	55.1	0	NA	NA	NA	NA
LN610573.1	101	58376	60328	1	56.2	1	ko	K21502	1.3e-87	292.3
LN610573.1	102	60349	63006	1	56.7	1	ko	K21238	1e-56	190.1
LN610573.1	103	63023	63229	1	54.6	0	NA	NA	NA	NA
LN610573.1	104	63376	63561	1	51.6	0	NA	NA	NA	NA
LN610573.1	105	63629	64522	1	60.0	1	vog	VOG02011	1.4e-60	203.3
LN610573.1	106	64581	64775	1	51.3	1	vog	VOG17289	8.5e-48	158.1
LN610573.1	107	64776	65051	1	51.4	1	vpfs	YP_008856932@NC_022966	5e-56	184.7
LN610573.1	108	65063	65329	1	55.4	1	vog	VOG16784	3.5e-37	124.3
LN610573.1	109	65329	66417	1	55.3	1	vog	VOG02664	3.9e-50	169.1
LN610573.1	110	66405	66566	1	57.4	1	vog	VOG00527	7e-16	55.6
LN610573.1	111	66566	66739	1	55.2	0	NA	NA	NA	NA
LN610573.1	112	66736	67299	1	55.7	1	vpfs	YP_007004704@NC_019504	1.3e-47	159.9
LN610573.1	113	67296	67511	1	55.1	0	NA	NA	NA	NA
LN610573.1	114	67521	68438	1	55.8	1	vog	VOG00921	2.9e-101	336.0
LN610573.1	115	68492	68716	1	55.6	0	NA	NA	NA	NA
LN610573.1	116	68713	69126	1	53.6	1	vog	VOG03397	1.5e-46	156.4
LN610573.1	117	69130	70029	1	56.0	1	pfam_b	Pfam-B_7294	3.9e-22	76.6
LN610573.1	118	70033	70407	1	57.1	1	vog	VOG03581	1.6e-43	145.0
LN610573.1	119	70400	72256	1	57.4	0	NA	NA	NA	NA
LN610573.1	120	72266	72631	1	53.3	0	NA	NA	NA	NA
LN610573.1	121	72673	73692	1	55.8	0	NA	NA	NA	NA
LN610573.1	122	73753	74235	1	50.1	1	vog	VOG00539	5.1e-31	105.7
LN610573.1	123	74225	74488	1	51.9	0	NA	NA	NA	NA
LN610573.1	124	74481	74711	1	57.6	1	vog	VOG00159	3.2e-13	47.3
LN610573.1	125	74713	74946	1	56.0	1	vpfs	YP_008856950@NC_022966	2.9e-48	159.8
LN610573.1	126	74998	75552	1	54.2	1	vpfs	YP_007392516@NC_020201	7.2e-77	254.5
LN610573.1	127	75533	75706	1	50.6	1	vog	VOG01634	3.1e-29	98.1
LN610573.1	128	75716	76036	1	54.2	1	vog	VOG17297	9.4e-73	239.0
LN610573.1	129	76036	76203	1	50.0	0	NA	NA	NA	NA
LN610573.1	130	76256	76753	1	53.8	0	NA	NA	NA	NA
LN610573.1	131	76750	77229	1	55.2	0	NA	NA	NA	NA
LN610573.1	132	77401	77613	1	57.7	0	NA	NA	NA	NA
LN610573.1	133	78127	78426	1	55.3	1	vog	VOG15013	5.1e-58	190.7
LN610573.1	134	78443	78586	1	47.2	1	vog	VOG01090	7.5e-17	59.0
LN610573.1	135	78586	78819	1	55.1	1	vog	VOG03887	1.7e-49	163.6
LN610573.1	136	78878	79081	1	57.8	1	vog	VOG00398	7.3e-15	52.8
LN610573.1	137	79157	79705	1	55.2	1	pfam_b	Pfam-B_11258	3.1e-10	38.5
LN610573.1	138	79787	80188	1	50.0	1	vog	VOG01567	2.2e-40	135.4
LN610573.1	139	80255	80644	1	57.9	0	NA	NA	NA	NA
LN610573.1	140	80669	80782	1	50.9	0	NA	NA	NA	NA
LN610573.1	141	80883	81017	1	51.1	0	NA	NA	NA	NA
LN610573.1	142	81002	81394	1	57.0	1	vog	VOG15015	3e-58	193.1
LN610573.1	143	81483	81746	1	51.1	0	NA	NA	NA	NA
LN610573.1	144	81746	81982	1	54.0	1	vog	VOG15021	1e-28	97.3
LN610573.1	145	81984	82262	1	55.6	1	vpfs	YP_008856969@NC_022966	1.5e-30	104.2
LN610573.1	146	82386	82517	1	51.5	0	NA	NA	NA	NA
LN610573.1	147	82735	83280	1	51.6	0	NA	NA	NA	NA
LN610573.1	148	83357	83872	1	53.7	1	vog	VOG01061	1e-60	202.6
LN610573.1	149	84138	84308	1	45.6	1	vog	VOG15026	3.1e-38	127.5
LN610573.1	150	84494	84604	1	60.4	1	vog	VOG15741	1.7e-24	83.0
LN610573.1	151	84700	84918	1	51.6	0	NA	NA	NA	NA
LN610573.1	152	84908	85126	1	54.8	1	vog	VOG13493	1.5e-31	105.7
LN610581.1	1	527	1075	1	54.6	0	NA	NA	NA	NA
LN610581.1	2	1056	1487	1	50.9	1	vog	VOG00143	2.4e-37	126.8
LN610581.1	3	1477	1818	1	53.2	1	vog	VOG00143	3.6e-28	96.7
LN610581.1	4	1808	2182	1	55.2	1	vog	VOG00143	3.6e-36	122.9
LN610581.1	5	2169	2531	1	53.7	1	vog	VOG00143	1.4e-33	114.4
LN610581.1	6	2518	2862	1	47.5	1	vog	VOG00143	2.6e-34	116.8
LN610581.1	7	2859	3761	1	56.4	1	vog	VOG00368	1.8e-52	176.0
LN610581.1	8	3758	4111	1	53.4	1	vog	VOG00143	2.1e-18	64.7
LN610581.1	9	4111	4791	1	54.6	1	vog	VOG00143	1.1e-55	186.9
LN610581.1	10	4801	5148	1	54.9	1	vog	VOG04481	5.7e-12	43.0
LN610581.1	11	5352	5666	1	52.4	1	vog	VOG01151	7.2e-29	98.1
LN610581.1	12	5704	5892	1	50.8	1	vog	VOG17259	4.2e-41	136.7
LN610581.1	13	5987	6376	1	52.6	1	vog	VOG23475	7.6e-08	29.3
LN610581.1	14	6373	7512	1	58.6	1	vog	VOG00192	1.9e-69	233.1
LN610581.1	15	7505	7993	1	57.9	1	vog	VOG12460	5.2e-72	239.2
LN610581.1	16	7986	8276	1	59.8	1	vog	VOG00847	3.1e-40	134.5
LN610581.1	17	8348	8638	1	61.9	0	NA	NA	NA	NA
LN610581.1	18	8788	8934	1	54.4	1	vog	VOG12457	6.2e-37	122.7
LN610581.1	19	8919	9404	1	57.0	1	vog	VOG12456	8.2e-70	231.5
LN610581.1	20	9407	9571	1	56.4	0	NA	NA	NA	NA
LN610581.1	21	9574	9903	1	55.5	1	pfam_b	Pfam-B_2504	7.2e-67	224.6
LN610581.1	22	9896	10090	1	50.8	0	NA	NA	NA	NA
LN610581.1	23	10087	10563	1	56.2	1	vpfs	YP_008857768@NC_022970	2.1e-100	330.8
LN610581.1	24	10544	11044	1	55.5	1	vog	VOG14543	2.5e-67	223.3
LN610581.1	25	11127	11384	1	45.3	1	vpfs	YP_008857009@NC_022966	1.8e-48	160.6
LN610581.1	26	11368	11517	1	48.7	1	vog	VOG15739	2.4e-32	108.4
LN610581.1	27	11514	11723	1	46.2	1	vpfs	YP_005098106@NC_016763	8.1e-33	110.9
LN610581.1	28	11717	12016	1	48.7	1	vpfs	YP_007002061@NC_019446	5.2e-14	47.9
LN610581.1	29	12590	12868	-1	51.3	0	NA	NA	NA	NA
LN610581.1	30	12865	13053	-1	48.1	0	NA	NA	NA	NA
LN610581.1	31	13050	13625	-1	54.5	0	NA	NA	NA	NA
LN610581.1	32	13627	13863	-1	43.0	0	NA	NA	NA	NA
LN610581.1	33	13860	14195	-1	49.7	0	NA	NA	NA	NA
LN610581.1	34	14186	14614	-1	55.2	1	vog	VOG00260	2.5e-36	122.9
LN610581.1	35	14611	14817	-1	51.2	0	NA	NA	NA	NA
LN610581.1	36	15007	15285	-1	53.4	0	NA	NA	NA	NA
LN610581.1	37	15282	16844	-1	56.5	1	vog	VOG09581	3.6e-161	535.2
LN610581.1	38	16822	17307	-1	52.3	1	vpfs	YP_008869206@NC_015294	5.5e-66	218.8
LN610581.1	39	17262	17864	-1	54.2	1	vpfs	YP_004009690@NC_014661	9.3e-52	173.8
LN610581.1	40	17861	18109	-1	46.2	0	NA	NA	NA	NA
LN610581.1	41	18119	18682	-1	53.0	1	vog	VOG09569	9.2e-47	156.5
LN610581.1	42	18735	19235	-1	53.1	1	vog	VOG00332	2.6e-37	125.4
LN610581.1	43	19296	20567	-1	53.2	1	vog	VOG00074	5.6e-78	260.7
LN610581.1	44	20580	20852	-1	50.5	1	vog	VOG14983	4.8e-50	165.3
LN610581.1	45	20855	21244	-1	54.9	0	NA	NA	NA	NA
LN610581.1	46	21268	21705	-1	51.8	1	vog	VOG00663	1.1e-62	209.5
LN610581.1	47	21714	21980	-1	54.7	1	vpfs	YP_008857032@NC_022966	1.4e-50	168.0
LN610581.1	48	22091	22489	-1	55.4	1	vog	VOG14988	2.2e-43	144.8
LN610581.1	49	22486	23034	-1	55.0	1	vog	VOG14989	8.3e-60	199.4
LN610581.1	50	23513	23869	1	56.0	1	vog	VOG04689	8.9e-44	145.8
LN610581.1	51	23871	24119	1	55.8	0	NA	NA	NA	NA
LN610581.1	52	24324	24626	1	49.2	0	NA	NA	NA	NA
LN610581.1	53	25506	26324	1	52.5	1	vog	VOG17274	3e-158	522.7
LN610581.1	54	26397	26822	1	57.7	1	vpfs	YP_008239722@NC_021777	9.7e-44	146.8
LN610581.1	55	26904	28322	1	53.4	1	vog	VOG00629	4.2e-48	161.9
LN610581.1	56	28332	29825	1	54.4	1	vpfs	YP_001552335@NC_009993	6.8e-84	279.9
LN610581.1	57	29827	30243	1	58.5	1	pfam_a	Peptidase_S78_2	4.1e-20	69.7
LN610581.1	58	30236	31123	1	55.1	1	vog	VOG02017	9e-73	243.8
LN610581.1	59	31140	31514	1	60.0	1	vog	VOG03969	1.5e-62	207.0
LN610581.1	60	31525	32580	1	57.0	1	vpfs	YP_002003562@NC_011041	4.3e-123	408.3
LN610581.1	61	32634	33119	1	53.3	1	vpfs	3300001798@JGI24126J20157_1000008@JGI24126J20157_100000859	3.3e-74	245.7
LN610581.1	62	33097	33564	1	55.3	1	vpfs	3300001403@JGI20205J14842_1000001@JGI20205J14842_10000018	4.4e-24	82.5
LN610581.1	63	33564	33935	1	57.3	1	vpfs	YP_004327202@NC_015294	4.1e-72	237.7
LN610581.1	64	33935	34555	1	52.8	1	vpfs	YP_004327203@NC_015294	7.6e-123	405.5
LN610581.1	65	34558	35880	1	58.4	1	vog	VOG00919	7.5e-120	398.2
LN610581.1	66	35891	36412	1	57.9	1	vog	VOG01961	3.2e-45	151.3
LN610581.1	67	36465	36968	1	56.2	1	vog	VOG01961	1.1e-48	162.6
LN610581.1	68	36968	37471	1	53.2	1	vog	VOG01961	3.8e-34	115.4
LN610581.1	69	37485	37871	1	53.5	1	vog	VOG00132	2.7e-32	109.8
LN610581.1	70	37892	38113	1	56.3	1	vog	VOG03319	5.2e-33	110.4
LN610581.1	71	38103	40439	1	56.3	1	vog	VOG00497	1.7e-22	77.0
LN610581.1	72	40436	41203	1	54.9	1	vog	VOG00558	9.5e-40	134.7
LN610581.1	73	41203	41568	1	51.1	1	vog	VOG00124	3.4e-24	83.0
LN610581.1	74	41569	42450	1	54.3	1	vog	VOG00640	4.3e-74	247.5
LN610581.1	75	42447	43205	1	56.1	1	vog	VOG00639	6.6e-65	216.9
LN610581.1	76	43212	43577	1	52.2	1	vpfs	YP_004327326@NC_015295	2e-24	84.2
LN610581.1	77	43578	45044	1	54.7	1	vog	VOG00647	1.8e-85	285.2
LN610581.1	78	45046	45810	1	53.5	1	vpfs	YP_001595464@NC_010106	2.7e-11	41.1
LN610581.1	79	45821	47884	1	53.6	1	vpfs	3300001683@GBIDBA_10000548@GBIDBA_1000054816	1.3e-96	322.0
LN610581.1	80	47929	48303	1	48.0	1	vog	VOG01002	1.3e-42	143.0
LN610581.1	81	48313	49806	1	57.6	1	vog	VOG11005	5.4e-196	650.3
LN610581.1	82	49808	50371	1	55.1	1	vog	VOG00913	1.2e-82	274.7
LN610581.1	83	50352	50618	1	55.8	0	NA	NA	NA	NA
LN610581.1	84	50615	51031	1	56.6	1	vog	VOG01798	2.3e-53	177.6
LN610581.1	85	51181	51480	1	53.7	1	vpfs	YP_008856909@NC_022966	2.3e-51	169.6
LN610581.1	86	51496	51783	1	54.2	1	vog	VOG02255	5.4e-36	120.6
LN610581.1	87	51892	52311	1	53.1	0	NA	NA	NA	NA
LN610581.1	88	52335	52547	1	52.6	0	NA	NA	NA	NA
LN610581.1	89	52694	52921	1	53.1	0	NA	NA	NA	NA
LN610581.1	90	52927	53148	1	49.1	0	NA	NA	NA	NA
LN610581.1	91	53151	53351	1	49.8	0	NA	NA	NA	NA
LN610581.1	92	53362	53628	1	56.9	1	vog	VOG01207	1e-31	107.2
LN610581.1	93	53625	53993	1	55.8	0	NA	NA	NA	NA
LN610581.1	94	54003	54854	1	57.7	1	vog	VOG00372	1.5e-67	226.2
LN610581.1	95	54902	55198	1	54.2	0	NA	NA	NA	NA
LN610581.1	96	55200	55571	1	54.0	1	vog	VOG04920	5e-50	167.4
LN610581.1	97	55564	56784	1	54.4	1	vog	VOG00320	1.1e-77	259.2
LN610581.1	98	56794	56979	1	52.2	0	NA	NA	NA	NA
LN610581.1	99	57020	57415	1	54.0	0	NA	NA	NA	NA
LN610581.1	100	57402	57938	1	53.4	0	NA	NA	NA	NA
LN610581.1	101	57938	58204	1	55.1	0	NA	NA	NA	NA
LN610581.1	102	58253	60205	1	56.2	1	ko	K21502	1.3e-87	292.3
LN610581.1	103	60226	62883	1	56.6	1	ko	K21238	1.3e-56	189.8
LN610581.1	104	62900	63106	1	54.6	0	NA	NA	NA	NA
LN610581.1	105	63253	63438	1	52.2	0	NA	NA	NA	NA
LN610581.1	106	63506	64399	1	60.0	1	vog	VOG02011	1.4e-60	203.3
LN610581.1	107	64458	64652	1	51.3	1	vog	VOG17289	8.5e-48	158.1
LN610581.1	108	64653	64928	1	51.4	1	vpfs	YP_008856932@NC_022966	5e-56	184.7
LN610581.1	109	64940	65206	1	55.4	1	vog	VOG16784	3.5e-37	124.3
LN610581.1	110	65206	66294	1	55.4	1	vog	VOG02664	3.6e-50	169.2
LN610581.1	111	66282	66443	1	57.4	1	vog	VOG00527	7e-16	55.6
LN610581.1	112	66443	66616	1	55.2	0	NA	NA	NA	NA
LN610581.1	113	66613	67176	1	55.7	1	vpfs	YP_007004704@NC_019504	1.3e-47	159.9
LN610581.1	114	67173	67388	1	55.1	0	NA	NA	NA	NA
LN610581.1	115	67398	68315	1	55.8	1	vog	VOG00921	2.9e-101	336.0
LN610581.1	116	68369	68593	1	55.6	0	NA	NA	NA	NA
LN610581.1	117	68590	69003	1	53.6	1	vog	VOG03397	1.5e-46	156.4
LN610581.1	118	69007	69906	1	56.1	1	pfam_b	Pfam-B_7294	3.9e-22	76.6
LN610581.1	119	69910	70284	1	57.1	1	vog	VOG03581	1.6e-43	145.0
LN610581.1	120	70277	72133	1	57.4	0	NA	NA	NA	NA
LN610581.1	121	72143	72508	1	53.3	0	NA	NA	NA	NA
LN610581.1	122	72550	73569	1	55.8	0	NA	NA	NA	NA
LN610581.1	123	73630	73917	1	51.7	1	vog	VOG00539	8e-07	27.1
LN610581.1	124	73863	74111	1	49.0	1	vog	VOG00539	6.6e-20	69.6
LN610581.1	125	74101	74364	1	51.9	0	NA	NA	NA	NA
LN610581.1	126	74357	74587	1	57.1	1	vog	VOG00159	3.2e-13	47.3
LN610581.1	127	74589	74822	1	56.4	1	vpfs	YP_008856950@NC_022966	1.1e-46	154.7
LN610581.1	128	74874	75428	1	54.2	1	vpfs	YP_007392516@NC_020201	7.2e-77	254.5
LN610581.1	129	75409	75582	1	50.6	1	vog	VOG01634	3.1e-29	98.1
LN610581.1	130	75592	75912	1	54.2	1	vog	VOG17297	9.4e-73	239.0
LN610581.1	131	75912	76079	1	50.0	0	NA	NA	NA	NA
LN610581.1	132	76132	76629	1	53.8	0	NA	NA	NA	NA
LN610581.1	133	76626	77105	1	55.2	0	NA	NA	NA	NA
LN610581.1	134	77277	77489	1	57.7	0	NA	NA	NA	NA
LN610581.1	135	78003	78302	1	55.3	1	vog	VOG15013	5.1e-58	190.7
LN610581.1	136	78319	78462	1	47.2	1	vog	VOG01090	7.5e-17	59.0
LN610581.1	137	78462	78695	1	53.8	1	vog	VOG03887	1.3e-48	160.8
LN610581.1	138	78748	79188	1	45.6	0	NA	NA	NA	NA
LN610581.1	139	79282	79485	1	57.4	1	vog	VOG00398	2.2e-15	54.5
LN610581.1	140	79561	80109	1	54.6	1	pfam_b	Pfam-B_11258	1.3e-10	39.7
LN610581.1	141	80190	80588	1	50.4	1	vog	VOG01567	9.7e-40	133.4
LN610581.1	142	80655	81044	1	57.9	0	NA	NA	NA	NA
LN610581.1	143	81069	81182	1	53.5	0	NA	NA	NA	NA
LN610581.1	144	81283	81417	1	51.1	0	NA	NA	NA	NA
LN610581.1	145	81402	81794	1	57.0	1	vog	VOG15015	3e-58	193.1
LN610581.1	146	81883	82146	1	51.1	0	NA	NA	NA	NA
LN610581.1	147	82146	82382	1	54.0	1	vog	VOG15021	1e-28	97.3
LN610581.1	148	82384	82662	1	55.6	1	vpfs	YP_008856969@NC_022966	1.5e-30	104.2
LN610581.1	149	82786	82917	1	51.5	0	NA	NA	NA	NA
LN610581.1	150	83135	83680	1	52.2	0	NA	NA	NA	NA
LN610581.1	151	83757	84272	1	53.3	1	vog	VOG01061	5.6e-61	203.5
LN610581.1	152	84538	84708	1	45.6	1	vog	VOG15026	3.1e-38	127.5
LN610581.1	153	84894	85004	1	60.4	1	vog	VOG15741	1.7e-24	83.0
LN610581.1	154	85100	85318	1	51.6	0	NA	NA	NA	NA
LN610581.1	155	85308	85526	1	54.8	1	vog	VOG13493	1.5e-31	105.7
LN610574.1	1	169	363	-1	66.2	0	NA	NA	NA	NA
LN610574.1	2	1909	2193	1	57.2	1	vog	VOG12036	1.7e-39	132.1
LN610574.1	3	2193	2420	1	61.4	1	vpfs	YP_001522791@NC_009935	1.2e-47	158.1
LN610574.1	4	2431	2970	1	60.2	1	vog	VOG03429	5.9e-60	199.6
LN610574.1	5	3036	3137	1	58.8	0	NA	NA	NA	NA
LN610574.1	6	3256	3378	1	55.3	0	NA	NA	NA	NA
LN610574.1	7	3457	3825	1	62.3	0	NA	NA	NA	NA
LN610574.1	8	3812	4039	1	61.8	0	NA	NA	NA	NA
LN610574.1	9	4036	4221	1	60.2	0	NA	NA	NA	NA
LN610574.1	10	4218	4397	1	61.7	0	NA	NA	NA	NA
LN610574.1	11	4397	4684	1	60.1	1	vog	VOG04724	1.8e-38	128.2
LN610574.1	12	4681	4917	1	59.9	1	vog	VOG13249	5.4e-43	142.5
LN610574.1	13	4933	5226	1	65.3	1	vog	VOG04724	1.2e-37	125.6
LN610574.1	14	5305	5724	1	63.8	1	vpfs	YP_001522858@NC_009936	1.5e-09	35.8
LN610574.1	15	5793	6152	1	64.4	0	NA	NA	NA	NA
LN610574.1	16	6155	7093	1	63.5	0	NA	NA	NA	NA
LN610574.1	17	7355	7897	1	63.7	1	vog	VOG02965	2.4e-44	148.4
LN610574.1	18	7887	8015	1	59.7	0	NA	NA	NA	NA
LN610574.1	19	8083	8907	1	59.9	1	vog	VOG01504	5e-71	236.8
LN610574.1	20	8876	10144	1	61.8	1	vog	VOG00668	1.9e-54	182.9
LN610574.1	21	10134	10751	1	62.9	1	vog	VOG12847	8.8e-46	153.8
LN610574.1	22	10751	11698	1	63.0	0	NA	NA	NA	NA
LN610574.1	23	11695	11979	1	56.5	0	NA	NA	NA	NA
LN610574.1	24	12079	12297	1	55.3	0	NA	NA	NA	NA
LN610574.1	25	12294	14720	1	61.6	0	NA	NA	NA	NA
LN610574.1	26	14776	15825	1	63.5	1	vog	VOG03139	1.5e-85	284.9
LN610574.1	27	15825	16766	1	62.1	1	vog	VOG02664	1.4e-70	236.6
LN610574.1	28	16756	17196	1	61.2	1	pfam_a	Endonuclease_7	3.3e-16	56.7
LN610574.1	29	17193	18239	1	61.4	1	vog	VOG00921	1.7e-113	376.1
LN610574.1	30	18249	18617	1	62.9	1	vog	VOG01421	2.2e-23	80.6
LN610574.1	31	18614	18985	1	62.1	1	vpfs	YP_008873143@NC_023005	8.9e-27	90.5
LN610574.1	32	18994	21444	1	62.3	1	vog	VOG01742	9e-229	759.3
LN610574.1	33	21605	21856	1	58.3	1	vog	VOG00550	3.1e-22	75.5
LN610574.1	34	21856	22329	1	59.5	1	vpfs	YP_001522880@NC_009936	1.9e-63	210.3
LN610574.1	35	22274	22570	1	61.3	1	vog	VOG04965	5.6e-08	31.0
LN610574.1	36	22582	24114	1	62.2	1	vog	VOG02580	2.5e-163	541.8
LN610574.1	37	24118	25086	1	66.3	1	vog	VOG13255	2.2e-73	245.1
LN610574.1	38	25139	26146	1	63.0	1	vog	VOG00976	8.3e-66	220.3
LN610574.1	39	26243	26797	1	61.8	1	vog	VOG01464	2.7e-50	168.6
LN610574.1	40	26800	29280	1	62.8	1	vpfs	YP_001522886@NC_009936	2.2e-235	781.2
LN610574.1	41	29280	29825	1	64.8	1	vpfs	YP_003345498@NC_013638	1.9e-69	231.2
LN610574.1	42	29825	32521	1	62.9	1	vog	VOG00769	4.2e-162	539.6
LN610574.1	43	32525	36538	1	64.9	1	vog	VOG00459	1.5e-197	656.9
LN610574.1	44	36540	37295	1	61.2	1	vpfs	NP_570390@NC_003390	2.5e-22	76.4
LN610574.1	45	37295	37753	1	58.2	0	NA	NA	NA	NA
LN610574.1	46	37746	38654	1	60.3	1	vog	VOG00352	5.8e-82	272.9
LN610574.1	47	38658	39263	1	59.1	1	vpfs	YP_008859429@NC_022987	1.6e-62	209.3
LN610574.1	48	39263	39568	1	59.2	1	vog	VOG00951	3.2e-25	85.9
LN610574.1	49	39578	41383	1	61.7	1	vpfs	AGG91343@HQ317389	1.4e-232	770.9
LN610574.1	50	41380	41580	1	63.7	0	NA	NA	NA	NA
LN610574.1	51	41577	42059	1	61.9	1	ko	K01185	1e-32	111.6
LN610574.1	52	42017	42346	1	65.8	1	vog	VOG00340	1.1e-17	62.0
LN610574.1	53	42437	42850	1	65.2	1	vog	VOG01962	8.7e-10	37.2
LN610574.1	54	42869	43063	1	62.6	0	NA	NA	NA	NA
LN610582.1	1	988	1419	1	51.9	1	vog	VOG00143	1e-36	124.7
LN610582.1	2	1409	1750	1	52.9	1	vog	VOG00143	4.3e-28	96.4
LN610582.1	3	1740	2114	1	55.2	1	vog	VOG00143	3.6e-36	122.9
LN610582.1	4	2101	2463	1	53.7	1	vog	VOG00143	1.4e-33	114.4
LN610582.1	5	2450	2794	1	47.5	1	vog	VOG00143	2.6e-34	116.8
LN610582.1	6	2791	3693	1	56.1	1	vog	VOG00368	5.6e-54	181.0
LN610582.1	7	3690	4043	1	57.6	1	vog	VOG00143	2.4e-21	74.3
LN610582.1	8	4043	4723	1	54.6	1	vog	VOG00143	6.8e-57	190.8
LN610582.1	9	4733	5080	1	54.9	1	vog	VOG04481	5.7e-12	43.0
LN610582.1	10	5073	5297	1	47.6	1	vpfs	YP_008856998@NC_022966	7.5e-36	121.5
LN610582.1	11	5284	5598	1	52.4	1	vog	VOG01151	7.2e-29	98.1
LN610582.1	12	5636	5824	1	50.8	1	vog	VOG17259	4.2e-41	136.7
LN610582.1	13	5919	6308	1	52.6	1	vog	VOG23475	5.6e-08	29.7
LN610582.1	14	6305	7438	1	58.7	1	vog	VOG00192	3.4e-69	232.3
LN610582.1	15	7438	7599	1	51.9	1	vog	VOG01854	2.4e-21	73.6
LN610582.1	16	7728	8267	1	54.3	1	vog	VOG00368	2.4e-46	156.0
LN610582.1	17	8260	8589	1	52.7	1	pfam_b	Pfam-B_2504	3.2e-63	212.5
LN610582.1	18	8582	8776	1	50.8	0	NA	NA	NA	NA
LN610582.1	19	8773	9249	1	56.2	1	vpfs	YP_008857768@NC_022970	2.1e-100	330.8
LN610582.1	20	9230	9730	1	55.5	1	vog	VOG14543	2.5e-67	223.3
LN610582.1	21	9813	10070	1	45.3	1	vpfs	YP_008857009@NC_022966	1.8e-48	160.6
LN610582.1	22	10054	10203	1	48.7	1	vog	VOG15739	2.4e-32	108.4
LN610582.1	23	10200	10409	1	46.2	1	vpfs	YP_005098106@NC_016763	8.1e-33	110.9
LN610582.1	24	10403	10702	1	48.7	1	vpfs	YP_007002061@NC_019446	5.2e-14	47.9
LN610582.1	25	11275	11553	-1	51.6	0	NA	NA	NA	NA
LN610582.1	26	11550	11729	-1	51.7	-1	ko	K02458	1.5e-07	29.6
LN610582.1	27	11726	12301	-1	55.7	0	NA	NA	NA	NA
LN610582.1	28	12303	12530	-1	49.6	0	NA	NA	NA	NA
LN610582.1	29	12527	12862	-1	50.3	0	NA	NA	NA	NA
LN610582.1	30	12853	13281	-1	54.8	1	vog	VOG00260	7.7e-37	124.6
LN610582.1	31	13278	13484	-1	56.0	0	NA	NA	NA	NA
LN610582.1	32	13671	13949	-1	50.5	0	NA	NA	NA	NA
LN610582.1	33	13946	15508	-1	56.8	1	vog	VOG09581	3.5e-161	535.3
LN610582.1	34	15486	15971	-1	52.9	1	vpfs	YP_008869206@NC_015294	5.5e-66	218.8
LN610582.1	35	15926	16528	-1	53.9	1	vpfs	YP_004009690@NC_014661	2e-52	176.0
LN610582.1	36	16525	16773	-1	47.0	0	NA	NA	NA	NA
LN610582.1	37	16783	17346	-1	52.3	1	vog	VOG09569	1.4e-46	155.9
LN610582.1	38	17399	17899	-1	53.3	1	vog	VOG00332	1.4e-36	123.0
LN610582.1	39	17959	19230	-1	53.5	1	vog	VOG00074	9.3e-80	266.6
LN610582.1	40	19243	19515	-1	50.2	1	vog	VOG14983	4.8e-50	165.3
LN610582.1	41	19518	19907	-1	54.9	0	NA	NA	NA	NA
LN610582.1	42	19931	20368	-1	51.6	1	vog	VOG00663	1.9e-62	208.7
LN610582.1	43	20377	20643	-1	54.7	1	vpfs	YP_008857032@NC_022966	1.4e-50	168.0
LN610582.1	44	20754	21152	-1	55.6	1	vog	VOG14988	1.6e-43	145.3
LN610582.1	45	21149	21685	-1	54.7	1	vog	VOG14989	1.2e-57	192.4
LN610582.1	46	22164	22520	1	56.0	1	vog	VOG04689	8.9e-44	145.8
LN610582.1	47	22522	22770	1	55.0	0	NA	NA	NA	NA
LN610582.1	48	22975	23277	1	49.8	0	NA	NA	NA	NA
LN610582.1	49	24157	24975	1	52.4	1	vog	VOG17274	3e-158	522.7
LN610582.1	50	25048	25473	1	57.7	1	vpfs	YP_008239722@NC_021777	9.7e-44	146.8
LN610582.1	51	25555	26973	1	53.4	1	vog	VOG00629	4.2e-48	161.9
LN610582.1	52	26983	28476	1	54.4	1	vpfs	YP_001552335@NC_009993	6.8e-84	279.9
LN610582.1	53	28478	28894	1	58.5	1	pfam_a	Peptidase_S78_2	4.1e-20	69.7
LN610582.1	54	28887	29774	1	55.1	1	vog	VOG02017	9e-73	243.8
LN610582.1	55	29791	30165	1	60.0	1	vog	VOG03969	1.5e-62	207.0
LN610582.1	56	30176	31231	1	57.1	1	vpfs	YP_002003562@NC_011041	9.3e-124	410.5
LN610582.1	57	31285	31770	1	53.3	1	vpfs	3300001798@JGI24126J20157_1000008@JGI24126J20157_100000859	3.3e-74	245.7
LN610582.1	58	31748	32215	1	55.3	1	vpfs	3300001403@JGI20205J14842_1000001@JGI20205J14842_10000018	4.4e-24	82.5
LN610582.1	59	32215	32586	1	57.3	1	vpfs	YP_004327202@NC_015294	4.1e-72	237.7
LN610582.1	60	32586	33206	1	52.8	1	vpfs	YP_004327203@NC_015294	7.6e-123	405.5
LN610582.1	61	33209	34531	1	58.4	1	vog	VOG00919	4.6e-121	402.2
LN610582.1	62	34542	35063	1	57.9	1	vog	VOG01961	3.2e-45	151.3
LN610582.1	63	35116	35619	1	56.2	1	vog	VOG01961	1.1e-48	162.6
LN610582.1	64	35619	36122	1	53.2	1	vog	VOG01961	3.8e-34	115.4
LN610582.1	65	36136	36522	1	53.5	1	vog	VOG00132	2.7e-32	109.8
LN610582.1	66	36543	36764	1	56.3	1	vog	VOG03319	5.2e-33	110.4
LN610582.1	67	36754	39090	1	56.4	1	vog	VOG00497	9.8e-23	77.8
LN610582.1	68	39087	39854	1	55.5	1	vog	VOG00558	9.5e-40	134.7
LN610582.1	69	39854	40219	1	50.8	1	vog	VOG00124	5.7e-24	82.3
LN610582.1	70	40220	41101	1	54.2	1	vog	VOG00640	4.3e-74	247.5
LN610582.1	71	41098	41856	1	56.1	1	vog	VOG00639	6.6e-65	216.9
LN610582.1	72	41863	42228	1	52.2	1	vpfs	YP_004327326@NC_015295	2e-24	84.2
LN610582.1	73	42229	43695	1	54.6	1	vog	VOG00647	4.5e-85	284.0
LN610582.1	74	43697	44461	1	53.5	1	vpfs	YP_001595464@NC_010106	2.7e-11	41.1
LN610582.1	75	44472	46535	1	53.5	1	vpfs	3300001683@GBIDBA_10000548@GBIDBA_1000054816	1.3e-96	322.0
LN610582.1	76	46580	46954	1	48.3	1	vog	VOG01002	1.3e-42	143.0
LN610582.1	77	46964	48457	1	57.6	1	vog	VOG11005	5.4e-196	650.3
LN610582.1	78	48459	49022	1	55.1	1	vog	VOG00913	1.2e-82	274.7
LN610582.1	79	49003	49269	1	55.8	0	NA	NA	NA	NA
LN610582.1	80	49266	49682	1	56.4	1	vog	VOG01798	1.1e-53	178.6
LN610582.1	81	49832	50131	1	53.7	1	vpfs	YP_008856909@NC_022966	2.3e-51	169.6
LN610582.1	82	50147	50434	1	54.2	1	vog	VOG02255	5.4e-36	120.6
LN610582.1	83	50543	50962	1	53.1	0	NA	NA	NA	NA
LN610582.1	84	50986	51198	1	52.6	0	NA	NA	NA	NA
LN610582.1	85	51345	51572	1	53.1	0	NA	NA	NA	NA
LN610582.1	86	51578	51799	1	49.1	0	NA	NA	NA	NA
LN610582.1	87	51802	52002	1	49.8	0	NA	NA	NA	NA
LN610582.1	88	52013	52279	1	56.9	1	vog	VOG01207	1e-31	107.2
LN610582.1	89	52276	52644	1	55.8	0	NA	NA	NA	NA
LN610582.1	90	52654	53505	1	57.9	1	vog	VOG00372	4.7e-68	227.8
LN610582.1	91	53553	53849	1	54.2	0	NA	NA	NA	NA
LN610582.1	92	53851	54222	1	54.0	1	vog	VOG04920	5e-50	167.4
LN610582.1	93	54215	55435	1	54.3	1	vog	VOG00320	1.1e-77	259.2
LN610582.1	94	55445	55630	1	52.2	0	NA	NA	NA	NA
LN610582.1	95	55671	56066	1	54.0	0	NA	NA	NA	NA
LN610582.1	96	56053	56589	1	53.4	0	NA	NA	NA	NA
LN610582.1	97	56589	56855	1	55.1	0	NA	NA	NA	NA
LN610582.1	98	56904	58856	1	56.2	1	ko	K21502	1.3e-87	292.3
LN610582.1	99	58877	61534	1	56.7	1	ko	K21238	1e-56	190.1
LN610582.1	100	61551	61757	1	54.6	0	NA	NA	NA	NA
LN610582.1	101	61904	62089	1	51.6	0	NA	NA	NA	NA
LN610582.1	102	62157	63050	1	60.0	1	vog	VOG02011	1.4e-60	203.3
LN610582.1	103	63109	63303	1	51.3	1	vog	VOG17289	8.5e-48	158.1
LN610582.1	104	63304	63579	1	51.4	1	vpfs	YP_008856932@NC_022966	5e-56	184.7
LN610582.1	105	63591	63857	1	55.4	1	vog	VOG16784	3.5e-37	124.3
LN610582.1	106	63857	64945	1	55.4	1	vog	VOG02664	3.6e-50	169.2
LN610582.1	107	64933	65094	1	57.4	1	vog	VOG00527	7e-16	55.6
LN610582.1	108	65094	65267	1	55.2	0	NA	NA	NA	NA
LN610582.1	109	65264	65827	1	55.7	1	vpfs	YP_007004704@NC_019504	1.3e-47	159.9
LN610582.1	110	65824	66039	1	55.6	0	NA	NA	NA	NA
LN610582.1	111	66049	66966	1	55.8	1	vog	VOG00921	6.2e-101	334.9
LN610582.1	112	67020	67244	1	55.6	0	NA	NA	NA	NA
LN610582.1	113	67241	67654	1	53.6	1	vog	VOG03397	1.5e-46	156.4
LN610582.1	114	67658	68557	1	56.0	1	pfam_b	Pfam-B_7294	3.9e-22	76.6
LN610582.1	115	68561	68935	1	57.1	1	vog	VOG03581	1.6e-43	145.0
LN610582.1	116	68928	70784	1	57.4	0	NA	NA	NA	NA
LN610582.1	117	70794	71159	1	53.3	0	NA	NA	NA	NA
LN610582.1	118	71201	72220	1	55.7	0	NA	NA	NA	NA
LN610582.1	119	72281	72763	1	50.1	1	vog	VOG00539	5.1e-31	105.7
LN610582.1	120	72753	73016	1	51.9	0	NA	NA	NA	NA
LN610582.1	121	73009	73239	1	57.6	1	vog	VOG00159	3.2e-13	47.3
LN610582.1	122	73241	73474	1	56.0	1	vpfs	YP_008856950@NC_022966	2.9e-48	159.8
LN610582.1	123	73526	74080	1	54.2	1	vpfs	YP_007392516@NC_020201	7.2e-77	254.5
LN610582.1	124	74061	74234	1	50.6	1	vog	VOG01634	3.1e-29	98.1
LN610582.1	125	74244	74564	1	54.2	1	vog	VOG17297	9.4e-73	239.0
LN610582.1	126	74564	74731	1	50.0	0	NA	NA	NA	NA
LN610582.1	127	74784	75281	1	53.8	0	NA	NA	NA	NA
LN610582.1	128	75278	75757	1	55.2	0	NA	NA	NA	NA
LN610582.1	129	75929	76141	1	57.7	0	NA	NA	NA	NA
LN610582.1	130	76655	76954	1	55.3	1	vog	VOG15013	5.1e-58	190.7
LN610582.1	131	76971	77114	1	47.2	1	vog	VOG01090	7.5e-17	59.0
LN610582.1	132	77114	77347	1	54.7	1	vog	VOG03887	2.1e-47	156.8
LN610582.1	133	77406	77609	1	57.8	1	vog	VOG00398	7.3e-15	52.8
LN610582.1	134	77685	78233	1	55.2	1	pfam_b	Pfam-B_11258	3.1e-10	38.5
LN610582.1	135	78315	78416	1	49.0	0	NA	NA	NA	NA
LN610582.1	136	78421	78714	1	50.3	1	vog	VOG01567	5.4e-32	108.3
LN610582.1	137	78781	79170	1	57.9	0	NA	NA	NA	NA
LN610582.1	138	79195	79308	1	52.6	0	NA	NA	NA	NA
LN610582.1	139	79409	79543	1	51.1	0	NA	NA	NA	NA
LN610582.1	140	79528	79920	1	57.0	1	vog	VOG15015	3e-58	193.1
LN610582.1	141	80009	80272	1	51.1	0	NA	NA	NA	NA
LN610582.1	142	80272	80508	1	54.0	1	vog	VOG15021	1e-28	97.3
LN610582.1	143	80510	80788	1	55.6	1	vpfs	YP_008856969@NC_022966	1.5e-30	104.2
LN610582.1	144	80912	81043	1	51.5	0	NA	NA	NA	NA
LN610582.1	145	81261	81788	1	52.7	0	NA	NA	NA	NA
LN610582.1	146	81885	82400	1	53.5	1	vog	VOG01061	1.4e-60	202.2
LN610582.1	147	82666	82836	1	45.6	1	vog	VOG15026	3.1e-38	127.5
LN610582.1	148	83022	83132	1	60.4	1	vog	VOG15741	1.7e-24	83.0
LN610582.1	149	83228	83446	1	51.6	0	NA	NA	NA	NA
LN610582.1	150	83436	83654	1	54.8	1	vog	VOG13493	1.5e-31	105.7
LN610575.1	1	343	936	1	48.5	1	vog	VOG00062	1.2e-25	88.2
LN610575.1	2	1449	1694	-1	48.8	1	vog	VOG04481	7e-37	122.9
LN610575.1	3	1687	2097	-1	49.6	1	vog	VOG14971	2.1e-86	284.3
LN610575.1	4	2087	2503	-1	46.5	1	vog	VOG14972	2.2e-95	313.6
LN610575.1	5	2526	3233	-1	49.6	1	vog	VOG14973	1.2e-139	461.0
LN610575.1	6	3502	3813	-1	45.8	1	vog	VOG14975	1.3e-67	222.7
LN610575.1	7	3813	4175	-1	49.9	1	vog	VOG01151	1.5e-34	116.4
LN610575.1	8	4165	4458	-1	41.5	1	vog	VOG01151	4.6e-34	114.8
LN610575.1	9	4514	4729	-1	46.3	1	vog	VOG14976	4.5e-49	162.9
LN610575.1	10	4726	5067	-1	50.9	1	vog	VOG14977	1.5e-79	261.2
LN610575.1	11	5069	5572	-1	49.4	1	vpfs	YP_008869206@NC_015294	3.5e-75	248.6
LN610575.1	12	5559	5936	-1	49.2	1	vpfs	YP_004327156@NC_015294	2e-87	287.2
LN610575.1	13	5956	6537	-1	52.6	1	vpfs	YP_004009690@NC_014661	1.6e-48	163.1
LN610575.1	14	6534	6845	-1	44.6	1	vog	VOG15743	2.5e-53	176.5
LN610575.1	15	6847	6996	-1	48.7	1	vpfs	YP_004327159@NC_015294	6.3e-30	100.6
LN610575.1	16	7008	7487	-1	51.7	1	vog	VOG00289	4.8e-51	171.4
LN610575.1	17	7484	7681	-1	39.4	1	vog	VOG14980	1.6e-44	147.5
LN610575.1	18	7692	9380	-1	50.9	1	vog	VOG00752	1.9e-194	644.5
LN610575.1	19	9437	9655	-1	45.2	1	vog	VOG03501	1.9e-50	166.4
LN610575.1	20	9652	10527	-1	48.6	1	vog	VOG09591	2.3e-92	306.7
LN610575.1	21	10537	10953	-1	49.6	1	ko	K01121	6.3e-28	95.3
LN610575.1	22	10964	11881	-1	46.9	1	vog	VOG01388	5.1e-68	227.6
LN610575.1	23	11893	12300	-1	47.1	1	vog	VOG03582	2.6e-35	119.5
LN610575.1	24	12297	12572	-1	44.9	0	NA	NA	NA	NA
LN610575.1	25	12574	12831	-1	43.4	1	vog	VOG15745	7.4e-37	123.0
LN610575.1	26	12812	13378	-1	47.4	1	vog	VOG02513	3.3e-54	181.4
LN610575.1	27	13378	13809	-1	47.2	1	vog	VOG14981	2.4e-98	323.5
LN610575.1	28	13799	14359	-1	48.8	0	NA	NA	NA	NA
LN610575.1	29	14361	14921	-1	49.9	1	vog	VOG09569	2.3e-47	158.5
LN610575.1	30	14986	15447	-1	51.3	1	vog	VOG00332	3.9e-36	121.6
LN610575.1	31	15460	16668	-1	48.9	1	rvdb	FAM001274	6.2e-39	131.4
LN610575.1	32	16665	17081	-1	50.6	0	NA	NA	NA	NA
LN610575.1	33	17084	17320	-1	51.5	1	vog	VOG14982	1.9e-55	182.8
LN610575.1	34	17330	17542	-1	51.2	1	vog	VOG00159	3.5e-16	57.0
LN610575.1	35	17539	17808	-1	48.5	1	vog	VOG14983	7.8e-53	174.3
LN610575.1	36	17817	18476	-1	45.5	1	vog	VOG00100	2.6e-35	119.8
LN610575.1	37	18478	18825	-1	50.3	1	vpfs	YP_008857032@NC_022966	5.2e-71	233.8
LN610575.1	38	18806	19084	-1	48.7	1	vog	VOG14985	5.7e-60	197.5
LN610575.1	39	19081	19359	-1	49.1	1	vog	VOG14986	3.9e-65	213.5
LN610575.1	40	19394	19579	-1	54.3	1	vog	VOG15746	3.2e-49	162.5
LN610575.1	41	19580	19873	-1	54.1	1	vog	VOG01488	3.6e-31	106.0
LN610575.1	42	19870	20055	-1	46.8	1	vog	VOG14987	2.8e-47	156.0
LN610575.1	43	20116	20664	-1	48.1	0	NA	NA	NA	NA
LN610575.1	44	20712	21068	-1	50.1	1	vog	VOG14988	5.8e-51	169.2
LN610575.1	45	21065	21532	-1	47.6	1	vog	VOG14989	6.9e-59	196.4
LN610575.1	46	22005	22193	1	47.1	1	vog	VOG01344	3.2e-26	89.0
LN610575.1	47	22336	22659	1	43.8	1	vog	VOG04689	2.4e-48	160.5
LN610575.1	48	24703	25101	-1	50.1	0	NA	NA	NA	NA
LN610575.1	49	25306	26826	1	47.2	1	vog	VOG00629	2.2e-53	179.4
LN610575.1	50	26839	28278	1	47.5	1	vpfs	YP_001552335@NC_009993	6.7e-92	306.3
LN610575.1	51	28288	28758	1	49.7	1	pfam_a	Peptidase_S78_2	1.2e-22	78.0
LN610575.1	52	28755	29672	1	48.4	1	vog	VOG02017	1.7e-81	272.5
LN610575.1	53	29700	30110	1	50.1	1	vog	VOG03969	9.8e-64	210.8
LN610575.1	54	30155	31189	1	53.0	1	vpfs	YP_002003562@NC_011041	8.5e-128	423.8
LN610575.1	55	31240	31716	1	47.6	1	vpfs	3300001798@JGI24126J20157_1000008@JGI24126J20157_100000859	2e-68	226.9
LN610575.1	56	31688	32167	1	47.1	1	vpfs	3300001403@JGI20205J14842_1000001@JGI20205J14842_10000018	4.3e-32	108.5
LN610575.1	57	32167	32547	1	46.7	1	vpfs	YP_004327202@NC_015294	7.1e-76	249.9
LN610575.1	58	32544	33107	1	45.2	1	vpfs	YP_004327203@NC_015294	5.1e-104	344.0
LN610575.1	59	33120	34406	1	51.2	1	vog	VOG00919	4e-129	428.8
LN610575.1	60	34437	34961	1	50.3	1	vog	VOG01961	2.7e-47	158.1
LN610575.1	61	35036	35536	1	49.1	1	vog	VOG01961	7.5e-47	156.6
LN610575.1	62	35536	36015	1	48.1	1	vog	VOG01961	5.4e-40	134.4
LN610575.1	63	36029	36400	1	47.3	1	vog	VOG00132	7.9e-29	98.5
LN610575.1	64	36508	36660	1	44.4	1	vog	VOG03319	6.3e-23	78.1
LN610575.1	65	36657	39023	1	50.8	1	vog	VOG00497	1.2e-25	87.5
LN610575.1	66	39020	39781	1	46.5	1	vog	VOG00558	1.8e-39	133.7
LN610575.1	67	39787	40143	1	46.5	1	vog	VOG00124	6.5e-26	88.6
LN610575.1	68	40140	41057	1	46.6	1	vog	VOG00640	2.9e-80	267.8
LN610575.1	69	41054	41794	1	49.1	1	vog	VOG00639	2.1e-56	189.0
LN610575.1	70	41805	42176	1	46.2	1	vpfs	YP_004327326@NC_015295	1.4e-28	97.7
LN610575.1	71	42178	43641	1	49.2	1	vog	VOG00647	6.7e-85	283.4
LN610575.1	72	43660	44412	1	50.2	1	vpfs	YP_001595464@NC_010106	2.4e-10	38.0
LN610575.1	73	44423	46438	1	51.5	1	vpfs	3300001683@GBIDBA_10000548@GBIDBA_1000054816	1.9e-285	945.5
LN610575.1	74	46475	46852	1	47.1	1	vog	VOG01002	8.1e-43	143.6
LN610575.1	75	46864	48363	1	51.8	1	vog	VOG11005	2.7e-190	631.5
LN610575.1	76	48380	48940	1	47.4	1	vog	VOG00913	3.7e-88	292.8
LN610575.1	77	48958	49197	1	47.9	1	vog	VOG14990	4.8e-39	130.1
LN610575.1	78	49184	49627	1	51.1	1	vog	VOG01798	1.9e-56	187.7
LN610575.1	79	49759	50064	1	40.8	1	vpfs	YP_008856909@NC_022966	2.3e-54	179.2
LN610575.1	80	50462	50770	-1	48.9	1	vpfs	YP_008857074@NC_022967	1.8e-58	192.7
LN610575.1	81	50782	51102	-1	45.8	1	vog	VOG14992	1.8e-74	244.8
LN610575.1	82	51104	51913	-1	49.3	1	vog	VOG01403	4.8e-149	492.8
LN610575.1	83	51906	52064	-1	47.2	1	vog	VOG15732	4e-30	101.1
LN610575.1	84	52067	53203	-1	48.9	1	vog	VOG00320	3.3e-92	307.2
LN610575.1	85	53251	53484	-1	47.0	1	vog	VOG01207	2.4e-38	128.4
LN610575.1	86	53880	54191	1	47.4	1	vog	VOG00499	2.2e-34	116.8
LN610575.1	87	54194	54391	1	53.5	1	vpfs	3300001866@JGI24729J20445_1000091@JGI24729J20445_100009143	6.4e-10	36.5
LN610575.1	88	54394	54879	1	52.3	1	vog	VOG04117	1.2e-61	204.3
LN610575.1	89	54902	55156	1	52.2	1	vpfs	YP_004327234@NC_015294	1.4e-41	138.1
LN610575.1	90	55158	55547	1	48.5	1	vpfs	YP_001671792@NC_010324	1.3e-36	122.8
LN610575.1	91	55544	56200	1	49.3	1	vog	VOG14993	2.4e-127	420.9
LN610575.1	92	56187	56351	1	41.8	1	vog	VOG14994	1e-42	141.8
LN610575.1	93	56354	56656	1	48.5	1	vpfs	YP_007007869@NC_019529	1.8e-57	189.3
LN610575.1	94	56657	57079	1	49.4	1	vog	VOG02508	1.6e-68	226.8
LN610575.1	95	57197	57325	1	41.9	1	vog	VOG03630	6.6e-28	94.0
LN610575.1	96	57312	57503	1	50.0	1	vog	VOG15734	3.5e-48	159.1
LN610575.1	97	57513	57758	1	52.8	1	vog	VOG14995	8.7e-61	199.8
LN610575.1	98	57755	57940	1	51.1	1	vog	VOG14996	3.6e-49	162.2
LN610575.1	99	57994	59856	1	51.2	1	vog	VOG00974	2.6e-96	321.9
LN610575.1	100	59917	62631	1	50.7	1	ko	K21238	1.4e-45	153.3
LN610575.1	101	62721	63119	1	52.4	1	vog	VOG00255	3.1e-36	122.1
LN610575.1	102	63148	63315	1	45.8	1	vog	VOG14997	3.1e-44	146.9
LN610575.1	103	63317	64027	1	51.8	1	vog	VOG03330	9e-144	474.7
LN610575.1	104	64129	65133	1	52.2	1	vpfs	YP_004327248@NC_015294	7e-151	500.3
LN610575.1	105	65214	65465	1	45.6	1	vog	VOG00697	1.4e-21	74.0
LN610575.1	106	65475	65696	1	44.1	1	vog	VOG14998	4e-51	168.5
LN610575.1	107	65738	66790	1	49.9	1	vog	VOG02664	4.8e-59	198.5
LN610575.1	108	66787	67350	1	49.6	1	vpfs	YP_007004704@NC_019504	9.1e-50	167.0
LN610575.1	109	67347	67745	1	48.4	1	vpfs	YP_008857104@NC_022967	8.4e-88	289.0
LN610575.1	110	67742	67972	1	46.3	1	vog	VOG15735	4e-49	162.5
LN610575.1	111	67969	68406	1	45.7	1	vog	VOG01700	2.6e-40	134.9
LN610575.1	112	68403	68573	1	42.7	1	vog	VOG10909	9.2e-25	83.8
LN610575.1	113	68575	68757	1	45.4	1	vog	VOG15736	3.9e-41	136.4
LN610575.1	114	68754	69533	1	50.4	1	vog	VOG01457	3.9e-54	182.1
LN610575.1	115	69530	69712	1	45.4	1	vog	VOG14999	7.6e-47	155.1
LN610575.1	116	69724	69933	1	45.7	1	vog	VOG15737	3.5e-46	152.9
LN610575.1	117	69952	70287	1	52.4	1	vog	VOG15000	6.8e-77	252.5
LN610575.1	118	70291	70503	1	47.4	1	vog	VOG15001	6.4e-51	168.1
LN610575.1	119	70496	71446	1	48.9	1	vog	VOG03397	7.2e-36	121.5
LN610575.1	120	71506	71598	1	47.3	1	vog	VOG15738	3.1e-25	85.2
LN610575.1	121	71653	72618	1	49.1	1	pfam_b	Pfam-B_7294	2.3e-17	60.9
LN610575.1	122	72620	72964	1	47.8	1	vog	VOG03581	4.6e-46	153.2
LN610575.1	123	72981	74027	1	47.4	0	NA	NA	NA	NA
LN610575.1	124	74020	75765	1	51.0	0	NA	NA	NA	NA
LN610575.1	125	75840	75986	1	47.6	1	vog	VOG15739	5.9e-34	113.5
LN610575.1	126	75983	76210	1	46.9	1	vog	VOG01488	2.9e-21	73.7
LN610575.1	127	76210	76443	1	45.3	1	vog	VOG15003	1.8e-52	172.9
LN610575.1	128	76443	76679	1	45.6	1	vog	VOG15004	6.4e-55	180.7
LN610575.1	129	76679	76993	1	47.3	1	vog	VOG15005	7.6e-75	245.4
LN610575.1	130	76983	77168	1	47.8	1	vog	VOG15006	1.2e-47	157.3
LN610575.1	131	77209	77457	1	48.6	1	vpfs	YP_008859297@NC_022986	8.2e-55	180.5
LN610575.1	132	77469	77954	1	49.6	1	vog	VOG15008	5e-100	329.9
LN610575.1	133	77964	78158	1	49.2	1	vog	VOG15009	2.5e-48	159.9
LN610575.1	134	78160	78399	1	51.2	1	vog	VOG15010	1.6e-37	125.0
LN610575.1	135	78462	78662	1	51.7	1	vog	VOG15011	5.8e-51	168.1
LN610575.1	136	78829	79815	1	48.6	1	vpfs	3300001685@JGI24024J18818_10000001@JGI24024J18818_1000000127	2.2e-18	64.5
LN610575.1	137	80039	80212	1	47.1	1	vog	VOG15012	6e-39	129.5
LN610575.1	138	80841	81314	1	51.9	1	vog	VOG02731	2.5e-47	159.8
LN610575.1	139	81404	81673	1	51.5	1	vog	VOG15013	6.8e-61	199.9
LN610575.1	140	81688	81831	1	48.6	1	vog	VOG01090	1e-18	65.0
LN610575.1	141	81831	82118	1	51.7	1	vog	VOG15014	5.3e-60	197.5
LN610575.1	142	82130	82363	1	52.1	1	vog	VOG03887	3.9e-49	162.4
LN610575.1	143	82434	82562	1	49.6	1	vog	VOG00398	5.4e-16	56.4
LN610575.1	144	82562	82870	1	52.1	1	vog	VOG00590	4.3e-20	69.5
LN610575.1	145	82944	83090	1	52.4	1	vog	VOG02932	2.5e-26	89.2
LN610575.1	146	83329	83712	1	52.3	1	vog	VOG15015	2.5e-71	235.3
LN610575.1	147	83788	84459	1	52.1	1	vog	VOG03542	1.5e-57	192.7
LN610575.1	148	84464	84802	1	50.7	1	vog	VOG15016	7.1e-61	201.2
LN610575.1	149	84802	85155	1	51.1	1	vpfs	YP_008869190@NC_015294	2e-78	258.0
LN610575.1	150	85418	85612	1	48.2	1	vog	VOG15018	8.1e-45	149.0
LN610575.1	151	85631	85939	1	43.4	1	vpfs	YP_004327290@NC_015294	2e-52	173.8
LN610575.1	152	85936	86160	1	54.7	1	vog	VOG15020	7.9e-55	181.0
LN610575.1	153	86193	86459	1	52.4	1	vog	VOG15021	3.5e-37	124.5
LN610575.1	154	86456	86848	1	53.4	1	vog	VOG15022	1.5e-87	287.8
LN610575.1	155	86963	87547	1	48.7	1	vpfs	YP_002922802@NC_012749	3.8e-87	288.3
LN610575.1	156	87619	87864	1	51.6	1	vpfs	CCM43691@HE983845	1.2e-55	183.1
LN610575.1	157	87942	88205	1	53.0	1	vpfs	YP_008859323@NC_022986	5.1e-53	175.9
LN610575.1	158	88242	88685	1	54.7	1	vog	VOG00539	9.5e-29	98.3
LN610575.1	159	88809	89336	1	55.1	1	vog	VOG15024	7.6e-57	188.3
LN610575.1	160	89405	89617	1	50.7	1	vog	VOG15025	4.4e-52	171.9
LN610575.1	161	89645	89815	1	48.0	1	vog	VOG15026	2.2e-40	134.4
LN610575.1	162	89870	90322	1	46.8	1	vpfs	YP_008859329@NC_022986	1.5e-80	266.2
LN610575.1	163	90337	90567	1	47.2	1	vpfs	CCM43698@HE983845	1.8e-45	150.5
LN610575.1	164	90564	90854	1	51.5	1	vog	VOG15028	5.9e-55	181.2
LN610575.1	165	90950	91216	1	54.3	0	NA	NA	NA	NA
LN610575.1	166	91316	91510	1	46.2	1	vpfs	YP_008857161@NC_022967	3.3e-41	137.2
LN610575.1	167	91561	91698	1	48.6	0	NA	NA	NA	NA
LN610575.1	168	92682	93275	1	48.5	1	vog	VOG00062	1.2e-25	88.2
LN610586.1	1	343	936	1	48.7	1	vog	VOG00062	1.3e-25	88.1
LN610586.1	2	1444	1593	1	47.3	1	vog	VOG15742	3.8e-38	127.1
LN610586.1	3	1657	1923	-1	45.3	1	vog	VOG04481	5.6e-37	123.2
LN610586.1	4	1916	2326	-1	49.6	1	vog	VOG14971	2.1e-86	284.3
LN610586.1	5	2316	2732	-1	46.3	1	vog	VOG14972	2.2e-95	313.6
LN610586.1	6	2729	3133	-1	47.4	0	NA	NA	NA	NA
LN610586.1	7	3176	3838	-1	51.0	1	vog	VOG14973	2.5e-139	460.0
LN610586.1	8	4107	4418	-1	46.2	1	vog	VOG14975	1.6e-66	219.2
LN610586.1	9	4418	4780	-1	49.3	1	vog	VOG01151	1.1e-34	116.8
LN610586.1	10	4777	5061	-1	44.6	1	vog	VOG01151	2.5e-35	118.9
LN610586.1	11	5117	5332	-1	46.3	1	vog	VOG14976	1.4e-50	167.7
LN610586.1	12	5329	5670	-1	50.6	1	vog	VOG14977	1.5e-79	261.2
LN610586.1	13	5672	6175	-1	49.4	1	vpfs	YP_008869206@NC_015294	3.5e-75	248.6
LN610586.1	14	6162	6539	-1	48.9	1	vpfs	YP_004327156@NC_015294	2.7e-87	286.8
LN610586.1	15	6559	7140	-1	51.5	1	vpfs	YP_004009690@NC_014661	5.1e-48	161.5
LN610586.1	16	7137	7448	-1	44.2	1	vog	VOG15743	2.5e-53	176.5
LN610586.1	17	7450	7599	-1	48.7	1	vpfs	YP_004327159@NC_015294	6.3e-30	100.6
LN610586.1	18	7611	8090	-1	51.7	1	vog	VOG00289	4.8e-51	171.4
LN610586.1	19	8087	8284	-1	39.4	1	vog	VOG14980	1.6e-44	147.5
LN610586.1	20	8295	9983	-1	50.9	1	vog	VOG00752	1.9e-194	644.5
LN610586.1	21	10040	10258	-1	45.2	1	vog	VOG03501	1.9e-50	166.4
LN610586.1	22	10255	11130	-1	48.6	1	vog	VOG09591	2.3e-92	306.7
LN610586.1	23	11140	11556	-1	49.4	1	ko	K01121	6.3e-28	95.3
LN610586.1	24	11567	12484	-1	46.9	1	vog	VOG01388	5.1e-68	227.6
LN610586.1	25	12496	12903	-1	47.1	1	vog	VOG03582	2.6e-35	119.5
LN610586.1	26	12900	13175	-1	45.7	0	NA	NA	NA	NA
LN610586.1	27	13177	13413	-1	46.4	1	vog	VOG15745	1.3e-39	131.8
LN610586.1	28	13426	13980	-1	47.9	1	vog	VOG02513	3.3e-54	181.4
LN610586.1	29	13980	14411	-1	48.4	1	vog	VOG14981	1.4e-95	314.5
LN610586.1	30	14401	14961	-1	48.8	0	NA	NA	NA	NA
LN610586.1	31	14963	15523	-1	49.6	1	vog	VOG09569	3.4e-47	157.9
LN610586.1	32	15579	16046	-1	48.9	1	vog	VOG00332	6.6e-31	104.6
LN610586.1	33	16059	17267	-1	48.5	1	vog	VOG00074	7.8e-68	227.2
LN610586.1	34	17264	17680	-1	50.4	0	NA	NA	NA	NA
LN610586.1	35	17683	17919	-1	51.5	1	vog	VOG14982	1.9e-55	182.8
LN610586.1	36	17929	18141	-1	51.2	1	vog	VOG00159	3.5e-16	57.0
LN610586.1	37	18138	18407	-1	48.5	1	vog	VOG14983	7.8e-53	174.3
LN610586.1	38	18416	18766	-1	51.0	1	vpfs	YP_008857032@NC_022966	9.8e-74	242.5
LN610586.1	39	18747	19025	-1	48.7	1	vog	VOG14985	5.7e-60	197.5
LN610586.1	40	19022	19300	-1	49.1	1	vog	VOG14986	3.9e-65	213.5
LN610586.1	41	19335	19520	-1	54.3	1	vog	VOG15746	3.2e-49	162.5
LN610586.1	42	19521	19814	-1	54.1	1	vog	VOG01488	3.6e-31	106.0
LN610586.1	43	19811	19996	-1	46.8	1	vog	VOG14987	2.8e-47	156.0
LN610586.1	44	20057	20605	-1	48.3	0	NA	NA	NA	NA
LN610586.1	45	20653	21009	-1	50.4	1	vog	VOG14988	5.8e-51	169.2
LN610586.1	46	21006	21473	-1	47.2	1	vog	VOG14989	9.9e-59	195.9
LN610586.1	47	21946	22134	1	47.1	1	vog	VOG01344	3.2e-26	89.0
LN610586.1	48	22277	22600	1	43.8	1	vog	VOG04689	2.4e-48	160.5
LN610586.1	49	24644	25042	-1	51.4	0	NA	NA	NA	NA
LN610586.1	50	25247	26767	1	47.5	1	vog	VOG00629	2.2e-53	179.4
LN610586.1	51	26780	28219	1	47.5	1	vpfs	YP_001552335@NC_009993	6.7e-92	306.3
LN610586.1	52	28229	28699	1	49.7	1	pfam_a	Peptidase_S78_2	1.2e-22	78.0
LN610586.1	53	28696	29613	1	48.4	1	vog	VOG02017	1.7e-81	272.5
LN610586.1	54	29641	30051	1	50.1	1	vog	VOG03969	9.8e-64	210.8
LN610586.1	55	30096	31130	1	53.1	1	vpfs	YP_002003562@NC_011041	8.5e-128	423.8
LN610586.1	56	31181	31657	1	47.8	1	vpfs	3300001798@JGI24126J20157_1000008@JGI24126J20157_100000859	4.6e-69	229.0
LN610586.1	57	31629	32108	1	47.1	1	vpfs	3300001403@JGI20205J14842_1000001@JGI20205J14842_10000018	4.3e-32	108.5
LN610586.1	58	32108	32488	1	47.0	1	vpfs	YP_004327202@NC_015294	6.3e-76	250.1
LN610586.1	59	32485	33048	1	44.5	1	vpfs	YP_004327203@NC_015294	4.1e-103	341.1
LN610586.1	60	33061	34347	1	50.7	1	vog	VOG00919	2.7e-129	429.4
LN610586.1	61	34378	34902	1	50.3	1	vog	VOG01961	2.7e-47	158.1
LN610586.1	62	34977	35477	1	49.1	1	vog	VOG01961	7.5e-47	156.6
LN610586.1	63	35477	35956	1	48.1	1	vog	VOG01961	5.4e-40	134.4
LN610586.1	64	35970	36341	1	47.3	1	vog	VOG00132	7.9e-29	98.5
LN610586.1	65	36449	36601	1	44.4	1	vog	VOG03319	6.3e-23	78.1
LN610586.1	66	36598	38964	1	50.8	1	vog	VOG00497	1.2e-25	87.5
LN610586.1	67	38961	39722	1	46.6	1	vog	VOG00558	1.8e-39	133.7
LN610586.1	68	39728	40084	1	46.8	1	vog	VOG00124	6.5e-26	88.6
LN610586.1	69	40081	40998	1	46.1	1	vog	VOG00640	2.9e-80	267.8
LN610586.1	70	40995	41735	1	49.0	1	vog	VOG00639	2.1e-56	189.0
LN610586.1	71	41746	42117	1	45.7	1	vpfs	YP_004327326@NC_015295	1.4e-28	97.7
LN610586.1	72	42119	43582	1	49.3	1	vog	VOG00647	6.7e-85	283.4
LN610586.1	73	43601	44353	1	50.2	1	vpfs	YP_001595464@NC_010106	2.4e-10	38.0
LN610586.1	74	44364	46379	1	51.2	1	vpfs	3300001683@GBIDBA_10000548@GBIDBA_1000054816	2.2e-285	945.3
LN610586.1	75	46416	46793	1	47.4	1	vog	VOG01002	8.1e-43	143.6
LN610586.1	76	46805	48304	1	51.8	1	vog	VOG11005	2.7e-190	631.5
LN610586.1	77	48321	48881	1	47.4	1	vog	VOG00913	3.7e-88	292.8
LN610586.1	78	48899	49138	1	47.9	1	vog	VOG14990	4.8e-39	130.1
LN610586.1	79	49125	49568	1	51.1	1	vog	VOG01798	1.9e-56	187.7
LN610586.1	80	49700	50005	1	40.8	1	vpfs	YP_008856909@NC_022966	2.3e-54	179.2
LN610586.1	81	50403	50711	-1	48.5	1	vpfs	YP_008857074@NC_022967	1e-58	193.5
LN610586.1	82	50723	51043	-1	45.8	1	vog	VOG14992	1.8e-74	244.8
LN610586.1	83	51045	51854	-1	49.3	1	vog	VOG01403	4.8e-149	492.8
LN610586.1	84	51847	52005	-1	47.2	1	vog	VOG15732	4e-30	101.1
LN610586.1	85	52008	53144	-1	48.9	1	vog	VOG00320	3.3e-92	307.2
LN610586.1	86	53192	53425	-1	47.0	1	vog	VOG01207	2.4e-38	128.4
LN610586.1	87	53821	54132	1	47.4	1	vog	VOG00499	2.2e-34	116.8
LN610586.1	88	54135	54332	1	53.5	1	vpfs	3300001866@JGI24729J20445_1000091@JGI24729J20445_100009143	6.4e-10	36.5
LN610586.1	89	54335	54820	1	52.3	1	vog	VOG04117	1.2e-61	204.3
LN610586.1	90	54843	55097	1	52.2	1	vpfs	YP_004327234@NC_015294	1.4e-41	138.1
LN610586.1	91	55099	55488	1	48.5	1	vpfs	YP_001671792@NC_010324	1.3e-36	122.8
LN610586.1	92	55485	56141	1	49.3	1	vog	VOG14993	2.4e-127	420.9
LN610586.1	93	56128	56292	1	41.8	1	vog	VOG14994	1e-42	141.8
LN610586.1	94	56295	56597	1	48.5	1	vpfs	YP_007007869@NC_019529	1.8e-57	189.3
LN610586.1	95	56598	57020	1	49.2	1	vog	VOG02508	9e-69	227.6
LN610586.1	96	57138	57266	1	41.9	1	vog	VOG03630	6.6e-28	94.0
LN610586.1	97	57253	57444	1	50.0	1	vog	VOG15734	3.5e-48	159.1
LN610586.1	98	57454	57699	1	52.8	1	vog	VOG14995	8.7e-61	199.8
LN610586.1	99	57696	57881	1	51.1	1	vog	VOG14996	3.6e-49	162.2
LN610586.1	100	57935	59797	1	51.3	1	vog	VOG00974	2.6e-96	321.9
LN610586.1	101	59858	62572	1	50.8	1	ko	K21238	7.2e-46	154.3
LN610586.1	102	62662	63060	1	52.4	1	vog	VOG00255	3.1e-36	122.1
LN610586.1	103	63089	63256	1	45.8	1	vog	VOG14997	3.1e-44	146.9
LN610586.1	104	63258	63968	1	51.8	1	vog	VOG03330	9e-144	474.7
LN610586.1	105	64070	65074	1	52.2	1	vpfs	YP_004327248@NC_015294	7e-151	500.3
LN610586.1	106	65155	65406	1	45.6	1	vog	VOG00697	1.4e-21	74.0
LN610586.1	107	65416	65637	1	44.1	1	vog	VOG14998	4e-51	168.5
LN610586.1	108	65679	66731	1	49.8	1	vog	VOG02664	4.8e-59	198.5
LN610586.1	109	66728	67291	1	49.8	1	vpfs	YP_007004704@NC_019504	9.1e-50	167.0
LN610586.1	110	67288	67686	1	48.1	1	vpfs	YP_008857104@NC_022967	6.2e-87	286.2
LN610586.1	111	67683	67913	1	46.3	1	vog	VOG15735	4e-49	162.5
LN610586.1	112	67910	68347	1	45.7	1	vog	VOG01700	2.6e-40	134.9
LN610586.1	113	68344	68514	1	42.7	1	vog	VOG10909	9.2e-25	83.8
LN610586.1	114	68516	68698	1	45.4	1	vog	VOG15736	3.9e-41	136.4
LN610586.1	115	68695	69474	1	50.4	1	vog	VOG01457	3.9e-54	182.1
LN610586.1	116	69471	69653	1	45.4	1	vog	VOG14999	7.6e-47	155.1
LN610586.1	117	69665	69874	1	45.7	1	vog	VOG15737	3.5e-46	152.9
LN610586.1	118	69893	70228	1	52.4	1	vog	VOG15000	6.8e-77	252.5
LN610586.1	119	70232	70444	1	47.4	1	vog	VOG15001	6.4e-51	168.1
LN610586.1	120	70437	71387	1	48.9	1	vog	VOG03397	7.2e-36	121.5
LN610586.1	121	71447	71539	1	47.3	1	vog	VOG15738	3.1e-25	85.2
LN610586.1	122	71594	72559	1	49.1	1	pfam_b	Pfam-B_7294	2.3e-17	60.9
LN610586.1	123	72561	72905	1	47.8	1	vog	VOG03581	4.6e-46	153.2
LN610586.1	124	72922	73968	1	47.4	0	NA	NA	NA	NA
LN610586.1	125	73961	75706	1	51.4	0	NA	NA	NA	NA
LN610586.1	126	75781	75927	1	47.6	1	vog	VOG15739	5.9e-34	113.5
LN610586.1	127	75924	76151	1	46.9	1	vog	VOG01488	2.9e-21	73.7
LN610586.1	128	76151	76384	1	45.3	1	vog	VOG15003	1.8e-52	172.9
LN610586.1	129	76384	76620	1	45.6	1	vog	VOG15004	6.4e-55	180.7
LN610586.1	130	76620	76934	1	47.3	1	vog	VOG15005	7.6e-75	245.4
LN610586.1	131	76924	77109	1	47.8	1	vog	VOG15006	1.2e-47	157.3
LN610586.1	132	77150	77398	1	48.2	1	vpfs	YP_008859297@NC_022986	1.5e-55	182.8
LN610586.1	133	77410	77895	1	50.6	1	vog	VOG15008	4.5e-100	330.0
LN610586.1	134	77905	78099	1	51.8	1	vog	VOG15009	1.1e-48	161.0
LN610586.1	135	78101	78340	1	52.9	1	vog	VOG15010	1.6e-37	125.0
LN610586.1	136	78403	78603	1	51.7	1	vog	VOG15011	5.8e-51	168.1
LN610586.1	137	78771	79757	1	49.5	1	vpfs	3300001685@JGI24024J18818_10000001@JGI24024J18818_1000000127	8.2e-17	59.3
LN610586.1	138	79980	80153	1	44.3	1	vog	VOG15012	1.2e-39	131.7
LN610586.1	139	80776	81255	1	51.2	1	vog	VOG02731	2.2e-46	156.7
LN610586.1	140	81337	81606	1	51.5	1	vog	VOG15013	1.7e-60	198.7
LN610586.1	141	81619	81762	1	47.2	1	vog	VOG01090	3.5e-18	63.3
LN610586.1	142	81762	82049	1	52.1	1	vog	VOG15014	3.7e-59	194.7
LN610586.1	143	82062	82295	1	51.3	1	vog	VOG03887	2.5e-49	163.0
LN610586.1	144	82366	82494	1	49.6	1	vog	VOG00398	5.4e-16	56.4
LN610586.1	145	82494	82802	1	52.4	1	vog	VOG00590	5.5e-20	69.2
LN610586.1	146	82877	83023	1	53.7	1	vog	VOG02932	3.4e-24	82.3
LN610586.1	147	83260	83643	1	52.3	1	vog	VOG15015	2.5e-71	235.3
LN610586.1	148	83719	84390	1	52.8	1	vog	VOG03542	1.3e-57	192.9
LN610586.1	149	84395	84733	1	53.7	1	vog	VOG15016	6.1e-61	201.4
LN610586.1	150	84733	85086	1	51.7	1	vpfs	YP_008869190@NC_015294	2.5e-79	260.9
LN610586.1	151	85349	85543	1	48.2	1	vog	VOG15018	8.1e-45	149.0
LN610586.1	152	85562	85870	1	43.4	1	vpfs	YP_004327290@NC_015294	2e-52	173.8
LN610586.1	153	85867	86091	1	54.7	1	vog	VOG15020	7.9e-55	181.0
LN610586.1	154	86124	86390	1	52.8	1	vog	VOG15021	4.3e-37	124.2
LN610586.1	155	86387	86779	1	53.4	1	vog	VOG15022	1.5e-87	287.8
LN610586.1	156	86894	87478	1	48.7	1	vpfs	YP_002922802@NC_012749	3.8e-87	288.3
LN610586.1	157	87550	87795	1	51.6	1	vpfs	CCM43691@HE983845	1.2e-55	183.1
LN610586.1	158	87873	88136	1	53.0	1	vpfs	YP_008859323@NC_022986	5.1e-53	175.9
LN610586.1	159	88173	88616	1	54.7	1	vog	VOG00539	9.5e-29	98.3
LN610586.1	160	88740	89267	1	55.1	1	vog	VOG15024	7.6e-57	188.3
LN610586.1	161	89336	89548	1	50.7	1	vog	VOG15025	4.4e-52	171.9
LN610586.1	162	89576	89746	1	48.0	1	vog	VOG15026	2.2e-40	134.4
LN610586.1	163	89801	90253	1	46.8	1	vpfs	YP_008859329@NC_022986	1.5e-80	266.2
LN610586.1	164	90268	90498	1	47.2	1	vpfs	CCM43698@HE983845	1.8e-45	150.5
LN610586.1	165	90495	90794	1	53.7	1	vog	VOG15028	1.8e-54	179.7
LN610586.1	166	90869	91063	1	50.3	1	vpfs	YP_008857161@NC_022967	1.3e-40	135.2
LN610586.1	167	92231	92824	1	48.7	1	vog	VOG00062	1.3e-25	88.1
LN610583.1	1	1054	1485	1	50.9	1	vog	VOG00143	2.4e-37	126.8
LN610583.1	2	1475	1816	1	53.2	1	vog	VOG00143	3.6e-28	96.7
LN610583.1	3	1806	2180	1	55.2	1	vog	VOG00143	3.6e-36	122.9
LN610583.1	4	2167	2529	1	53.7	1	vog	VOG00143	1.4e-33	114.4
LN610583.1	5	2516	2860	1	47.5	1	vog	VOG00143	2.6e-34	116.8
LN610583.1	6	2857	3759	1	56.4	1	vog	VOG00368	1.8e-52	176.0
LN610583.1	7	3756	4109	1	53.1	1	vog	VOG00143	1.9e-18	64.9
LN610583.1	8	4109	4789	1	52.6	1	vog	VOG00143	5.9e-53	177.9
LN610583.1	9	4799	5146	1	55.5	1	vog	VOG04481	5.7e-12	43.0
LN610583.1	10	5139	5369	1	48.5	1	vpfs	YP_008856998@NC_022966	2.9e-25	87.1
LN610583.1	11	5372	5686	1	49.2	1	vog	VOG01151	2.3e-28	96.5
LN610583.1	12	5715	5903	1	49.7	1	vog	VOG17259	4.2e-41	136.7
LN610583.1	13	6000	6389	1	52.1	1	vog	VOG23475	1.2e-07	28.7
LN610583.1	14	6389	7378	1	57.9	1	vog	VOG00192	1.3e-34	118.1
LN610583.1	15	7378	7659	1	57.8	1	vog	VOG12718	4.5e-42	139.8
LN610583.1	16	7652	8044	1	59.0	1	vog	VOG12460	3e-15	54.2
LN610583.1	17	8044	8289	1	55.7	1	vog	VOG01854	1.6e-35	119.0
LN610583.1	18	8336	8851	1	57.4	1	vog	VOG00368	5.3e-40	135.2
LN610583.1	19	8844	9119	1	54.3	1	pfam_b	Pfam-B_2504	4.3e-28	96.4
LN610583.1	20	9120	9344	1	50.7	0	NA	NA	NA	NA
LN610583.1	21	9528	10073	1	56.8	1	vpfs	YP_008857768@NC_022970	1.9e-30	103.5
LN610583.1	22	10054	10545	1	54.1	1	vog	VOG14543	3e-67	223.1
LN610583.1	23	10644	10793	1	51.3	1	vog	VOG15739	8.7e-32	106.6
LN610583.1	24	10790	10987	1	49.0	1	vpfs	YP_005098106@NC_016763	3.4e-32	108.9
LN610583.1	25	10993	11256	1	48.9	1	vpfs	YP_007002061@NC_019446	5.6e-16	54.5
LN610583.1	26	11724	12002	-1	50.2	0	NA	NA	NA	NA
LN610583.1	27	11999	12178	-1	51.7	-1	ko	K02458	8.8e-08	30.3
LN610583.1	28	12175	12750	-1	55.4	0	NA	NA	NA	NA
LN610583.1	29	12752	12979	-1	47.8	0	NA	NA	NA	NA
LN610583.1	30	12976	13311	-1	49.7	0	NA	NA	NA	NA
LN610583.1	31	13302	13730	-1	56.2	1	vog	VOG00260	1.6e-36	123.6
LN610583.1	32	13727	13933	-1	55.1	0	NA	NA	NA	NA
LN610583.1	33	14120	14398	-1	48.7	0	NA	NA	NA	NA
LN610583.1	34	14395	15957	-1	56.8	1	vog	VOG09581	2.1e-161	536.0
LN610583.1	35	15935	16420	-1	52.7	1	vpfs	YP_008869206@NC_015294	1.1e-66	221.0
LN610583.1	36	16375	16977	-1	55.2	1	vpfs	YP_004009690@NC_014661	3.7e-52	175.1
LN610583.1	37	16974	17222	-1	46.6	0	NA	NA	NA	NA
LN610583.1	38	17232	17795	-1	54.1	1	vog	VOG09569	2.6e-46	155.0
LN610583.1	39	17848	18348	-1	53.1	1	vog	VOG00332	7.7e-37	123.8
LN610583.1	40	18408	19679	-1	53.1	1	vog	VOG00074	3.4e-79	264.8
LN610583.1	41	19692	19964	-1	50.5	1	vog	VOG14983	4.8e-50	165.3
LN610583.1	42	19967	20356	-1	54.9	0	NA	NA	NA	NA
LN610583.1	43	20380	20817	-1	51.8	1	vog	VOG00663	1.1e-62	209.5
LN610583.1	44	20826	21092	-1	54.7	1	vpfs	YP_008857032@NC_022966	1.4e-50	168.0
LN610583.1	45	21203	21601	-1	55.4	1	vog	VOG14988	2.2e-43	144.8
LN610583.1	46	21598	22146	-1	55.0	1	vog	VOG14989	8.3e-60	199.4
LN610583.1	47	22625	22981	1	56.0	1	vog	VOG04689	8.9e-44	145.8
LN610583.1	48	22983	23231	1	55.8	0	NA	NA	NA	NA
LN610583.1	49	23436	23738	1	49.2	0	NA	NA	NA	NA
LN610583.1	50	24618	25436	1	52.6	1	vog	VOG17274	1.3e-158	523.9
LN610583.1	51	25509	25934	1	57.7	1	vpfs	YP_008239722@NC_021777	9.7e-44	146.8
LN610583.1	52	26016	27434	1	53.5	1	vog	VOG00629	4.2e-48	161.9
LN610583.1	53	27444	28937	1	54.3	1	vpfs	YP_001552335@NC_009993	6.8e-84	279.9
LN610583.1	54	28939	29355	1	58.8	1	pfam_a	Peptidase_S78_2	4.1e-20	69.7
LN610583.1	55	29348	30235	1	55.0	1	vog	VOG02017	9e-73	243.8
LN610583.1	56	30252	30626	1	60.0	1	vog	VOG03969	1.5e-62	207.0
LN610583.1	57	30637	31692	1	57.2	1	vpfs	YP_002003562@NC_011041	1.9e-123	409.5
LN610583.1	58	31746	32231	1	53.3	1	vpfs	3300001798@JGI24126J20157_1000008@JGI24126J20157_100000859	3.3e-74	245.7
LN610583.1	59	32209	32676	1	55.3	1	vpfs	3300001403@JGI20205J14842_1000001@JGI20205J14842_10000018	4.4e-24	82.5
LN610583.1	60	32676	33047	1	57.3	1	vpfs	YP_004327202@NC_015294	4.1e-72	237.7
LN610583.1	61	33047	33667	1	52.8	1	vpfs	YP_004327203@NC_015294	7.6e-123	405.5
LN610583.1	62	33670	34992	1	58.4	1	vog	VOG00919	4.6e-121	402.2
LN610583.1	63	35003	35524	1	57.3	1	vog	VOG01961	3.2e-45	151.3
LN610583.1	64	35577	36080	1	56.3	1	vog	VOG01961	1.1e-48	162.6
LN610583.1	65	36080	36583	1	53.2	1	vog	VOG01961	3.8e-34	115.4
LN610583.1	66	36597	36983	1	53.5	1	vog	VOG00132	2.7e-32	109.8
LN610583.1	67	37004	37225	1	56.3	1	vog	VOG03319	5.2e-33	110.4
LN610583.1	68	37215	39551	1	56.4	1	vog	VOG00497	9.8e-23	77.8
LN610583.1	69	39548	40315	1	55.5	1	vog	VOG00558	9.5e-40	134.7
LN610583.1	70	40315	40680	1	51.1	1	vog	VOG00124	3.4e-24	83.0
LN610583.1	71	40681	41562	1	54.3	1	vog	VOG00640	4.3e-74	247.5
LN610583.1	72	41559	42317	1	56.1	1	vog	VOG00639	6.6e-65	216.9
LN610583.1	73	42324	42689	1	52.2	1	vpfs	YP_004327326@NC_015295	2e-24	84.2
LN610583.1	74	42690	44156	1	54.7	1	vog	VOG00647	1.8e-85	285.2
LN610583.1	75	44158	44922	1	53.5	1	vpfs	YP_001595464@NC_010106	2.7e-11	41.1
LN610583.1	76	44933	46996	1	53.6	1	vpfs	3300001683@GBIDBA_10000548@GBIDBA_1000054816	1.3e-96	322.0
LN610583.1	77	47041	47415	1	48.0	1	vog	VOG01002	1.3e-42	143.0
LN610583.1	78	47425	48918	1	57.6	1	vog	VOG11005	5.4e-196	650.3
LN610583.1	79	48920	49483	1	55.1	1	vog	VOG00913	1.2e-82	274.7
LN610583.1	80	49464	49730	1	55.8	0	NA	NA	NA	NA
LN610583.1	81	49727	50143	1	56.6	1	vog	VOG01798	2.3e-53	177.6
LN610583.1	82	50293	50592	1	53.7	1	vpfs	YP_008856909@NC_022966	2.3e-51	169.6
LN610583.1	83	50608	50895	1	54.2	1	vog	VOG02255	5.4e-36	120.6
LN610583.1	84	51004	51423	1	53.1	0	NA	NA	NA	NA
LN610583.1	85	51447	51659	1	52.6	0	NA	NA	NA	NA
LN610583.1	86	51806	52033	1	53.1	0	NA	NA	NA	NA
LN610583.1	87	52039	52260	1	49.1	0	NA	NA	NA	NA
LN610583.1	88	52263	52463	1	49.8	0	NA	NA	NA	NA
LN610583.1	89	52474	52740	1	56.9	1	vog	VOG01207	1e-31	107.2
LN610583.1	90	52737	53105	1	55.8	0	NA	NA	NA	NA
LN610583.1	91	53115	53966	1	57.9	1	vog	VOG00372	4.7e-68	227.8
LN610583.1	92	54014	54310	1	54.2	0	NA	NA	NA	NA
LN610583.1	93	54312	54683	1	54.0	1	vog	VOG04920	5e-50	167.4
LN610583.1	94	54676	55896	1	54.3	1	vog	VOG00320	1.1e-77	259.2
LN610583.1	95	55906	56091	1	52.2	0	NA	NA	NA	NA
LN610583.1	96	56132	56527	1	54.3	0	NA	NA	NA	NA
LN610583.1	97	56514	57050	1	53.4	0	NA	NA	NA	NA
LN610583.1	98	57050	57316	1	55.1	0	NA	NA	NA	NA
LN610583.1	99	57365	59317	1	56.1	1	ko	K21502	1.2e-87	292.5
LN610583.1	100	59338	61995	1	56.7	1	ko	K21238	1e-56	190.1
LN610583.1	101	62012	62218	1	54.6	0	NA	NA	NA	NA
LN610583.1	102	62365	62550	1	51.6	0	NA	NA	NA	NA
LN610583.1	103	62618	63511	1	59.8	1	vog	VOG02011	2.1e-60	202.6
LN610583.1	104	63570	63764	1	51.3	1	vog	VOG17289	8.5e-48	158.1
LN610583.1	105	63765	64040	1	51.4	1	vpfs	YP_008856932@NC_022966	5e-56	184.7
LN610583.1	106	64052	64318	1	55.4	1	vog	VOG16784	3.5e-37	124.3
LN610583.1	107	64318	65406	1	55.3	1	vog	VOG02664	3.9e-50	169.1
LN610583.1	108	65394	65555	1	57.4	1	vog	VOG00527	7e-16	55.6
LN610583.1	109	65555	65728	1	55.2	0	NA	NA	NA	NA
LN610583.1	110	65725	66288	1	55.7	1	vpfs	YP_007004704@NC_019504	1.3e-47	159.9
LN610583.1	111	66285	66500	1	55.1	0	NA	NA	NA	NA
LN610583.1	112	66510	67427	1	55.8	1	vog	VOG00921	2.9e-101	336.0
LN610583.1	113	67481	67705	1	55.6	0	NA	NA	NA	NA
LN610583.1	114	67702	68115	1	53.6	1	vog	VOG03397	1.5e-46	156.4
LN610583.1	115	68119	69018	1	56.1	1	pfam_b	Pfam-B_7294	3.9e-22	76.6
LN610583.1	116	69022	69396	1	57.1	1	vog	VOG03581	1.6e-43	145.0
LN610583.1	117	69389	71245	1	57.4	0	NA	NA	NA	NA
LN610583.1	118	71255	71620	1	53.3	0	NA	NA	NA	NA
LN610583.1	119	71662	72681	1	55.8	0	NA	NA	NA	NA
LN610583.1	120	72742	73224	1	50.1	1	vog	VOG00539	5.1e-31	105.7
LN610583.1	121	73214	73477	1	51.9	0	NA	NA	NA	NA
LN610583.1	122	73470	73700	1	57.6	1	vog	VOG00159	3.2e-13	47.3
LN610583.1	123	73702	73935	1	56.0	1	vpfs	YP_008856950@NC_022966	2.9e-48	159.8
LN610583.1	124	73987	74541	1	54.2	1	vpfs	YP_007392516@NC_020201	7.2e-77	254.5
LN610583.1	125	74522	74695	1	50.6	1	vog	VOG01634	3.1e-29	98.1
LN610583.1	126	74705	75025	1	54.2	1	vog	VOG17297	9.4e-73	239.0
LN610583.1	127	75025	75192	1	50.0	0	NA	NA	NA	NA
LN610583.1	128	75245	75742	1	53.8	0	NA	NA	NA	NA
LN610583.1	129	75739	76218	1	55.2	0	NA	NA	NA	NA
LN610583.1	130	76390	76602	1	57.7	0	NA	NA	NA	NA
LN610583.1	131	77116	77415	1	55.3	1	vog	VOG15013	5.1e-58	190.7
LN610583.1	132	77432	77575	1	47.2	1	vog	VOG01090	7.5e-17	59.0
LN610583.1	133	77575	77808	1	53.8	1	vog	VOG03887	1.3e-48	160.8
LN610583.1	134	77861	78301	1	45.6	0	NA	NA	NA	NA
LN610583.1	135	78397	78600	1	57.4	1	vog	VOG00398	2.2e-15	54.5
LN610583.1	136	78676	79224	1	54.6	1	pfam_b	Pfam-B_11258	1.3e-10	39.7
LN610583.1	137	79305	79703	1	50.4	1	vog	VOG01567	9.7e-40	133.4
LN610583.1	138	79770	80159	1	57.9	0	NA	NA	NA	NA
LN610583.1	139	80184	80297	1	52.6	0	NA	NA	NA	NA
LN610583.1	140	80398	80532	1	51.1	0	NA	NA	NA	NA
LN610583.1	141	80517	80909	1	57.0	1	vog	VOG15015	3e-58	193.1
LN610583.1	142	80998	81261	1	51.1	0	NA	NA	NA	NA
LN610583.1	143	81261	81497	1	54.0	1	vog	VOG15021	1e-28	97.3
LN610583.1	144	81499	81777	1	55.6	1	vpfs	YP_008856969@NC_022966	1.5e-30	104.2
LN610583.1	145	81901	82032	1	51.5	0	NA	NA	NA	NA
LN610583.1	146	82250	82795	1	52.0	0	NA	NA	NA	NA
LN610583.1	147	82872	83387	1	53.3	1	vog	VOG01061	5.6e-61	203.5
LN610583.1	148	83653	83823	1	45.6	1	vog	VOG15026	3.1e-38	127.5
LN610583.1	149	84009	84119	1	60.4	1	vog	VOG15741	1.7e-24	83.0
LN610583.1	150	84215	84433	1	51.6	0	NA	NA	NA	NA
LN610583.1	151	84423	84641	1	54.8	1	vog	VOG13493	1.5e-31	105.7
LN610587.1	1	343	936	1	48.7	1	vog	VOG00062	1.3e-25	88.1
LN610587.1	2	1450	1695	-1	48.8	1	vog	VOG04481	7e-37	122.9
LN610587.1	3	1688	2098	-1	49.6	1	vog	VOG14971	2.1e-86	284.3
LN610587.1	4	2088	2504	-1	46.3	1	vog	VOG14972	2.2e-95	313.6
LN610587.1	5	2501	2905	-1	47.4	0	NA	NA	NA	NA
LN610587.1	6	2948	3610	-1	51.0	1	vog	VOG14973	2.5e-139	460.0
LN610587.1	7	3879	4190	-1	46.2	1	vog	VOG14975	1.6e-66	219.2
LN610587.1	8	4190	4552	-1	49.6	1	vog	VOG01151	1.1e-34	116.9
LN610587.1	9	4549	4833	-1	44.6	1	vog	VOG01151	2.5e-35	118.9
LN610587.1	10	4889	5104	-1	46.3	1	vog	VOG14976	1.4e-50	167.7
LN610587.1	11	5101	5442	-1	50.6	1	vog	VOG14977	1.5e-79	261.2
LN610587.1	12	5444	5947	-1	49.4	1	vpfs	YP_008869206@NC_015294	3.5e-75	248.6
LN610587.1	13	5934	6311	-1	48.9	1	vpfs	YP_004327156@NC_015294	2.7e-87	286.8
LN610587.1	14	6331	6951	-1	51.0	1	vpfs	YP_004009690@NC_014661	3.4e-49	165.4
LN610587.1	15	6909	7226	-1	45.6	1	vog	VOG15743	5.6e-59	194.6
LN610587.1	16	7228	7377	-1	46.7	1	vpfs	YP_004327159@NC_015294	1.8e-30	102.4
LN610587.1	17	7389	7868	-1	52.5	1	vog	VOG00289	2.1e-51	172.6
LN610587.1	18	7865	8062	-1	43.9	1	vog	VOG14980	2.4e-44	147.0
LN610587.1	19	8074	9762	-1	51.2	1	vog	VOG00752	5.6e-193	639.7
LN610587.1	20	9819	10037	-1	50.2	1	vog	VOG03501	2e-51	169.6
LN610587.1	21	10034	10900	-1	50.9	1	vog	VOG09591	1.5e-91	304.1
LN610587.1	22	10910	11326	-1	51.1	1	ko	K01121	2.7e-29	99.9
LN610587.1	23	11337	12254	-1	46.6	1	vog	VOG01388	8.8e-67	223.6
LN610587.1	24	12266	12673	-1	48.3	1	vog	VOG03582	7.6e-33	111.5
LN610587.1	25	12670	12945	-1	45.7	0	NA	NA	NA	NA
LN610587.1	26	12947	13183	-1	46.4	1	vog	VOG15745	1.3e-39	131.8
LN610587.1	27	13196	13750	-1	48.3	1	vog	VOG02513	3.3e-54	181.4
LN610587.1	28	13750	14181	-1	48.4	1	vog	VOG14981	1.4e-95	314.5
LN610587.1	29	14171	14731	-1	48.8	0	NA	NA	NA	NA
LN610587.1	30	14733	15293	-1	49.9	1	vog	VOG09569	2.3e-47	158.5
LN610587.1	31	15358	15819	-1	51.1	1	vog	VOG00332	4.8e-36	121.3
LN610587.1	32	15832	17040	-1	49.1	1	rvdb	FAM001274	1.7e-39	133.3
LN610587.1	33	17037	17453	-1	50.6	0	NA	NA	NA	NA
LN610587.1	34	17456	17692	-1	51.5	1	vog	VOG14982	1.9e-55	182.8
LN610587.1	35	17702	17914	-1	51.2	1	vog	VOG00159	3.5e-16	57.0
LN610587.1	36	17911	18180	-1	48.1	1	vog	VOG14983	7.8e-53	174.3
LN610587.1	37	18189	18539	-1	51.0	1	vpfs	YP_008857032@NC_022966	9.8e-74	242.5
LN610587.1	38	18520	18798	-1	48.7	1	vog	VOG14985	5.7e-60	197.5
LN610587.1	39	18795	19073	-1	49.1	1	vog	VOG14986	3.9e-65	213.5
LN610587.1	40	19108	19293	-1	54.3	1	vog	VOG15746	3.2e-49	162.5
LN610587.1	41	19294	19587	-1	54.4	1	vog	VOG01488	3.6e-31	106.0
LN610587.1	42	19584	19769	-1	46.8	1	vog	VOG14987	2.8e-47	156.0
LN610587.1	43	19830	20378	-1	48.1	0	NA	NA	NA	NA
LN610587.1	44	20426	20782	-1	50.1	1	vog	VOG14988	5.8e-51	169.2
LN610587.1	45	20779	21246	-1	47.6	1	vog	VOG14989	6.9e-59	196.4
LN610587.1	46	21707	21895	1	49.2	1	vog	VOG01344	3.2e-26	89.0
LN610587.1	47	22038	22361	1	43.8	1	vog	VOG04689	2.4e-48	160.5
LN610587.1	48	24540	24938	-1	50.1	0	NA	NA	NA	NA
LN610587.1	49	25143	26663	1	47.3	1	vog	VOG00629	2.2e-53	179.4
LN610587.1	50	26676	28115	1	47.7	1	vpfs	YP_001552335@NC_009993	6.6e-92	306.3
LN610587.1	51	28125	28595	1	49.5	1	pfam_a	Peptidase_S78_2	1.1e-22	78.0
LN610587.1	52	28592	29509	1	48.4	1	vog	VOG02017	1e-81	273.3
LN610587.1	53	29537	29947	1	50.4	1	vog	VOG03969	4.4e-63	208.7
LN610587.1	54	29992	31026	1	53.0	1	vpfs	YP_002003562@NC_011041	8.5e-128	423.8
LN610587.1	55	31075	31551	1	48.2	1	vpfs	3300001798@JGI24126J20157_1000008@JGI24126J20157_100000859	7.1e-70	231.6
LN610587.1	56	31523	32002	1	46.0	1	vpfs	3300001403@JGI20205J14842_1000001@JGI20205J14842_10000018	5.9e-32	108.1
LN610587.1	57	32002	32382	1	46.7	1	vpfs	YP_004327202@NC_015294	7.1e-76	249.9
LN610587.1	58	32379	32942	1	45.2	1	vpfs	YP_004327203@NC_015294	5.1e-104	344.0
LN610587.1	59	32955	34241	1	51.0	1	vog	VOG00919	5.3e-129	428.4
LN610587.1	60	34272	34796	1	50.3	1	vog	VOG01961	2.7e-47	158.1
LN610587.1	61	34871	35371	1	49.1	1	vog	VOG01961	7.5e-47	156.6
LN610587.1	62	35371	35850	1	48.1	1	vog	VOG01961	5.4e-40	134.4
LN610587.1	63	35864	36235	1	47.3	1	vog	VOG00132	7.9e-29	98.5
LN610587.1	64	36343	36495	1	44.4	1	vog	VOG03319	6.3e-23	78.1
LN610587.1	65	36492	38858	1	50.7	1	vog	VOG00497	1.2e-25	87.5
LN610587.1	66	38855	39616	1	46.7	1	vog	VOG00558	1.2e-39	134.3
LN610587.1	67	39622	39978	1	46.8	1	vog	VOG00124	6.5e-26	88.6
LN610587.1	68	39975	40892	1	46.1	1	vog	VOG00640	2.9e-80	267.8
LN610587.1	69	40889	41629	1	49.0	1	vog	VOG00639	2.1e-56	189.0
LN610587.1	70	41640	42011	1	45.7	1	vpfs	YP_004327326@NC_015295	1.4e-28	97.7
LN610587.1	71	42013	43476	1	49.3	1	vog	VOG00647	6.7e-85	283.4
LN610587.1	72	43495	44226	1	50.0	1	vpfs	YP_001595464@NC_010106	9.6e-12	42.6
LN610587.1	73	44237	46252	1	51.2	1	vpfs	3300001683@GBIDBA_10000548@GBIDBA_1000054816	2.2e-285	945.3
LN610587.1	74	46289	46666	1	47.4	1	vog	VOG01002	8.1e-43	143.6
LN610587.1	75	46678	48177	1	51.8	1	vog	VOG11005	2.7e-190	631.5
LN610587.1	76	48194	48754	1	47.4	1	vog	VOG00913	3.7e-88	292.8
LN610587.1	77	48772	49011	1	47.9	1	vog	VOG14990	4.8e-39	130.1
LN610587.1	78	48998	49441	1	51.1	1	vog	VOG01798	1.9e-56	187.7
LN610587.1	79	49573	49878	1	40.8	1	vpfs	YP_008856909@NC_022966	2.3e-54	179.2
LN610587.1	80	50276	50584	-1	48.9	1	vpfs	YP_008857074@NC_022967	1.8e-58	192.7
LN610587.1	81	50596	50916	-1	45.8	1	vog	VOG14992	1.8e-74	244.8
LN610587.1	82	50918	51727	-1	49.3	1	vog	VOG01403	4.8e-149	492.8
LN610587.1	83	51720	51878	-1	47.2	1	vog	VOG15732	4e-30	101.1
LN610587.1	84	51881	53017	-1	48.9	1	vog	VOG00320	3.3e-92	307.2
LN610587.1	85	53065	53298	-1	47.0	1	vog	VOG01207	2.4e-38	128.4
LN610587.1	86	53694	54005	1	47.4	1	vog	VOG00499	2.2e-34	116.8
LN610587.1	87	54008	54205	1	53.5	1	vpfs	3300001866@JGI24729J20445_1000091@JGI24729J20445_100009143	6.4e-10	36.5
LN610587.1	88	54208	54693	1	52.3	1	vog	VOG04117	1.2e-61	204.3
LN610587.1	89	54716	54970	1	52.2	1	vpfs	YP_004327234@NC_015294	1.4e-41	138.1
LN610587.1	90	54972	55361	1	48.5	1	vpfs	YP_001671792@NC_010324	1.3e-36	122.8
LN610587.1	91	55358	56014	1	49.3	1	vog	VOG14993	2.4e-127	420.9
LN610587.1	92	56001	56165	1	41.8	1	vog	VOG14994	1e-42	141.8
LN610587.1	93	56168	56470	1	48.5	1	vpfs	YP_007007869@NC_019529	1.8e-57	189.3
LN610587.1	94	56471	56893	1	49.4	1	vog	VOG02508	1.6e-68	226.8
LN610587.1	95	57011	57139	1	41.9	1	vog	VOG03630	6.6e-28	94.0
LN610587.1	96	57126	57317	1	50.0	1	vog	VOG15734	3.5e-48	159.1
LN610587.1	97	57327	57572	1	52.8	1	vog	VOG14995	8.7e-61	199.8
LN610587.1	98	57569	57754	1	51.1	1	vog	VOG14996	3.6e-49	162.2
LN610587.1	99	57808	59670	1	51.2	1	vog	VOG00974	2.6e-96	321.9
LN610587.1	100	59731	62445	1	50.7	1	ko	K21238	1.4e-45	153.3
LN610587.1	101	62535	62933	1	52.4	1	vog	VOG00255	3.1e-36	122.1
LN610587.1	102	62962	63129	1	45.8	1	vog	VOG14997	3.1e-44	146.9
LN610587.1	103	63131	63841	1	51.8	1	vog	VOG03330	9e-144	474.7
LN610587.1	104	63943	64947	1	52.2	1	vpfs	YP_004327248@NC_015294	7e-151	500.3
LN610587.1	105	65028	65279	1	45.6	1	vog	VOG00697	1.4e-21	74.0
LN610587.1	106	65289	65510	1	44.1	1	vog	VOG14998	4e-51	168.5
LN610587.1	107	65552	66604	1	49.9	1	vog	VOG02664	4.8e-59	198.5
LN610587.1	108	66601	67164	1	49.6	1	vpfs	YP_007004704@NC_019504	9.1e-50	167.0
LN610587.1	109	67161	67559	1	48.4	1	vpfs	YP_008857104@NC_022967	8.4e-88	289.0
LN610587.1	110	67556	67786	1	46.3	1	vog	VOG15735	4e-49	162.5
LN610587.1	111	67783	68220	1	45.7	1	vog	VOG01700	2.6e-40	134.9
LN610587.1	112	68217	68387	1	42.7	1	vog	VOG10909	9.2e-25	83.8
LN610587.1	113	68389	68571	1	45.4	1	vog	VOG15736	3.9e-41	136.4
LN610587.1	114	68568	69347	1	50.4	1	vog	VOG01457	3.9e-54	182.1
LN610587.1	115	69344	69526	1	45.4	1	vog	VOG14999	7.6e-47	155.1
LN610587.1	116	69538	69747	1	45.7	1	vog	VOG15737	3.5e-46	152.9
LN610587.1	117	69766	70101	1	52.4	1	vog	VOG15000	6.8e-77	252.5
LN610587.1	118	70105	70317	1	47.4	1	vog	VOG15001	6.4e-51	168.1
LN610587.1	119	70310	71260	1	48.9	1	vog	VOG03397	7.2e-36	121.5
LN610587.1	120	71320	71412	1	47.3	1	vog	VOG15738	3.1e-25	85.2
LN610587.1	121	71467	72432	1	49.1	1	pfam_b	Pfam-B_7294	2.3e-17	60.9
LN610587.1	122	72434	72778	1	47.8	1	vog	VOG03581	4.6e-46	153.2
LN610587.1	123	72795	73841	1	47.4	0	NA	NA	NA	NA
LN610587.1	124	73834	75579	1	51.3	0	NA	NA	NA	NA
LN610587.1	125	75654	75800	1	47.6	1	vog	VOG15739	5.9e-34	113.5
LN610587.1	126	75797	76024	1	46.9	1	vog	VOG01488	2.9e-21	73.7
LN610587.1	127	76024	76257	1	45.3	1	vog	VOG15003	1.8e-52	172.9
LN610587.1	128	76257	76493	1	45.6	1	vog	VOG15004	6.4e-55	180.7
LN610587.1	129	76493	76807	1	47.3	1	vog	VOG15005	7.6e-75	245.4
LN610587.1	130	76797	76982	1	47.8	1	vog	VOG15006	1.2e-47	157.3
LN610587.1	131	77023	77271	1	48.2	1	vpfs	YP_008859297@NC_022986	1.5e-55	182.8
LN610587.1	132	77283	77768	1	50.6	1	vog	VOG15008	4.5e-100	330.0
LN610587.1	133	77778	77972	1	51.8	1	vog	VOG15009	1.1e-48	161.0
LN610587.1	134	77974	78213	1	52.9	1	vog	VOG15010	1.6e-37	125.0
LN610587.1	135	78276	78476	1	51.7	1	vog	VOG15011	5.8e-51	168.1
LN610587.1	136	78644	79630	1	49.4	1	vpfs	3300001685@JGI24024J18818_10000001@JGI24024J18818_1000000127	8.2e-17	59.3
LN610587.1	137	79853	80026	1	44.3	1	vog	VOG15012	1.2e-39	131.7
LN610587.1	138	80649	81128	1	51.2	1	vog	VOG02731	2.2e-46	156.7
LN610587.1	139	81210	81479	1	51.5	1	vog	VOG15013	1.7e-60	198.7
LN610587.1	140	81492	81635	1	47.2	1	vog	VOG01090	3.5e-18	63.3
LN610587.1	141	81635	81922	1	52.1	1	vog	VOG15014	3.7e-59	194.7
LN610587.1	142	81935	82168	1	51.3	1	vog	VOG03887	2.5e-49	163.0
LN610587.1	143	82239	82367	1	49.6	1	vog	VOG00398	5.4e-16	56.4
LN610587.1	144	82367	82675	1	52.4	1	vog	VOG00590	5.5e-20	69.2
LN610587.1	145	82750	82896	1	53.7	1	vog	VOG02932	3.4e-24	82.3
LN610587.1	146	83133	83516	1	52.3	1	vog	VOG15015	2.5e-71	235.3
LN610587.1	147	83592	84263	1	52.8	1	vog	VOG03542	1.3e-57	192.9
LN610587.1	148	84268	84606	1	53.7	1	vog	VOG15016	6.1e-61	201.4
LN610587.1	149	84606	84959	1	52.0	1	vpfs	YP_008869190@NC_015294	2.5e-79	260.9
LN610587.1	150	85222	85416	1	48.2	1	vog	VOG15018	8.1e-45	149.0
LN610587.1	151	85435	85743	1	43.4	1	vpfs	YP_004327290@NC_015294	2e-52	173.8
LN610587.1	152	85740	85964	1	54.7	1	vog	VOG15020	7.9e-55	181.0
LN610587.1	153	85997	86263	1	52.8	1	vog	VOG15021	4.3e-37	124.2
LN610587.1	154	86260	86652	1	53.4	1	vog	VOG15022	1.5e-87	287.8
LN610587.1	155	86767	87351	1	48.7	1	vpfs	YP_002922802@NC_012749	3.8e-87	288.3
LN610587.1	156	87423	87668	1	51.6	1	vpfs	CCM43691@HE983845	1.2e-55	183.1
LN610587.1	157	87746	88009	1	53.0	1	vpfs	YP_008859323@NC_022986	5.1e-53	175.9
LN610587.1	158	88046	88489	1	54.7	1	vog	VOG00539	9.5e-29	98.3
LN610587.1	159	88613	89140	1	55.1	1	vog	VOG15024	7.6e-57	188.3
LN610587.1	160	89209	89421	1	50.7	1	vog	VOG15025	4.4e-52	171.9
LN610587.1	161	89449	89619	1	48.0	1	vog	VOG15026	2.2e-40	134.4
LN610587.1	162	89674	90126	1	46.8	1	vpfs	YP_008859329@NC_022986	1.5e-80	266.2
LN610587.1	163	90141	90371	1	47.2	1	vpfs	CCM43698@HE983845	1.8e-45	150.5
LN610587.1	164	90368	90658	1	51.5	1	vog	VOG15028	5.9e-55	181.2
LN610587.1	165	90754	91020	1	54.3	0	NA	NA	NA	NA
LN610587.1	166	91120	91314	1	46.2	1	vpfs	YP_008857161@NC_022967	3.3e-41	137.2
LN610587.1	167	91365	91502	1	48.6	0	NA	NA	NA	NA
LN610587.1	168	92486	93079	1	48.7	1	vog	VOG00062	1.3e-25	88.1
LN610576.1	1	1054	1347	1	54.4	1	vog	VOG00143	6e-19	66.5
LN610576.1	2	1474	1815	1	53.2	1	vog	VOG00143	3.6e-28	96.7
LN610576.1	3	1805	2179	1	55.2	1	vog	VOG00143	3.6e-36	122.9
LN610576.1	4	2166	2528	1	53.7	1	vog	VOG00143	1.4e-33	114.4
LN610576.1	5	2515	2859	1	47.5	1	vog	VOG00143	2.6e-34	116.8
LN610576.1	6	2856	3758	1	56.1	1	vog	VOG00368	5.6e-54	181.0
LN610576.1	7	3755	4108	1	57.6	1	vog	VOG00143	2.4e-21	74.3
LN610576.1	8	4108	4788	1	54.8	1	vog	VOG00143	1e-56	190.2
LN610576.1	9	4798	5145	1	54.9	1	vog	VOG04481	5.7e-12	43.0
LN610576.1	10	5138	5362	1	47.6	1	vpfs	YP_008856998@NC_022966	7.5e-36	121.5
LN610576.1	11	5349	5663	1	52.4	1	vog	VOG01151	7.2e-29	98.1
LN610576.1	12	5984	6373	1	52.6	1	vog	VOG23475	5.6e-08	29.7
LN610576.1	13	6370	7977	1	61.1	1	vog	VOG23475	2.7e-66	221.9
LN610576.1	14	7970	8458	1	57.9	1	vog	VOG12460	5.2e-72	239.2
LN610576.1	15	8451	8726	1	59.4	1	vog	VOG00847	1e-34	116.8
LN610576.1	16	8811	9101	1	61.9	0	NA	NA	NA	NA
LN610576.1	17	9251	9397	1	54.4	1	vog	VOG12457	6.2e-37	122.7
LN610576.1	18	9382	9867	1	57.0	1	vog	VOG12456	4.9e-70	232.3
LN610576.1	19	9870	10151	1	59.6	1	vog	VOG01488	2e-31	106.9
LN610576.1	20	10148	10357	1	46.7	0	NA	NA	NA	NA
LN610576.1	21	10354	10830	1	56.2	1	vpfs	YP_008857768@NC_022970	2.1e-100	330.8
LN610576.1	22	10811	11311	1	55.5	1	vog	VOG14543	2.5e-67	223.3
LN610576.1	23	11394	11651	1	45.3	1	vpfs	YP_008857009@NC_022966	1.8e-48	160.6
LN610576.1	24	11635	11784	1	48.7	1	vog	VOG15739	2.4e-32	108.4
LN610576.1	25	11781	11990	1	46.2	1	vpfs	YP_005098106@NC_016763	8.1e-33	110.9
LN610576.1	26	11984	12283	1	48.7	1	vpfs	YP_007002061@NC_019446	5.2e-14	47.9
LN610576.1	27	12477	12782	-1	51.6	0	NA	NA	NA	NA
LN610576.1	28	12857	13135	-1	51.6	0	NA	NA	NA	NA
LN610576.1	29	13132	13329	-1	48.5	0	NA	NA	NA	NA
LN610576.1	30	13326	13901	-1	54.5	0	NA	NA	NA	NA
LN610576.1	31	13903	14139	-1	43.0	0	NA	NA	NA	NA
LN610576.1	32	14136	14471	-1	49.7	0	NA	NA	NA	NA
LN610576.1	33	14462	14890	-1	55.0	1	vog	VOG00260	6.1e-36	121.6
LN610576.1	34	14887	15093	-1	51.2	0	NA	NA	NA	NA
LN610576.1	35	15470	15562	-1	51.6	0	NA	NA	NA	NA
LN610576.1	36	15559	17121	-1	56.5	1	vog	VOG09581	3.6e-161	535.2
LN610576.1	37	17099	17584	-1	52.3	1	vpfs	YP_008869206@NC_015294	5.5e-66	218.8
LN610576.1	38	17539	18141	-1	54.2	1	vpfs	YP_004009690@NC_014661	9.3e-52	173.8
LN610576.1	39	18138	18386	-1	46.2	0	NA	NA	NA	NA
LN610576.1	40	18396	18959	-1	52.5	1	vog	VOG09569	9.7e-47	156.4
LN610576.1	41	19012	19512	-1	53.3	1	vog	VOG00332	1.4e-36	123.0
LN610576.1	42	19572	20843	-1	53.5	1	vog	VOG00074	3.5e-79	264.7
LN610576.1	43	20856	21128	-1	50.5	1	vog	VOG14983	4.8e-50	165.3
LN610576.1	44	21131	21520	-1	55.1	0	NA	NA	NA	NA
LN610576.1	45	21544	21981	-1	51.8	1	vog	VOG00663	2.1e-62	208.6
LN610576.1	46	21990	22256	-1	54.7	1	vpfs	YP_008857032@NC_022966	1.4e-50	168.0
LN610576.1	47	22367	22765	-1	55.6	1	vog	VOG14988	1.6e-43	145.3
LN610576.1	48	22762	23298	-1	54.6	1	vog	VOG14989	1.2e-57	192.4
LN610576.1	49	23777	24133	1	56.0	1	vog	VOG04689	8.9e-44	145.8
LN610576.1	50	24135	24383	1	55.0	0	NA	NA	NA	NA
LN610576.1	51	24588	24890	1	49.8	0	NA	NA	NA	NA
LN610576.1	52	25770	26588	1	52.3	1	vog	VOG17274	5.9e-157	518.5
LN610576.1	53	26661	27086	1	57.7	1	vpfs	YP_008239722@NC_021777	9.7e-44	146.8
LN610576.1	54	27168	28586	1	53.5	1	vog	VOG00629	4.2e-48	161.9
LN610576.1	55	28596	30089	1	54.6	1	vpfs	YP_001552335@NC_009993	6.8e-84	279.9
LN610576.1	56	30091	30507	1	58.8	1	pfam_a	Peptidase_S78_2	1.2e-20	71.4
LN610576.1	57	30500	31387	1	55.0	1	vog	VOG02017	9e-73	243.8
LN610576.1	58	31404	31778	1	60.0	1	vog	VOG03969	1.5e-62	207.0
LN610576.1	59	31789	32844	1	57.0	1	vpfs	YP_002003562@NC_011041	4.3e-123	408.3
LN610576.1	60	32898	33383	1	53.3	1	vpfs	3300001798@JGI24126J20157_1000008@JGI24126J20157_100000859	3.3e-74	245.7
LN610576.1	61	33361	33828	1	55.1	1	vpfs	3300001403@JGI20205J14842_1000001@JGI20205J14842_10000018	4.4e-24	82.5
LN610576.1	62	33828	34199	1	56.5	1	vpfs	YP_004327202@NC_015294	4.1e-72	237.7
LN610576.1	63	34199	34819	1	52.8	1	vpfs	YP_004327203@NC_015294	7.6e-123	405.5
LN610576.1	64	34822	36144	1	58.3	1	vog	VOG00919	4.6e-121	402.2
LN610576.1	65	36155	36676	1	57.9	1	vog	VOG01961	3.2e-45	151.3
LN610576.1	66	36729	37232	1	56.2	1	vog	VOG01961	1.1e-48	162.6
LN610576.1	67	37232	37735	1	53.2	1	vog	VOG01961	3.8e-34	115.4
LN610576.1	68	37749	38135	1	53.5	1	vog	VOG00132	2.7e-32	109.8
LN610576.1	69	38156	38377	1	56.3	1	vog	VOG03319	5.2e-33	110.4
LN610576.1	70	38367	40703	1	56.4	1	vog	VOG00497	3.7e-23	79.2
LN610576.1	71	40700	41467	1	55.5	1	vog	VOG00558	9.5e-40	134.7
LN610576.1	72	41467	41832	1	51.1	1	vog	VOG00124	3.4e-24	83.0
LN610576.1	73	41833	42714	1	54.3	1	vog	VOG00640	4.3e-74	247.5
LN610576.1	74	42711	43469	1	56.1	1	vog	VOG00639	6.6e-65	216.9
LN610576.1	75	43476	43841	1	52.2	1	vpfs	YP_004327326@NC_015295	2e-24	84.2
LN610576.1	76	43842	45308	1	54.7	1	vog	VOG00647	1.8e-85	285.2
LN610576.1	77	45310	46074	1	53.6	1	vpfs	YP_001595464@NC_010106	2.7e-11	41.1
LN610576.1	78	46085	48148	1	53.6	1	vpfs	3300001683@GBIDBA_10000548@GBIDBA_1000054816	1.3e-96	322.0
LN610576.1	79	48193	48567	1	48.0	1	vog	VOG01002	1.3e-42	143.0
LN610576.1	80	48577	50070	1	57.6	1	vog	VOG11005	5.4e-196	650.3
LN610576.1	81	50072	50635	1	55.0	1	vog	VOG00913	3.3e-82	273.3
LN610576.1	82	50616	50882	1	55.8	0	NA	NA	NA	NA
LN610576.1	83	50879	51295	1	56.6	1	vog	VOG01798	2.3e-53	177.6
LN610576.1	84	51445	51744	1	53.7	1	vpfs	YP_008856909@NC_022966	2.3e-51	169.6
LN610576.1	85	51760	52047	1	54.2	1	vog	VOG02255	5.4e-36	120.6
LN610576.1	86	52156	52575	1	53.1	0	NA	NA	NA	NA
LN610576.1	87	52599	52811	1	52.6	0	NA	NA	NA	NA
LN610576.1	88	52958	53716	1	51.5	1	vog	VOG00320	7.1e-42	141.1
LN610576.1	89	53726	53911	1	52.2	0	NA	NA	NA	NA
LN610576.1	90	53952	54347	1	54.0	0	NA	NA	NA	NA
LN610576.1	91	54334	54870	1	53.4	0	NA	NA	NA	NA
LN610576.1	92	54870	55136	1	55.1	0	NA	NA	NA	NA
LN610576.1	93	55185	57137	1	56.2	1	ko	K21502	1.3e-87	292.3
LN610576.1	94	57158	59815	1	56.7	1	ko	K21238	1e-56	190.1
LN610576.1	95	59832	60038	1	54.6	0	NA	NA	NA	NA
LN610576.1	96	60185	60370	1	51.6	0	NA	NA	NA	NA
LN610576.1	97	60438	61331	1	60.0	1	vog	VOG02011	1.4e-60	203.3
LN610576.1	98	61390	61584	1	51.3	1	vog	VOG17289	8.5e-48	158.1
LN610576.1	99	61585	61860	1	51.4	1	vpfs	YP_008856932@NC_022966	5e-56	184.7
LN610576.1	100	61872	62138	1	55.4	1	vog	VOG16784	3.5e-37	124.3
LN610576.1	101	62138	63226	1	55.4	1	vog	VOG02664	3.6e-50	169.2
LN610576.1	102	63214	63375	1	57.4	1	vog	VOG00527	7e-16	55.6
LN610576.1	103	63375	63548	1	55.2	0	NA	NA	NA	NA
LN610576.1	104	63545	64108	1	55.7	1	vpfs	YP_007004704@NC_019504	1.3e-47	159.9
LN610576.1	105	64105	64320	1	55.1	0	NA	NA	NA	NA
LN610576.1	106	64330	65247	1	55.8	1	vog	VOG00921	2.9e-101	336.0
LN610576.1	107	65301	65525	1	55.6	0	NA	NA	NA	NA
LN610576.1	108	65522	65935	1	53.6	1	vog	VOG03397	1.5e-46	156.4
LN610576.1	109	65939	66838	1	56.1	1	pfam_b	Pfam-B_7294	3.9e-22	76.6
LN610576.1	110	66842	67216	1	57.1	1	vog	VOG03581	1.6e-43	145.0
LN610576.1	111	67209	69065	1	57.4	0	NA	NA	NA	NA
LN610576.1	112	69075	69440	1	53.3	0	NA	NA	NA	NA
LN610576.1	113	69482	70501	1	55.8	0	NA	NA	NA	NA
LN610576.1	114	70562	71044	1	50.1	1	vog	VOG00539	5.1e-31	105.7
LN610576.1	115	71034	71297	1	51.9	0	NA	NA	NA	NA
LN610576.1	116	71290	71520	1	57.6	1	vog	VOG00159	3.2e-13	47.3
LN610576.1	117	71522	71755	1	56.0	1	vpfs	YP_008856950@NC_022966	2.9e-48	159.8
LN610576.1	118	71807	72361	1	54.2	1	vpfs	YP_007392516@NC_020201	7.2e-77	254.5
LN610576.1	119	72342	72515	1	50.6	1	vog	VOG01634	3.1e-29	98.1
LN610576.1	120	72525	72845	1	54.2	1	vog	VOG17297	9.4e-73	239.0
LN610576.1	121	72845	73012	1	50.0	0	NA	NA	NA	NA
LN610576.1	122	73065	73562	1	53.8	0	NA	NA	NA	NA
LN610576.1	123	73559	74038	1	55.2	0	NA	NA	NA	NA
LN610576.1	124	74210	74422	1	57.7	0	NA	NA	NA	NA
LN610576.1	125	74936	75235	1	55.3	1	vog	VOG15013	5.1e-58	190.7
LN610576.1	126	75252	75395	1	47.2	1	vog	VOG01090	7.5e-17	59.0
LN610576.1	127	75395	75628	1	53.4	1	vog	VOG03887	4e-48	159.2
LN610576.1	128	75681	76121	1	45.6	0	NA	NA	NA	NA
LN610576.1	129	76215	76418	1	57.4	1	vog	VOG00398	2.2e-15	54.5
LN610576.1	130	76494	77042	1	54.6	1	pfam_b	Pfam-B_11258	1.3e-10	39.7
LN610576.1	131	77123	77521	1	50.4	1	vog	VOG01567	9.7e-40	133.4
LN610576.1	132	77588	77977	1	57.7	0	NA	NA	NA	NA
LN610576.1	133	78002	78115	1	50.9	0	NA	NA	NA	NA
LN610576.1	134	78216	78350	1	51.1	0	NA	NA	NA	NA
LN610576.1	135	78335	78727	1	56.7	1	vog	VOG15015	1.5e-57	190.8
LN610576.1	136	78816	79079	1	50.8	0	NA	NA	NA	NA
LN610576.1	137	79079	79315	1	54.0	1	vog	VOG15021	1e-28	97.3
LN610576.1	138	79317	79595	1	55.6	1	vpfs	YP_008856969@NC_022966	1.5e-30	104.2
LN610576.1	139	79719	79850	1	51.5	0	NA	NA	NA	NA
LN610576.1	140	80068	80610	1	52.3	0	NA	NA	NA	NA
LN610576.1	141	80687	81202	1	53.3	1	vog	VOG01061	5.6e-61	203.5
LN610576.1	142	81468	81638	1	45.6	1	vog	VOG15026	3.1e-38	127.5
LN610576.1	143	81824	81934	1	60.4	1	vog	VOG15741	1.7e-24	83.0
LN610576.1	144	82030	82248	1	51.6	0	NA	NA	NA	NA
LN610576.1	145	82238	82456	1	54.8	1	vog	VOG13493	1.5e-31	105.7
LN610577.1	1	508	2082	1	63.2	1	vog	VOG00637	4.2e-118	393.4
LN610577.1	2	2075	2437	1	62.3	1	vog	VOG14124	6.1e-53	175.4
LN610577.1	3	2526	3077	1	63.8	1	vpfs	YP_223934@NC_006938	3.5e-52	174.5
LN610577.1	4	3185	4024	1	61.0	1	vpfs	3300001751@JGI2172J19969_10000010@JGI2172J19969_100000101	8.5e-79	262.6
LN610577.1	5	4100	5287	1	64.2	0	NA	NA	NA	NA
LN610577.1	6	5351	6412	1	61.2	0	NA	NA	NA	NA
LN610577.1	7	6393	8099	1	64.3	0	NA	NA	NA	NA
LN610577.1	8	8349	8843	1	58.2	1	vog	VOG20423	2.8e-111	366.7
LN610577.1	9	8896	9777	1	63.3	1	vpfs	3300000439@TBL_comb48_EPIDRAFT_1000109@TBL_comb48_EPIDRAFT_100010969	1.2e-78	262.0
LN610577.1	10	9770	10630	1	66.7	-1	ko	K06443	2.5e-10	37.6
LN610577.1	11	10627	11052	1	60.3	1	vog	VOG00549	1.1e-29	101.1
LN610577.1	12	11056	11625	1	61.9	0	NA	NA	NA	NA
LN610577.1	13	11625	12512	1	61.6	1	vog	VOG11761	2.3e-105	350.2
LN610577.1	14	12516	13562	1	64.6	0	NA	NA	NA	NA
LN610577.1	15	13573	14163	1	65.8	1	vog	VOG11619	2.8e-71	237.3
LN610577.1	16	14165	14605	1	60.5	1	vog	VOG00077	9e-16	56.4
LN610577.1	17	14662	15216	1	64.3	0	NA	NA	NA	NA
LN610577.1	18	15216	17156	1	66.0	0	NA	NA	NA	NA
LN610577.1	19	17153	17689	1	64.6	0	NA	NA	NA	NA
LN610577.1	20	17682	18107	1	58.5	1	vog	VOG00385	4.5e-14	50.2
LN610577.1	21	18065	18406	1	64.0	0	NA	NA	NA	NA
LN610577.1	22	18393	20768	1	63.1	1	vog	VOG00991	1.5e-175	583.8
LN610577.1	23	20768	20974	1	61.8	0	NA	NA	NA	NA
LN610577.1	24	21064	21513	1	62.4	0	NA	NA	NA	NA
LN610577.1	25	21563	22246	1	64.9	0	NA	NA	NA	NA
LN610577.1	26	22239	22619	1	64.8	0	NA	NA	NA	NA
LN610577.1	27	22630	23022	1	66.7	0	NA	NA	NA	NA
LN610577.1	28	23015	23590	1	66.3	1	vog	VOG04002	1.4e-83	277.2
LN610577.1	29	23625	23870	1	63.4	0	NA	NA	NA	NA
LN610577.1	30	23971	24264	1	61.6	1	vpfs	YP_223968@NC_006938	4.6e-32	109.0
LN610577.1	31	24315	24932	1	60.4	1	vog	VOG20423	2.9e-08	31.6
LN610577.1	32	25020	25925	1	65.9	1	rvdb	FAM000339	3.4e-74	247.1
LN610577.1	33	26003	26221	1	60.7	1	vog	VOG14127	2e-35	118.5
LN610577.1	34	26249	27340	1	65.3	1	vog	VOG12250	1.1e-133	443.7
LN610577.1	35	27340	27702	1	64.5	0	NA	NA	NA	NA
LN610577.1	36	27695	28246	1	69.0	0	NA	NA	NA	NA
LN610577.1	37	28243	28500	1	66.3	0	NA	NA	NA	NA
LN610577.1	38	28488	28712	1	64.0	0	NA	NA	NA	NA
LN610577.1	39	28684	28908	1	60.0	0	NA	NA	NA	NA
LN610577.1	40	28901	29590	1	66.4	0	NA	NA	NA	NA
LN610577.1	41	29587	29871	1	65.3	0	NA	NA	NA	NA
LN610577.1	42	29868	30263	1	66.9	0	NA	NA	NA	NA
LN610577.1	43	30260	30529	1	68.1	1	vog	VOG14128	4e-48	159.0
LN610577.1	44	30516	30794	1	67.0	1	vog	VOG00499	1.7e-31	107.2
LN610577.1	45	31721	32236	1	64.5	1	vog	VOG00506	2.9e-39	132.5
LN610577.1	46	32233	33723	1	66.2	1	vog	VOG09528	4.3e-34	116.2
LN610577.1	47	33779	35275	1	66.3	1	vog	VOG01613	3.7e-139	462.0
LN610577.1	48	35275	36522	1	66.6	1	vog	VOG00526	8.1e-85	283.9
LN610577.1	49	36568	37269	1	66.7	0	NA	NA	NA	NA
LN610577.1	50	37285	37494	1	66.2	0	NA	NA	NA	NA
LN610577.1	51	37573	37848	1	63.4	0	NA	NA	NA	NA
LN610577.1	52	37901	38068	1	69.6	0	NA	NA	NA	NA
LN610577.1	53	38177	38965	1	62.1	1	vog	VOG02936	1.1e-64	216.2
LN610577.1	54	39106	40026	1	61.2	1	vog	VOG01723	1.2e-103	344.2
LN610577.1	55	40166	40609	1	64.2	1	vog	VOG14122	3.1e-71	236.7
LN610577.1	56	40613	40843	1	66.2	0	NA	NA	NA	NA
LN610577.1	57	40849	41379	1	65.9	1	vog	VOG01212	1.8e-39	133.3
LN610577.1	58	41381	41770	1	65.1	1	vog	VOG00101	2.7e-25	86.8
LN610577.1	59	41772	42170	1	61.9	1	vog	VOG01572	3.1e-45	152.4
LN610577.1	60	42167	42577	1	60.3	1	vog	VOG00321	3.7e-29	98.8
LN610577.1	61	42589	43527	1	62.7	1	vpfs	3300001592@Draft_10000123@Draft_1000012360	1.3e-110	367.0
LN610577.1	62	43527	43964	1	62.3	1	vog	VOG00433	1.9e-54	182.5
LN610577.1	63	44066	44269	1	53.4	1	vog	VOG00433	2.2e-25	87.3
LN610577.1	64	44235	46712	1	64.6	1	vpfs	3300001592@Draft_10000123@Draft_1000012363	0.0	1044.3
LN610577.1	65	46723	48252	1	61.0	1	vog	VOG01009	5.5e-176	583.9
LN610577.1	66	48264	49265	1	61.2	1	vpfs	YP_007392454@NC_020200	1.1e-97	325.5
LN610577.1	67	49266	50933	1	62.5	1	vog	VOG02491	1.6e-209	694.3
LN610577.1	68	50930	51739	1	61.6	1	vog	VOG01363	2.2e-100	333.3
LN610577.1	69	51752	51985	1	61.1	1	vpfs	YP_006561081@NC_018282	2.3e-24	82.7
LN610577.1	70	51982	52188	1	59.9	1	vpfs	YP_006561132@NC_018283	2.6e-14	51.2
LN610577.1	71	52172	54346	1	64.0	1	vog	VOG09614	0.0	1100.4
LN610577.1	72	54346	54702	1	64.4	1	vog	VOG01418	2.3e-46	156.1
LN610577.1	73	54769	55245	1	59.1	0	NA	NA	NA	NA
LN610577.1	74	55242	55748	1	66.7	1	vpfs	3300001305@C688J14111_10000004@C688J14111_100000047	1.6e-35	119.1
LN610577.1	75	55799	56011	1	60.6	1	vog	VOG00493	2.3e-17	60.7
LN610577.1	76	56248	56457	1	65.7	0	NA	NA	NA	NA
LN610584.1	1	508	2082	1	63.7	1	vog	VOG00637	2.2e-118	394.4
LN610584.1	2	2075	2437	1	60.9	1	vog	VOG14124	7.6e-53	175.0
LN610584.1	3	2526	3077	1	64.1	1	vpfs	YP_223934@NC_006938	3.5e-52	174.5
LN610584.1	4	3185	4024	1	61.2	1	vpfs	3300001751@JGI2172J19969_10000010@JGI2172J19969_100000101	1.5e-79	265.0
LN610584.1	5	4100	5287	1	64.1	0	NA	NA	NA	NA
LN610584.1	6	5351	6412	1	61.1	0	NA	NA	NA	NA
LN610584.1	7	6393	8099	1	64.3	0	NA	NA	NA	NA
LN610584.1	8	8348	8854	1	57.0	1	vog	VOG20423	7.5e-96	316.5
LN610584.1	9	8907	9764	1	63.1	1	vpfs	3300000439@TBL_comb48_EPIDRAFT_1000109@TBL_comb48_EPIDRAFT_100010969	2.4e-80	267.7
LN610584.1	10	9761	10621	1	66.7	-1	ko	K06443	2.2e-10	37.8
LN610584.1	11	10618	11043	1	59.9	1	vog	VOG00549	1.2e-29	100.9
LN610584.1	12	11047	11616	1	62.8	0	NA	NA	NA	NA
LN610584.1	13	11616	12503	1	61.8	1	vog	VOG11761	2.3e-105	350.2
LN610584.1	14	12507	13553	1	64.8	0	NA	NA	NA	NA
LN610584.1	15	13564	14154	1	66.2	1	vog	VOG11619	2.8e-71	237.3
LN610584.1	16	14156	14596	1	61.2	1	vog	VOG00077	1.6e-15	55.5
LN610584.1	17	14653	15207	1	64.9	0	NA	NA	NA	NA
LN610584.1	18	15207	17147	1	65.9	0	NA	NA	NA	NA
LN610584.1	19	17144	17680	1	64.2	0	NA	NA	NA	NA
LN610584.1	20	17673	18098	1	58.9	1	vog	VOG00385	4.5e-14	50.2
LN610584.1	21	18056	18397	1	64.0	0	NA	NA	NA	NA
LN610584.1	22	18384	20759	1	63.1	1	vog	VOG00991	8.2e-176	584.7
LN610584.1	23	20759	20965	1	61.8	0	NA	NA	NA	NA
LN610584.1	24	21055	21504	1	61.8	0	NA	NA	NA	NA
LN610584.1	25	21554	22237	1	64.9	0	NA	NA	NA	NA
LN610584.1	26	22230	22610	1	64.6	0	NA	NA	NA	NA
LN610584.1	27	22621	23013	1	67.2	0	NA	NA	NA	NA
LN610584.1	28	23006	23581	1	66.5	1	vog	VOG04002	4e-82	272.4
LN610584.1	29	23617	23862	1	63.8	0	NA	NA	NA	NA
LN610584.1	30	23963	24256	1	62.2	1	vpfs	YP_223968@NC_006938	1.4e-32	110.7
LN610584.1	31	24307	24924	1	60.2	1	vog	VOG20423	2.6e-08	31.8
LN610584.1	32	25011	25916	1	66.4	1	rvdb	FAM000339	1.6e-73	244.9
LN610584.1	33	25994	26212	1	60.7	1	vog	VOG14127	2e-35	118.5
LN610584.1	34	26240	27331	1	65.4	1	vog	VOG12250	2.1e-132	439.6
LN610584.1	35	27331	27708	1	65.1	0	NA	NA	NA	NA
LN610584.1	36	27705	28133	1	62.9	0	NA	NA	NA	NA
LN610584.1	37	28153	28704	1	68.7	0	NA	NA	NA	NA
LN610584.1	38	28701	28958	1	66.3	0	NA	NA	NA	NA
LN610584.1	39	28946	29170	1	62.7	0	NA	NA	NA	NA
LN610584.1	40	29142	29366	1	60.4	0	NA	NA	NA	NA
LN610584.1	41	29359	30048	1	66.1	0	NA	NA	NA	NA
LN610584.1	42	30045	30329	1	65.6	0	NA	NA	NA	NA
LN610584.1	43	30326	30721	1	66.4	0	NA	NA	NA	NA
LN610584.1	44	30718	30987	1	66.3	1	vog	VOG14128	1.2e-46	154.3
LN610584.1	45	30974	31252	1	64.9	1	vog	VOG00499	4.5e-31	105.9
LN610584.1	46	32158	32673	1	65.3	1	vog	VOG00506	2.9e-39	132.5
LN610584.1	47	32670	34160	1	66.4	1	vog	VOG09528	4.3e-34	116.2
LN610584.1	48	34216	35724	1	66.5	1	vog	VOG01613	3.1e-139	462.3
LN610584.1	49	35724	36971	1	67.3	1	vog	VOG00526	2e-85	285.9
LN610584.1	50	37016	37717	1	66.0	0	NA	NA	NA	NA
LN610584.1	51	37733	37942	1	66.2	0	NA	NA	NA	NA
LN610584.1	52	38023	38232	1	61.9	0	NA	NA	NA	NA
LN610584.1	53	38247	38447	1	67.7	0	NA	NA	NA	NA
LN610584.1	54	38571	38846	1	63.8	0	NA	NA	NA	NA
LN610584.1	55	38975	39190	1	63.0	1	vog	VOG02029	6.2e-22	76.0
LN610584.1	56	39243	39410	1	68.5	0	NA	NA	NA	NA
LN610584.1	57	39520	40308	1	63.2	1	vog	VOG02936	3e-64	214.8
LN610584.1	58	40449	41369	1	61.0	1	vog	VOG01723	1.7e-103	343.6
LN610584.1	59	41428	42015	1	65.6	0	NA	NA	NA	NA
LN610584.1	60	42099	42542	1	63.3	1	vog	VOG14122	2.3e-71	237.2
LN610584.1	61	42546	42776	1	65.8	0	NA	NA	NA	NA
LN610584.1	62	42782	43312	1	65.9	1	vog	VOG01212	2.9e-39	132.6
LN610584.1	63	43314	43703	1	64.9	1	vog	VOG00101	2.7e-25	86.8
LN610584.1	64	43705	44103	1	61.9	1	vog	VOG01572	2.1e-45	153.0
LN610584.1	65	44100	44510	1	60.6	1	vog	VOG00321	3.7e-29	98.8
LN610584.1	66	44522	45460	1	62.8	1	vpfs	3300001592@Draft_10000123@Draft_1000012360	1.2e-110	367.1
LN610584.1	67	45460	45897	1	61.4	1	vog	VOG00433	1.4e-54	182.9
LN610584.1	68	45999	46202	1	53.9	1	vog	VOG00433	2.2e-25	87.3
LN610584.1	69	46168	48645	1	64.4	1	vpfs	3300001592@Draft_10000123@Draft_1000012363	0.0	1037.6
LN610584.1	70	48655	49926	1	59.0	1	vog	VOG01009	8.4e-65	217.4
LN610584.1	71	49936	50871	1	56.1	1	vpfs	YP_007392454@NC_020200	2.8e-47	159.7
LN610584.1	72	50874	52535	1	60.6	1	vog	VOG02491	5.5e-180	596.9
LN610584.1	73	52532	53341	1	58.5	1	vog	VOG01363	2.2e-97	323.4
LN610584.1	74	53354	53587	1	58.5	1	vpfs	YP_006561081@NC_018282	1.9e-24	82.9
LN610584.1	75	53584	53790	1	59.9	1	vpfs	YP_006561132@NC_018283	3.4e-14	50.8
LN610584.1	76	53774	55948	1	63.3	1	vog	VOG09614	0.0	1108.2
LN610584.1	77	55948	56304	1	65.8	1	vog	VOG01418	3e-46	155.7
LN610584.1	78	56371	56847	1	60.0	0	NA	NA	NA	NA
LN610584.1	79	56844	57350	1	66.3	1	vpfs	3300001305@C688J14111_10000004@C688J14111_100000047	3.5e-35	117.9
LN610584.1	80	57401	57613	1	60.6	1	vog	VOG00493	2.3e-17	60.7
LN610584.1	81	57850	58059	1	65.7	0	NA	NA	NA	NA
LN610585.1	1	507	2081	1	63.5	1	vog	VOG00637	4.1e-118	393.4
LN610585.1	2	2074	2436	1	62.0	1	vog	VOG14124	6.1e-53	175.4
LN610585.1	3	2525	3076	1	64.5	1	vpfs	YP_223934@NC_006938	3.5e-52	174.5
LN610585.1	4	3184	4023	1	61.1	1	vpfs	3300001751@JGI2172J19969_10000010@JGI2172J19969_100000101	4.4e-79	263.5
LN610585.1	5	4099	5286	1	64.6	0	NA	NA	NA	NA
LN610585.1	6	5350	6411	1	61.3	0	NA	NA	NA	NA
LN610585.1	7	6392	8098	1	64.1	0	NA	NA	NA	NA
LN610585.1	8	8347	8853	1	57.4	1	vog	VOG20423	2.9e-96	317.8
LN610585.1	9	8906	9766	1	61.9	1	vpfs	3300000439@TBL_comb48_EPIDRAFT_1000109@TBL_comb48_EPIDRAFT_100010969	2.8e-81	270.7
LN610585.1	10	9759	10619	1	66.4	-1	ko	K06443	5.9e-10	36.4
LN610585.1	11	10616	11041	1	60.1	1	vog	VOG00549	1.2e-29	100.9
LN610585.1	12	11045	11614	1	62.8	0	NA	NA	NA	NA
LN610585.1	13	11614	12501	1	61.6	1	vog	VOG11761	4.7e-104	346.0
LN610585.1	14	12505	13551	1	64.9	0	NA	NA	NA	NA
LN610585.1	15	13562	14152	1	65.5	1	vog	VOG11619	2.7e-70	234.0
LN610585.1	16	14154	14594	1	61.5	1	vog	VOG00077	1.6e-15	55.5
LN610585.1	17	14651	15205	1	65.2	0	NA	NA	NA	NA
LN610585.1	18	15205	17145	1	65.9	0	NA	NA	NA	NA
LN610585.1	19	17142	17678	1	64.6	0	NA	NA	NA	NA
LN610585.1	20	17671	18096	1	58.7	1	vog	VOG00385	6.4e-14	49.7
LN610585.1	21	18054	18395	1	63.2	0	NA	NA	NA	NA
LN610585.1	22	18382	20757	1	63.3	1	vog	VOG00991	8.1e-176	584.7
LN610585.1	23	20757	20963	1	62.8	0	NA	NA	NA	NA
LN610585.1	24	21053	21502	1	60.7	0	NA	NA	NA	NA
LN610585.1	25	21552	22238	1	65.5	0	NA	NA	NA	NA
LN610585.1	26	22231	22611	1	64.3	0	NA	NA	NA	NA
LN610585.1	27	22622	23014	1	67.7	0	NA	NA	NA	NA
LN610585.1	28	23007	23582	1	65.8	1	vog	VOG04002	6.1e-82	271.8
LN610585.1	29	23618	23863	1	61.0	0	NA	NA	NA	NA
LN610585.1	30	23962	24255	1	62.6	1	vpfs	YP_223968@NC_006938	1.4e-32	110.7
LN610585.1	31	24306	24923	1	60.2	1	vog	VOG20423	2.8e-08	31.7
LN610585.1	32	25009	25914	1	66.2	1	rvdb	FAM000339	1.1e-73	245.5
LN610585.1	33	25992	26210	1	61.6	1	vog	VOG14127	2.3e-35	118.3
LN610585.1	34	26238	27329	1	66.0	1	vog	VOG12250	4e-132	438.6
LN610585.1	35	27329	27691	1	64.2	0	NA	NA	NA	NA
LN610585.1	36	27684	28235	1	68.7	0	NA	NA	NA	NA
LN610585.1	37	28232	28486	1	67.1	0	NA	NA	NA	NA
LN610585.1	38	28474	28698	1	63.1	0	NA	NA	NA	NA
LN610585.1	39	28695	28895	1	59.7	0	NA	NA	NA	NA
LN610585.1	40	28888	29577	1	66.2	0	NA	NA	NA	NA
LN610585.1	41	29574	29858	1	64.9	0	NA	NA	NA	NA
LN610585.1	42	29855	30250	1	67.2	0	NA	NA	NA	NA
LN610585.1	43	30247	30516	1	67.4	1	vog	VOG14128	1.8e-46	153.7
LN610585.1	44	30503	30781	1	63.8	1	vog	VOG00499	5.2e-31	105.7
LN610585.1	45	31710	32225	1	64.1	1	vog	VOG00506	2.9e-39	132.5
LN610585.1	46	32222	33712	1	66.1	1	vog	VOG09528	3.9e-34	116.3
LN610585.1	47	33768	35252	1	66.2	1	vog	VOG01613	1.1e-139	463.8
LN610585.1	48	35252	36499	1	67.0	1	vog	VOG00526	2.7e-85	285.5
LN610585.1	49	36547	37248	1	66.1	0	NA	NA	NA	NA
LN610585.1	50	37264	37473	1	66.7	0	NA	NA	NA	NA
LN610585.1	51	37555	37767	1	62.4	0	NA	NA	NA	NA
LN610585.1	52	38094	38294	1	69.2	0	NA	NA	NA	NA
LN610585.1	53	38418	38828	1	60.1	0	NA	NA	NA	NA
LN610585.1	54	38821	39054	1	60.7	1	vog	VOG02029	2.3e-21	74.2
LN610585.1	55	39107	39274	1	67.9	0	NA	NA	NA	NA
LN610585.1	56	39384	40172	1	62.2	1	vog	VOG02936	1.7e-64	215.6
LN610585.1	57	40313	41233	1	61.3	1	vog	VOG01723	9.2e-104	344.5
LN610585.1	58	41373	41816	1	63.7	1	vog	VOG14122	3e-71	236.8
LN610585.1	59	41820	42050	1	66.2	0	NA	NA	NA	NA
LN610585.1	60	42056	42586	1	65.2	1	vog	VOG01212	1.4e-40	136.9
LN610585.1	61	42588	42977	1	64.9	1	vog	VOG00101	2.7e-25	86.8
LN610585.1	62	42979	43377	1	61.9	1	vog	VOG01572	3.1e-45	152.4
LN610585.1	63	43374	43784	1	59.6	1	vog	VOG00321	2.6e-29	99.3
LN610585.1	64	43796	44734	1	62.7	1	vpfs	3300001592@Draft_10000123@Draft_1000012360	4e-110	365.4
LN610585.1	65	44734	45171	1	62.1	1	vog	VOG00433	1.9e-54	182.5
LN610585.1	66	45273	45476	1	53.9	1	vog	VOG00433	2.2e-25	87.3
LN610585.1	67	45442	47919	1	64.7	1	vpfs	3300001592@Draft_10000123@Draft_1000012363	0.0	1036.4
LN610585.1	68	47930	49459	1	61.2	1	vog	VOG01009	1.6e-176	585.7
LN610585.1	69	49471	50472	1	61.1	1	vpfs	YP_007392454@NC_020200	2.7e-98	327.5
LN610585.1	70	50473	52140	1	62.5	1	vog	VOG02491	1.1e-208	691.6
LN610585.1	71	52137	52946	1	61.5	1	vog	VOG01363	2e-100	333.4
LN610585.1	72	52960	53193	1	60.7	1	vpfs	YP_006561081@NC_018282	2.3e-24	82.7
LN610585.1	73	53190	53396	1	59.9	1	vpfs	YP_006561132@NC_018283	2.6e-14	51.2
LN610585.1	74	53380	55554	1	63.9	1	vog	VOG09614	0.0	1111.1
LN610585.1	75	55554	55910	1	65.3	1	vog	VOG01418	5.9e-45	151.5
LN610585.1	76	55977	56453	1	59.5	0	NA	NA	NA	NA
LN610585.1	77	56450	56956	1	66.9	1	vpfs	3300001305@C688J14111_10000004@C688J14111_100000047	3.1e-35	118.1
LN610585.1	78	57007	57219	1	60.6	1	vog	VOG00493	2.3e-17	60.7
LN610585.1	79	57456	57665	1	65.7	0	NA	NA	NA	NA
LN610578.1	1	862	1032	1	49.1	0	NA	NA	NA	NA
LN610578.1	2	1050	1604	1	56.4	1	vog	VOG03429	5.8e-40	134.5
LN610578.1	3	1816	2034	1	51.1	1	pfam_b	Pfam-B_14741	1.2e-10	39.4
LN610578.1	4	2351	2533	1	55.2	0	NA	NA	NA	NA
LN610578.1	5	2773	3021	1	46.6	0	NA	NA	NA	NA
LN610578.1	6	3035	3190	1	52.6	0	NA	NA	NA	NA
LN610578.1	7	3177	3323	1	52.4	0	NA	NA	NA	NA
LN610578.1	8	3333	3596	1	49.6	0	NA	NA	NA	NA
LN610578.1	9	3634	3867	1	59.0	0	NA	NA	NA	NA
LN610578.1	10	4034	4285	1	48.4	1	vog	VOG02701	1.3e-34	115.7
LN610578.1	11	4285	4710	1	58.7	0	NA	NA	NA	NA
LN610578.1	12	4841	5053	1	58.2	0	NA	NA	NA	NA
LN610578.1	13	5055	5273	1	51.1	0	NA	NA	NA	NA
LN610578.1	14	5280	5498	1	51.1	0	NA	NA	NA	NA
LN610578.1	15	5508	6332	1	59.9	1	vog	VOG00372	4.6e-82	274.0
LN610578.1	16	6344	6472	1	56.6	1	vog	VOG01515	1.6e-26	89.6
LN610578.1	17	6554	7516	1	52.3	1	vog	VOG04365	4.8e-167	552.8
LN610578.1	18	7535	8494	1	54.3	1	vpfs	YP_008857820@NC_022971	1e-111	370.9
LN610578.1	19	8491	9291	1	58.4	1	vog	VOG11090	2.9e-114	378.4
LN610578.1	20	9284	9853	1	56.5	1	vog	VOG02768	4.8e-75	249.2
LN610578.1	21	9829	11004	1	56.5	1	vpfs	YP_006907076@NC_018850	9.5e-168	555.7
LN610578.1	22	11016	12548	1	55.6	1	vog	VOG00377	1.3e-153	510.5
LN610578.1	23	12558	12779	1	52.3	1	vog	VOG11089	1.8e-25	86.2
LN610578.1	24	12910	13794	1	58.1	1	vog	VOG02541	1.1e-97	323.9
LN610578.1	25	13794	14192	1	53.1	1	vog	VOG00376	3.8e-45	151.4
LN610578.1	26	14192	14569	1	52.4	1	vog	VOG12226	3.1e-59	195.8
LN610578.1	27	14570	16279	1	51.9	1	vog	VOG00974	1.9e-101	338.8
LN610578.1	28	16263	16772	1	51.2	0	NA	NA	NA	NA
LN610578.1	29	16739	17050	1	54.5	1	vpfs	3300000385@PR_CR_10_Liq_1_inCRDRAFT_1000041@PR_CR_10_Liq_1_inCRDRAFT_100004164	8.1e-29	97.7
LN610578.1	30	17086	17319	1	47.4	1	vog	VOG02711	5.8e-36	120.5
LN610578.1	31	17300	17491	1	50.0	0	NA	NA	NA	NA
LN610578.1	32	17478	17642	1	55.2	0	NA	NA	NA	NA
LN610578.1	33	17633	17917	1	47.0	1	vpfs	YP_008857835@NC_022971	1.3e-49	164.4
LN610578.1	34	17988	18497	1	50.6	1	vog	VOG01620	4.8e-46	154.7
LN610578.1	35	18526	18699	1	54.6	0	NA	NA	NA	NA
LN610578.1	36	18700	20337	1	53.4	1	ko	K21238	1.5e-58	196.2
LN610578.1	37	20407	20961	1	54.6	1	vpfs	CCN27172@HF543949	6e-89	294.6
LN610578.1	38	20939	21442	1	52.4	1	vog	VOG01421	1.7e-40	137.0
LN610578.1	39	21414	21698	1	53.7	1	vpfs	YP_008857842@NC_022971	2.5e-53	175.9
LN610578.1	40	21698	22147	1	46.0	1	vog	VOG01107	2.4e-18	64.5
LN610578.1	41	22232	23062	1	49.0	1	vog	VOG02664	4.8e-65	218.3
LN610578.1	42	23037	24020	1	52.3	1	vog	VOG03283	1.7e-137	455.5
LN610578.1	43	24215	24976	1	52.5	1	vog	VOG01457	7e-51	171.3
LN610578.1	44	24973	25191	1	51.1	0	NA	NA	NA	NA
LN610578.1	45	25195	25404	1	46.2	1	vog	VOG00159	6.1e-19	65.9
LN610578.1	46	25391	25597	1	47.3	0	NA	NA	NA	NA
LN610578.1	47	25575	25670	1	46.9	0	NA	NA	NA	NA
LN610578.1	48	25975	26331	-1	49.0	1	vpfs	YP_006907061@NC_018850	7.7e-71	233.5
LN610578.1	49	26346	27233	-1	51.4	1	vpfs	YP_006907060@NC_018850	1.1e-194	642.9
LN610578.1	50	27245	30412	-1	53.5	1	vog	VOG12229	0.0	1966.9
LN610578.1	51	30563	32077	-1	55.6	1	vog	VOG12230	3.1e-245	813.0
LN610578.1	52	32082	32462	-1	54.9	0	NA	NA	NA	NA
LN610578.1	53	32462	33403	-1	53.6	1	vog	VOG12231	4.4e-170	562.6
LN610578.1	54	33384	33818	-1	49.0	1	vpfs	3300000116@DelMOSpr2010_c10000111@DelMOSpr2010_100001112	1.4e-06	25.7
LN610578.1	55	33815	34504	-1	49.0	1	vpfs	YP_006659988@NC_017971	4.8e-136	449.5
LN610578.1	56	34501	36042	-1	49.1	1	vpfs	CCN27153@HF543949	3.1e-226	749.7
LN610578.1	57	36051	36698	-1	51.4	0	NA	NA	NA	NA
LN610578.1	58	36688	36936	-1	50.2	1	vog	VOG15042	2.7e-44	147.1
LN610578.1	59	36920	37111	-1	47.4	1	vpfs	3300001450@JGI24006J15134_10000150@JGI24006J15134_1000015058	1.2e-33	112.6
LN610578.1	60	37122	37748	-1	49.6	1	vpfs	3300000553@TBL_comb47_HYPODRAFT_10000291@TBL_comb47_HYPODRAFT_100002917	7.4e-08	29.7
LN610578.1	61	37752	38072	-1	50.5	1	vpfs	YP_006907049@NC_018850	4.9e-60	198.1
LN610578.1	62	38121	39074	-1	54.4	1	vog	VOG11081	3e-142	471.4
LN610578.1	63	39093	40088	-1	51.5	1	vog	VOG02645	5.6e-122	404.8
LN610578.1	64	40088	40330	-1	48.1	1	vpfs	YP_008857865@NC_022971	5.9e-41	136.0
LN610578.1	65	40333	42453	-1	50.6	1	vog	VOG02758	1.8e-197	655.5
LN610578.1	66	42453	43901	-1	50.9	1	pfam_a	Terminase_6	1.3e-47	159.9
LN610578.1	67	43901	44299	-1	52.6	1	ko	K01185	1.9e-11	41.7
LN610578.1	68	44331	44789	-1	49.5	1	vpfs	YP_006382530@NC_017971	3.6e-77	255.2
LN610579.1	1	601	1170	1	59.1	1	vog	VOG13485	1e-85	283.7
LN610579.1	2	1338	1952	-1	54.8	0	NA	NA	NA	NA
LN610579.1	3	2142	2852	-1	59.5	1	vog	VOG13487	1.5e-127	421.3
LN610579.1	4	2863	3174	-1	55.1	1	vog	VOG13488	3.4e-71	233.8
LN610579.1	5	3227	3448	-1	54.5	1	vpfs	YP_001294497@NC_007810	5.6e-37	123.3
LN610579.1	6	3458	3697	-1	60.0	1	vpfs	YP_001294497@NC_007810	1.1e-44	148.0
LN610579.1	7	3767	3991	-1	55.6	1	vog	VOG13489	4.7e-52	171.5
LN610579.1	8	4053	4382	-1	56.7	1	vog	VOG13490	1.9e-75	247.5
LN610579.1	9	4383	5027	-1	60.9	1	vpfs	YP_001294501@NC_007810	1.7e-142	470.1
LN610579.1	10	5059	5271	-1	56.3	1	vog	VOG13492	7e-51	167.9
LN610579.1	11	5268	5453	-1	50.0	1	vog	VOG13493	6.9e-36	119.6
LN610579.1	12	5465	5680	-1	52.3	1	vog	VOG13494	4.1e-51	168.6
LN610579.1	13	5677	5877	-1	56.2	1	vog	VOG13495	1.2e-46	154.2
LN610579.1	14	5874	6125	-1	51.6	1	vog	VOG13496	2.8e-60	198.0
LN610579.1	15	6256	6441	-1	59.1	1	vog	VOG13497	5.8e-47	155.0
LN610579.1	16	6526	6714	-1	53.4	1	vog	VOG13498	9.1e-41	135.4
LN610579.1	17	6717	7403	-1	54.3	1	vog	VOG13499	2.1e-133	441.0
LN610579.1	18	7458	7760	-1	52.1	1	vog	VOG13450	2.4e-64	211.6
LN610579.1	19	7772	7918	-1	51.0	1	vog	VOG13451	2.7e-35	117.8
LN610579.1	20	8116	8280	-1	63.6	1	vog	VOG17329	7.3e-41	135.9
LN610579.1	21	8323	8517	-1	51.8	1	vpfs	YP_008857161@NC_022967	1.4e-38	128.7
LN610579.1	22	8685	10067	1	52.6	1	vog	VOG09528	4.8e-43	145.8
LN610579.1	23	10104	10487	-1	60.2	1	vog	VOG13453	1.5e-82	272.2
LN610579.1	24	10484	10702	-1	56.6	1	vog	VOG13454	2.5e-51	169.6
LN610579.1	25	10702	11052	-1	62.7	1	vpfs	YP_002154240@NC_011166	4.2e-55	182.2
LN610579.1	26	11097	11495	-1	59.6	1	vog	VOG13455	2.6e-81	268.4
LN610579.1	27	11498	12277	-1	55.0	1	vpfs	3300002026@MIS_10001733@MIS_1000173344	5.1e-101	334.3
LN610579.1	28	12364	12801	-1	60.5	1	vog	VOG13456	2.2e-87	288.2
LN610579.1	29	12818	13405	-1	57.0	1	vog	VOG13457	5.6e-137	451.7
LN610579.1	30	13507	14439	-1	57.2	1	vog	VOG02595	3.2e-68	228.5
LN610579.1	31	14543	14890	-1	54.0	1	vog	VOG13459	1.5e-73	242.2
LN610579.1	32	15139	15450	-1	52.2	1	vpfs	YP_006382802@NC_017972	5.3e-40	134.7
LN610579.1	33	15456	15659	-1	57.8	1	vog	VOG13460	8.4e-52	171.0
LN610579.1	34	15656	15979	-1	56.5	1	vog	VOG13461	1.6e-77	254.2
LN610579.1	35	16011	16412	-1	54.5	1	vog	VOG13462	2.9e-75	248.2
LN610579.1	36	16593	18890	1	56.1	1	vog	VOG01455	2.1e-154	513.2
LN610579.1	37	18890	19726	1	53.5	1	vog	VOG00526	2.4e-12	44.3
LN610579.1	38	19745	19951	1	55.1	1	vog	VOG03952	1.7e-24	83.2
LN610579.1	39	19948	20088	1	54.6	1	vog	VOG13463	4.7e-35	116.9
LN610579.1	40	20602	22035	1	57.3	1	vog	VOG00947	1.6e-77	259.2
LN610579.1	41	22039	22674	1	63.4	1	vog	VOG13464	3.8e-94	311.7
LN610579.1	42	22684	23832	1	60.9	1	vog	VOG00672	1.2e-77	258.8
LN610579.1	43	23934	24371	1	53.9	1	vpfs	YP_001294441@NC_007810	2.3e-49	164.6
LN610579.1	44	24386	24853	1	59.2	1	vog	VOG00486	2e-42	142.2
LN610579.1	45	24850	25248	1	52.1	1	vog	VOG13466	1.2e-68	226.4
LN610579.1	46	25256	25807	1	47.8	1	vog	VOG13467	4.6e-85	281.5
LN610579.1	47	25804	26385	1	54.8	1	vpfs	3300001403@JGI20205J14842_1000001@JGI20205J14842_10000018	2.2e-45	151.7
LN610579.1	48	26401	27915	1	59.3	1	vog	VOG00919	1.1e-92	308.7
LN610579.1	49	27974	28426	1	59.8	1	vog	VOG01893	2.5e-57	190.5
LN610579.1	50	28426	28749	1	54.6	1	vog	VOG00124	4.1e-26	89.2
LN610579.1	51	28746	29096	1	53.0	1	vpfs	YP_004327326@NC_015295	9.3e-11	39.5
LN610579.1	52	29098	29529	1	63.4	1	vog	VOG13468	3.2e-84	278.1
LN610579.1	53	29539	30042	1	52.0	1	vog	VOG01893	2.3e-53	177.6
LN610579.1	54	30042	30581	1	51.1	1	vpfs	YP_001039789@NC_009015	1.3e-72	241.4
LN610579.1	55	30590	31183	1	47.1	1	vpfs	YP_001039789@NC_009015	2e-93	309.2
LN610579.1	56	31193	31621	1	57.3	1	vog	VOG13469	3.2e-74	245.0
LN610579.1	57	31625	34201	1	57.7	1	vog	VOG00562	0.0	1034.7
LN610579.1	58	34201	35064	1	51.5	1	vog	VOG00640	1.8e-51	172.8
LN610579.1	59	35064	35597	1	48.1	1	vog	VOG01871	3.2e-78	259.0
LN610579.1	60	35653	36318	1	53.6	1	vog	VOG00639	4.8e-51	171.4
LN610579.1	61	36375	37628	1	57.8	1	vog	VOG00647	8.7e-63	210.5
LN610579.1	62	37625	39139	1	56.2	1	vpfs	YP_001039781@NC_009015	0.0	1126.5
LN610579.1	63	39144	42038	1	57.1	1	vog	VOG03373	0.0	1541.2
LN610579.1	64	42040	42468	1	58.7	1	vog	VOG01002	4.1e-21	73.5
LN610579.1	65	42468	43130	1	60.0	1	vog	VOG23701	1.8e-36	123.6
LN610579.1	66	43155	43406	-1	50.4	1	vog	VOG13471	3.6e-49	162.3
LN610579.1	67	43686	44597	-1	57.1	1	rvdb	FAM000339	1.4e-46	156.5
LN610579.1	68	44652	45206	-1	56.2	0	NA	NA	NA	NA
LN610579.1	69	45203	45808	-1	60.7	1	vpfs	3300000553@TBL_comb47_HYPODRAFT_10000397@TBL_comb47_HYPODRAFT_1000039711	8.8e-64	212.2
LN610579.1	70	45865	46764	-1	59.7	1	vpfs	3300001751@JGI2172J19969_10000010@JGI2172J19969_100000101	9.9e-91	301.7
LN610579.1	71	46853	47473	-1	53.9	1	vpfs	YP_223934@NC_006938	3.9e-58	193.8
LN610579.1	72	47568	49127	-1	54.6	1	vog	VOG00637	1.5e-120	401.5
LN610579.1	73	49124	49534	-1	57.2	1	vog	VOG00385	1.3e-15	55.2
LN610579.1	74	49527	52637	-1	55.1	1	vog	VOG19777	0.0	1010.7
LN610579.1	75	52634	53188	-1	52.8	0	NA	NA	NA	NA
LN610579.1	76	53264	54280	-1	58.5	1	rvdb	FAM004312	7.8e-09	32.0
LN610579.1	77	54283	54474	-1	48.4	1	vog	VOG13472	6e-41	136.8
LN610579.1	78	54476	55393	-1	57.7	0	NA	NA	NA	NA
LN610579.1	79	55393	55599	-1	54.6	1	vog	VOG13473	1.8e-47	157.3
LN610579.1	80	55607	55831	-1	58.2	1	vog	VOG13474	3.1e-46	153.3
LN610579.1	81	55866	56084	-1	55.7	1	vpfs	YP_001294479@NC_007810	2.7e-53	175.9
LN610579.1	82	56068	56286	-1	60.3	1	vog	VOG13476	3.2e-52	172.3
LN610579.1	83	56286	56516	-1	56.3	1	vpfs	YP_223968@NC_006938	2.8e-11	41.1
LN610579.1	84	56605	57606	-1	54.5	1	vog	VOG13477	3.3e-200	661.9
LN610579.1	85	57711	58604	-1	62.5	1	vog	VOG13478	2.7e-99	329.9
LN610579.1	86	58628	58828	1	38.8	0	NA	NA	NA	NA
LN610579.1	87	58765	59952	-1	55.6	0	NA	NA	NA	NA
LN610579.1	88	59939	60361	-1	57.0	1	vog	VOG04501	3.1e-06	25.0
LN610579.1	89	60530	61315	1	58.7	1	vog	VOG13480	2e-181	598.3
LN610579.1	90	61326	62165	1	55.6	1	vog	VOG00192	2.7e-19	67.5
LN610579.1	91	62322	62780	1	57.7	1	vog	VOG01111	7.8e-18	62.6
LN610579.1	92	62777	63853	1	56.5	1	vog	VOG13483	1e-214	710.1
LN610579.1	93	63859	64044	1	45.7	1	vog	VOG13484	8.5e-43	142.1
LN610579.1	94	64192	65931	1	54.9	1	vog	VOG00584	4.7e-107	357.2
LN610589.1	1	604	1176	1	57.8	1	vog	VOG13485	1.6e-85	283.1
LN610589.1	2	1346	1960	-1	55.4	0	NA	NA	NA	NA
LN610589.1	3	2149	2754	-1	58.3	1	vog	VOG13487	2.4e-125	414.0
LN610589.1	4	2764	3081	-1	54.1	1	vog	VOG13488	1.3e-68	225.5
LN610589.1	5	3129	3365	-1	52.3	1	vpfs	YP_001294497@NC_007810	1.1e-25	87.1
LN610589.1	6	3375	3602	-1	50.9	1	vpfs	YP_001294497@NC_007810	5.4e-29	97.7
LN610589.1	7	3656	3880	-1	54.2	1	vog	VOG13489	2.6e-53	175.6
LN610589.1	8	3946	4272	-1	56.0	1	vog	VOG13490	5.9e-76	249.2
LN610589.1	9	4269	4916	-1	59.9	1	vpfs	YP_001294501@NC_007810	1.4e-142	470.4
LN610589.1	10	4948	5160	-1	56.3	1	vog	VOG13492	2.7e-49	162.9
LN610589.1	11	5157	5342	-1	50.0	1	vog	VOG13493	6.9e-36	119.6
LN610589.1	12	5354	5569	-1	52.3	1	vog	VOG13494	4.1e-51	168.6
LN610589.1	13	5566	5766	-1	57.2	1	vog	VOG13495	1.8e-45	150.4
LN610589.1	14	5763	6014	-1	51.6	1	vog	VOG13496	7.4e-60	196.6
LN610589.1	15	6140	6325	-1	59.7	1	vog	VOG13497	1.5e-46	153.7
LN610589.1	16	6410	6598	-1	54.5	1	vog	VOG13498	1.3e-42	141.3
LN610589.1	17	6601	7245	-1	55.8	1	vog	VOG13499	5.5e-104	344.7
LN610589.1	18	7293	7595	-1	51.8	1	vog	VOG13450	6.2e-64	210.3
LN610589.1	19	7606	7752	-1	51.7	1	vog	VOG13451	1.1e-35	119.0
LN610589.1	20	7993	8244	-1	55.6	0	NA	NA	NA	NA
LN610589.1	21	8415	9797	1	50.7	1	vog	VOG09528	7.4e-43	145.1
LN610589.1	22	9834	10217	-1	58.9	1	vog	VOG13453	3e-81	268.0
LN610589.1	23	10214	10432	-1	52.1	1	vog	VOG13454	5.4e-51	168.5
LN610589.1	24	10432	10782	-1	61.0	1	vpfs	YP_002154240@NC_011166	4.2e-59	195.1
LN610589.1	25	10827	11228	-1	59.0	1	vog	VOG13455	1.3e-80	266.1
LN610589.1	26	11231	12010	-1	55.1	1	vpfs	3300002026@MIS_10001733@MIS_1000173344	1.1e-100	333.3
LN610589.1	27	12096	12533	-1	57.8	1	vog	VOG13456	6.7e-91	299.6
LN610589.1	28	12549	13136	-1	57.0	1	vog	VOG13457	4.8e-131	432.3
LN610589.1	29	13146	13241	-1	51.0	1	vog	VOG13458	7e-18	61.7
LN610589.1	30	13238	14167	-1	56.0	1	vog	VOG02595	5e-69	231.2
LN610589.1	31	14271	14618	-1	51.7	1	vog	VOG13459	2.2e-73	241.7
LN610589.1	32	14867	15178	-1	49.7	1	vpfs	YP_006382802@NC_017972	9.4e-43	143.7
LN610589.1	33	15384	15707	-1	55.6	1	vog	VOG13461	1.3e-76	251.2
LN610589.1	34	15739	16140	-1	52.0	1	vog	VOG13462	2.2e-74	245.4
LN610589.1	35	16320	18617	1	56.0	1	vog	VOG01455	6.7e-156	518.2
LN610589.1	36	18617	19453	1	50.5	1	vog	VOG00526	1.1e-13	48.8
LN610589.1	37	19473	19679	1	54.1	1	vog	VOG03952	7e-25	84.4
LN610589.1	38	19676	19816	1	48.2	1	vog	VOG13463	8.2e-33	109.7
LN610589.1	39	20368	21765	1	57.5	1	vog	VOG00947	3.7e-70	234.9
LN610589.1	40	21769	22404	1	63.8	1	vog	VOG13464	7.3e-90	297.7
LN610589.1	41	22414	23562	1	61.6	1	vog	VOG00672	2.8e-77	257.6
LN610589.1	42	23664	24101	1	53.9	1	vpfs	YP_001294441@NC_007810	1.3e-50	168.7
LN610589.1	43	24116	24583	1	57.3	1	vog	VOG00486	9.1e-42	140.0
LN610589.1	44	24580	24978	1	50.1	1	vog	VOG13466	5.4e-68	224.4
LN610589.1	45	24986	25537	1	47.5	1	vog	VOG13467	1.6e-84	279.8
LN610589.1	46	25534	26115	1	54.1	1	vpfs	3300001403@JGI20205J14842_1000001@JGI20205J14842_10000018	2.2e-45	151.7
LN610589.1	47	26132	27646	1	58.2	1	vog	VOG00919	3.1e-92	307.2
LN610589.1	48	27704	28156	1	58.9	1	vog	VOG01893	8e-57	188.8
LN610589.1	49	28156	28479	1	51.2	1	vog	VOG00124	1.9e-25	87.1
LN610589.1	50	28476	28826	1	52.4	1	vpfs	YP_004327326@NC_015295	7.6e-11	39.8
LN610589.1	51	28828	29256	1	61.3	1	vog	VOG13468	9.3e-85	279.9
LN610589.1	52	29266	29769	1	50.6	1	vog	VOG01893	6.8e-53	176.1
LN610589.1	53	29769	30308	1	51.3	1	vpfs	YP_001039789@NC_009015	3.4e-73	243.2
LN610589.1	54	30317	30910	1	47.0	1	vpfs	YP_001039789@NC_009015	1.7e-93	309.5
LN610589.1	55	30920	31348	1	55.7	1	vog	VOG13469	2.8e-75	248.4
LN610589.1	56	31352	33934	1	56.8	1	vog	VOG00562	0.0	1057.5
LN610589.1	57	33934	34797	1	50.5	1	vog	VOG00640	2e-51	172.7
LN610589.1	58	34797	35330	1	49.1	1	vog	VOG01871	1.3e-75	250.4
LN610589.1	59	35386	36051	1	53.5	1	vog	VOG00639	8.1e-51	170.7
LN610589.1	60	36108	37361	1	55.9	1	vog	VOG00647	4.4e-60	201.6
LN610589.1	61	37358	38872	1	55.4	1	vpfs	YP_001039781@NC_009015	0.0	1141.7
LN610589.1	62	38877	41771	1	57.1	1	vog	VOG03373	0.0	1516.4
LN610589.1	63	41773	42201	1	57.1	1	vog	VOG01002	4.2e-20	70.2
LN610589.1	64	42201	42863	1	58.8	1	vog	VOG23701	8.6e-36	121.4
LN610589.1	65	42888	43139	-1	49.6	1	vog	VOG13471	7.6e-49	161.3
LN610589.1	66	43419	44330	-1	56.5	1	rvdb	FAM000339	5.7e-44	147.9
LN610589.1	67	44385	44939	-1	54.4	0	NA	NA	NA	NA
LN610589.1	68	44936	45541	-1	59.7	1	vpfs	3300000553@TBL_comb47_HYPODRAFT_10000397@TBL_comb47_HYPODRAFT_1000039711	3.7e-64	213.4
LN610589.1	69	45598	46494	-1	60.3	1	vpfs	3300001751@JGI2172J19969_10000010@JGI2172J19969_100000101	7.7e-92	305.3
LN610589.1	70	46583	47203	-1	52.5	1	vpfs	YP_223934@NC_006938	3.9e-58	193.8
LN610589.1	71	47298	48857	-1	52.2	1	vog	VOG00637	4.8e-118	393.2
LN610589.1	72	48854	49264	-1	55.0	1	vog	VOG00385	6.9e-16	56.1
LN610589.1	73	49257	52364	-1	54.3	1	vog	VOG19777	1.3e-300	996.1
LN610589.1	74	52364	52918	-1	51.2	0	NA	NA	NA	NA
LN610589.1	75	52994	54010	-1	56.3	1	rvdb	FAM004312	2.5e-09	33.6
LN610589.1	76	54013	54204	-1	49.5	1	vog	VOG13472	1.5e-40	135.6
LN610589.1	77	54206	55123	-1	56.8	0	NA	NA	NA	NA
LN610589.1	78	55123	55329	-1	50.2	1	vog	VOG13473	2.9e-47	156.6
LN610589.1	79	55341	55607	-1	55.4	1	vog	VOG13474	1.8e-59	195.7
LN610589.1	80	55607	55825	-1	56.2	1	vpfs	YP_001294479@NC_007810	1.2e-53	177.0
LN610589.1	81	55809	56027	-1	59.8	1	vog	VOG13476	1.3e-50	167.2
LN610589.1	82	56027	56257	-1	58.4	1	vpfs	YP_223968@NC_006938	5.8e-12	43.3
LN610589.1	83	56347	57348	-1	55.5	1	vog	VOG13477	2.5e-190	629.4
LN610589.1	84	57453	58346	-1	62.8	1	vog	VOG13478	4.5e-101	335.8
LN610589.1	85	58507	59694	-1	53.7	0	NA	NA	NA	NA
LN610589.1	86	59681	60103	-1	55.6	0	NA	NA	NA	NA
LN610589.1	87	60271	61056	1	57.9	1	vog	VOG13480	2.6e-181	597.9
LN610589.1	88	61067	62221	1	56.9	1	vog	VOG00192	2.7e-43	146.7
LN610589.1	89	62221	62670	1	57.6	1	vog	VOG01111	3.4e-18	63.7
LN610589.1	90	62667	63743	1	56.2	1	vog	VOG13483	5.9e-215	710.9
LN610589.1	91	63749	63934	1	47.3	1	vog	VOG13484	6.2e-42	139.3
LN610589.1	92	64082	65812	1	53.8	1	vog	VOG00584	3.9e-105	350.8
LN610588.1	1	602	1171	1	60.0	1	vog	VOG13485	1e-85	283.7
LN610588.1	2	1339	1953	-1	55.1	0	NA	NA	NA	NA
LN610588.1	3	2143	2838	-1	58.2	1	vog	VOG13487	7.6e-127	419.0
LN610588.1	4	2849	3160	-1	56.1	1	vog	VOG13488	2.3e-71	234.3
LN610588.1	5	3213	3434	-1	52.7	1	vpfs	YP_001294497@NC_007810	4.5e-37	123.6
LN610588.1	6	3444	3698	-1	56.5	1	vpfs	YP_001294497@NC_007810	3.6e-48	159.2
LN610588.1	7	3752	3976	-1	54.7	1	vog	VOG13489	7.7e-53	174.0
LN610588.1	8	4041	4367	-1	55.7	1	vog	VOG13490	9e-75	245.4
LN610588.1	9	4368	5012	-1	60.9	1	vpfs	YP_001294501@NC_007810	1.7e-142	470.1
LN610588.1	10	5044	5256	-1	56.3	1	vog	VOG13492	7e-51	167.9
LN610588.1	11	5253	5438	-1	50.0	1	vog	VOG13493	6.9e-36	119.6
LN610588.1	12	5450	5665	-1	52.3	1	vog	VOG13494	4.1e-51	168.6
LN610588.1	13	5662	5862	-1	56.2	1	vog	VOG13495	1.2e-46	154.2
LN610588.1	14	5859	6110	-1	51.2	1	vog	VOG13496	1.6e-60	198.7
LN610588.1	15	6241	6426	-1	59.1	1	vog	VOG13497	5.8e-47	155.0
LN610588.1	16	6511	6699	-1	53.4	1	vog	VOG13498	9.1e-41	135.4
LN610588.1	17	6702	7388	-1	54.1	1	vog	VOG13499	2.1e-133	441.0
LN610588.1	18	7443	7745	-1	52.1	1	vog	VOG13450	2.4e-64	211.6
LN610588.1	19	7757	7903	-1	51.0	1	vog	VOG13451	2.7e-35	117.8
LN610588.1	20	8101	8265	-1	63.6	1	vog	VOG17329	7.3e-41	135.9
LN610588.1	21	8308	8502	-1	51.8	1	vpfs	YP_008857161@NC_022967	1.4e-38	128.7
LN610588.1	22	8670	10052	1	52.9	1	vog	VOG09528	5.8e-43	145.5
LN610588.1	23	10089	10472	-1	60.2	1	vog	VOG13453	1.5e-82	272.2
LN610588.1	24	10469	10687	-1	55.7	1	vog	VOG13454	2.5e-51	169.6
LN610588.1	25	10687	11037	-1	62.7	1	vpfs	YP_002154240@NC_011166	4.2e-55	182.2
LN610588.1	26	11082	11480	-1	59.6	1	vog	VOG13455	9.5e-83	273.0
LN610588.1	27	11483	12262	-1	55.1	1	vpfs	3300002026@MIS_10001733@MIS_1000173344	5.1e-101	334.3
LN610588.1	28	12349	12786	-1	60.3	1	vog	VOG13456	2.2e-87	288.2
LN610588.1	29	12803	13390	-1	57.0	1	vog	VOG13457	5.6e-137	451.7
LN610588.1	30	13492	14424	-1	57.2	1	vog	VOG02595	3.2e-68	228.5
LN610588.1	31	14528	14875	-1	54.0	1	vog	VOG13459	2.1e-73	241.8
LN610588.1	32	15013	15255	1	55.1	0	NA	NA	NA	NA
LN610588.1	33	15199	15510	-1	52.2	1	vpfs	YP_006382802@NC_017972	3.8e-40	135.2
LN610588.1	34	15516	15719	-1	57.8	1	vog	VOG13460	8.4e-52	171.0
LN610588.1	35	15716	16039	-1	56.5	1	vog	VOG13461	1.6e-77	254.2
LN610588.1	36	16071	16472	-1	54.5	1	vog	VOG13462	2.9e-75	248.2
LN610588.1	37	16653	18950	1	56.2	1	vog	VOG01455	1.5e-154	513.7
LN610588.1	38	18950	19786	1	53.5	1	vog	VOG00526	2.4e-12	44.3
LN610588.1	39	19805	20011	1	55.1	1	vog	VOG03952	1.7e-24	83.2
LN610588.1	40	20008	20148	1	54.6	1	vog	VOG13463	4.7e-35	116.9
LN610588.1	41	20662	22095	1	57.3	1	vog	VOG00947	1.6e-77	259.2
LN610588.1	42	22099	22734	1	63.5	1	vog	VOG13464	3.8e-94	311.7
LN610588.1	43	22744	23892	1	60.9	1	vog	VOG00672	1.2e-77	258.8
LN610588.1	44	23994	24431	1	53.9	1	vpfs	YP_001294441@NC_007810	2.3e-49	164.6
LN610588.1	45	24446	24913	1	59.2	1	vog	VOG00486	2e-42	142.2
LN610588.1	46	24910	25308	1	52.1	1	vog	VOG13466	1.2e-68	226.4
LN610588.1	47	25316	25867	1	47.8	1	vog	VOG13467	4.6e-85	281.5
LN610588.1	48	25864	26445	1	54.8	1	vpfs	3300001403@JGI20205J14842_1000001@JGI20205J14842_10000018	2.2e-45	151.7
LN610588.1	49	26461	27975	1	59.3	1	vog	VOG00919	1.1e-92	308.7
LN610588.1	50	28034	28486	1	59.8	1	vog	VOG01893	2.5e-57	190.5
LN610588.1	51	28486	28809	1	54.6	1	vog	VOG00124	4.1e-26	89.2
LN610588.1	52	28806	29156	1	53.0	1	vpfs	YP_004327326@NC_015295	9.3e-11	39.5
LN610588.1	53	29158	29589	1	63.2	1	vog	VOG13468	3.2e-84	278.1
LN610588.1	54	29599	30102	1	51.8	1	vog	VOG01893	2.3e-53	177.6
LN610588.1	55	30102	30641	1	50.9	1	vpfs	YP_001039789@NC_009015	1.9e-72	240.8
LN610588.1	56	30650	31243	1	47.1	1	vpfs	YP_001039789@NC_009015	2e-93	309.2
LN610588.1	57	31253	31681	1	57.3	1	vog	VOG13469	3.2e-74	245.0
LN610588.1	58	31685	34261	1	57.8	1	vog	VOG00562	0.0	1035.8
LN610588.1	59	34261	35124	1	51.5	1	vog	VOG00640	1.8e-51	172.8
LN610588.1	60	35124	35657	1	47.9	1	vog	VOG01871	7.9e-78	257.7
LN610588.1	61	35713	36378	1	53.6	1	vog	VOG00639	4.8e-51	171.4
LN610588.1	62	36436	37689	1	57.8	1	vog	VOG00647	2e-62	209.3
LN610588.1	63	37686	39200	1	55.6	1	vpfs	YP_001039781@NC_009015	0.0	1119.2
LN610588.1	64	39205	42099	1	57.1	1	vog	VOG03373	0.0	1538.8
LN610588.1	65	42101	42529	1	58.3	1	vog	VOG01002	1.9e-21	74.6
LN610588.1	66	42529	43191	1	58.8	1	vog	VOG23701	1.6e-36	123.8
LN610588.1	67	43216	43467	-1	50.8	1	vog	VOG13471	3.6e-49	162.3
LN610588.1	68	43747	44658	-1	57.2	1	rvdb	FAM000339	1.4e-46	156.5
LN610588.1	69	44713	45267	-1	53.9	0	NA	NA	NA	NA
LN610588.1	70	45264	45869	-1	61.1	1	vpfs	3300000553@TBL_comb47_HYPODRAFT_10000397@TBL_comb47_HYPODRAFT_1000039711	3.7e-64	213.4
LN610588.1	71	45996	46895	-1	59.9	1	vpfs	3300001751@JGI2172J19969_10000010@JGI2172J19969_100000101	1.2e-90	301.5
LN610588.1	72	46984	47604	-1	53.6	1	vpfs	YP_223934@NC_006938	3.6e-58	194.0
LN610588.1	73	47699	49258	-1	54.6	1	vog	VOG00637	1.5e-120	401.5
LN610588.1	74	49255	49665	-1	57.2	1	vog	VOG00385	1.3e-15	55.2
LN610588.1	75	49658	52768	-1	55.1	1	vog	VOG19777	0.0	1010.7
LN610588.1	76	52765	53319	-1	52.8	0	NA	NA	NA	NA
LN610588.1	77	53395	54411	-1	58.6	1	rvdb	FAM004312	7.8e-09	32.0
LN610588.1	78	54414	54605	-1	49.0	1	vog	VOG13472	5.8e-41	136.9
LN610588.1	79	54607	55524	-1	57.5	0	NA	NA	NA	NA
LN610588.1	80	55524	55730	-1	54.1	1	vog	VOG13473	1.8e-47	157.3
LN610588.1	81	55738	55962	-1	59.6	1	vog	VOG13474	8.6e-47	155.1
LN610588.1	82	55995	56213	-1	55.7	1	vpfs	YP_001294479@NC_007810	4.7e-54	178.3
LN610588.1	83	56197	56415	-1	58.0	1	vog	VOG13476	2.1e-51	169.7
LN610588.1	84	56415	56645	-1	59.7	1	vpfs	YP_223968@NC_006938	1.5e-11	42.0
LN610588.1	85	56733	57734	-1	55.1	1	vog	VOG13477	4.4e-201	664.8
LN610588.1	86	57839	58732	-1	62.5	1	vog	VOG13478	1.7e-100	333.9
LN610588.1	87	58890	60077	-1	55.1	0	NA	NA	NA	NA
LN610588.1	88	60064	60486	-1	58.6	1	vog	VOG04501	2.5e-06	25.3
LN610588.1	89	60655	61440	1	59.0	1	vog	VOG13480	2.5e-181	597.9
LN610588.1	90	61450	62364	1	55.3	1	vog	VOG00192	7.3e-20	69.4
LN610588.1	91	62364	62813	1	57.8	1	vog	VOG01111	7.1e-17	59.4
LN610588.1	92	62810	63886	1	58.0	1	vog	VOG13483	1e-214	710.1
LN610588.1	93	63892	64077	1	47.8	1	vog	VOG13484	6.2e-42	139.3
LN610588.1	94	64225	65964	1	54.7	1	vog	VOG00584	2e-107	358.4
LN610590.1	1	203	862	-1	59.1	0	NA	NA	NA	NA
LN610590.1	2	1103	1459	1	61.6	0	NA	NA	NA	NA
LN610590.1	3	1462	1896	1	62.8	1	vog	VOG03553	9.7e-64	211.7
LN610590.1	4	1896	2222	1	59.9	0	NA	NA	NA	NA
LN610590.1	5	2219	2629	1	56.0	1	vog	VOG19833	1.1e-18	65.4
LN610590.1	6	2622	4691	1	67.4	1	vog	VOG00656	1.1e-197	656.9
LN610590.1	7	4706	5458	1	65.1	1	vog	VOG02493	1.1e-90	301.6
LN610590.1	8	5455	6120	1	65.9	1	vog	VOG02138	6.4e-87	287.9
LN610590.1	9	6192	6827	1	62.9	1	vog	VOG11310	2.1e-82	273.0
LN610590.1	10	6812	6928	1	65.8	1	vog	VOG13715	2.9e-22	76.2
LN610590.1	11	6928	7341	1	67.1	1	vog	VOG03043	2.6e-44	147.9
LN610590.1	12	7304	7615	1	63.1	1	vog	VOG11311	1.5e-42	141.8
LN610590.1	13	7629	8246	1	62.5	1	vpfs	YP_024678@NC_005882	1.5e-90	300.1
LN610590.1	14	8248	8556	1	62.8	1	vog	VOG11312	4.7e-68	223.4
LN610590.1	15	8559	8840	1	68.4	1	vog	VOG01780	2.2e-59	197.9
LN610590.1	16	8824	9048	1	62.2	1	vog	VOG01780	4.8e-43	144.7
LN610590.1	17	9051	9167	1	56.4	1	vog	VOG11313	2.8e-22	76.4
LN610590.1	18	9391	9687	1	63.6	1	vog	VOG11314	4.2e-58	191.5
LN610590.1	19	9684	10091	1	65.0	1	vog	VOG02447	8.1e-43	144.0
LN610590.1	20	10078	10527	1	65.6	1	vog	VOG00628	5.2e-41	137.3
LN610590.1	21	10630	10977	1	65.8	1	vog	VOG13716	6.2e-79	259.3
LN610590.1	22	10922	11392	1	65.2	1	vog	VOG01907	9.8e-53	175.4
LN610590.1	23	11392	11808	1	65.2	1	vog	VOG00812	9.9e-48	160.8
LN610590.1	24	11808	12050	1	63.4	1	vog	VOG12001	2.6e-58	191.8
LN610590.1	25	12047	12448	1	68.2	1	vog	VOG11315	4e-86	283.6
LN610590.1	26	12559	12747	1	66.1	1	vog	VOG11316	5.6e-47	154.9
LN610590.1	27	12756	13256	1	66.1	1	pfam_a	DUF1804	4.3e-65	216.3
LN610590.1	28	13256	13507	1	57.1	1	vog	VOG20758	1.7e-58	192.5
LN610590.1	29	13461	13712	-1	54.8	1	vog	VOG20759	7.3e-60	196.5
LN610590.1	30	13743	15395	1	64.2	1	vpfs	YP_004934675@NC_016165	2.9e-244	809.3
LN610590.1	31	15405	16985	1	65.9	1	vpfs	YP_007002935@NC_019455	9e-243	804.4
LN610590.1	32	16985	18271	1	67.1	1	vog	VOG02451	1.8e-138	460.3
LN610590.1	33	18271	18738	1	64.5	1	vog	VOG00655	4e-41	138.6
LN610590.1	34	18849	19046	1	56.1	1	vog	VOG14914	9.6e-49	161.4
LN610590.1	35	19043	19345	1	55.8	1	vog	VOG20760	7.2e-72	235.7
LN610590.1	36	19332	19556	1	67.1	1	vog	VOG04658	7.4e-49	161.5
LN610590.1	37	19776	20873	1	67.2	1	vog	VOG00379	6.6e-92	306.5
LN610590.1	38	20877	21791	1	61.7	1	vpfs	AGG58130@HQ316581	1.1e-146	485.4
LN610590.1	39	21858	22199	1	64.3	1	pfam_a	FluMu_N	1.2e-06	25.9
LN610590.1	40	22199	22366	1	65.5	1	vog	VOG11322	5.7e-34	113.8
LN610590.1	41	22363	22779	1	61.4	1	vog	VOG01430	8.5e-40	133.8
LN610590.1	42	22776	23249	1	64.6	1	vog	VOG10810	5.6e-58	192.6
LN610590.1	43	23237	23416	1	61.7	1	vog	VOG11323	1e-29	99.9
LN610590.1	44	23449	24219	1	64.6	1	vog	VOG01584	7e-72	239.7
LN610590.1	45	24223	24717	1	66.9	1	vog	VOG00578	2.5e-76	253.7
LN610590.1	46	24866	28348	1	65.4	1	tigr	TIGR02675	5e-14	50.0
LN610590.1	47	28355	29311	1	63.9	1	vog	VOG01009	1.2e-85	286.0
LN610590.1	48	29313	30236	1	62.3	1	vpfs	YP_007392454@NC_020200	3.3e-112	373.2
LN610590.1	49	30236	31939	1	66.2	1	vog	VOG02491	4e-199	660.0
LN610590.1	50	31929	32750	1	62.5	1	tigr	TIGR02218	1.5e-89	297.8
LN610590.1	51	32759	32998	1	56.7	1	vpfs	YP_006561081@NC_018282	8.8e-36	119.2
LN610590.1	52	32995	33213	1	63.0	1	vpfs	YP_006561132@NC_018283	1e-26	91.4
LN610590.1	53	33203	35410	1	64.4	1	vog	VOG09614	2.4e-299	994.0
LN610590.1	54	35407	36558	1	62.6	1	vpfs	YP_007392761@NC_020202	8.7e-246	812.7
LN610590.1	55	36561	36848	1	63.5	1	vog	VOG11324	1.2e-32	109.9
LN610590.1	56	36927	37151	1	62.2	1	pfam_b	Pfam-B_11611	2.4e-17	61.0
PP456877.1	1	21	983	1	38.6	1	vog	VOG09936	2.7e-101	336.5
PP456877.1	2	1000	3696	1	37.1	1	vpfs	2029527005@ACOFG987_contig29535@ACOFGT_1164330	1.6e-297	986.4
PP456877.1	3	3693	5351	1	40.9	1	vog	VOG01966	1.9e-181	603.0
PP456877.1	4	5491	7644	1	37.6	1	vog	VOG19458	3.6e-41	138.7
PP456877.1	5	7699	7965	-1	36.0	0	NA	NA	NA	NA
PP456877.1	6	8249	8464	-1	41.2	0	NA	NA	NA	NA
PP456877.1	7	8542	8877	-1	45.8	0	NA	NA	NA	NA
PP456877.1	8	9411	9749	-1	46.0	0	NA	NA	NA	NA
PP456877.1	9	9761	10066	-1	39.2	1	vog	VOG00563	6.7e-23	78.4
PP456877.1	10	10117	10404	-1	43.1	0	NA	NA	NA	NA
PP456877.1	11	10462	10671	-1	36.2	0	NA	NA	NA	NA
PP456877.1	12	10701	11030	-1	37.9	0	NA	NA	NA	NA
PP456877.1	13	11093	11485	-1	37.7	0	NA	NA	NA	NA
PP456877.1	14	11514	11657	-1	37.5	0	NA	NA	NA	NA
PP456877.1	15	11714	12193	-1	42.5	0	NA	NA	NA	NA
PP456877.1	16	12278	12724	-1	44.3	0	NA	NA	NA	NA
PP456877.1	17	12825	14003	-1	43.4	0	NA	NA	NA	NA
PP456877.1	18	14035	14637	-1	43.6	0	NA	NA	NA	NA
PP456877.1	19	14638	14814	-1	40.7	0	NA	NA	NA	NA
PP456877.1	20	14811	15209	-1	46.4	0	NA	NA	NA	NA
PP456877.1	21	15215	15556	-1	48.2	0	NA	NA	NA	NA
PP456877.1	22	15571	15921	-1	35.6	0	NA	NA	NA	NA
PP456877.1	23	15948	16103	-1	43.6	0	NA	NA	NA	NA
PP456877.1	24	16157	16417	-1	47.1	0	NA	NA	NA	NA
PP456877.1	25	16498	16830	-1	35.4	0	NA	NA	NA	NA
PP456877.1	26	16909	17118	-1	39.5	0	NA	NA	NA	NA
PP456877.1	27	17121	17378	-1	34.5	0	NA	NA	NA	NA
PP456877.1	28	17375	17890	-1	42.1	0	NA	NA	NA	NA
PP456877.1	29	17985	18389	-1	29.9	1	vog	VOG00765	7e-35	117.3
PP456877.1	30	18507	19028	-1	31.6	0	NA	NA	NA	NA
PP456877.1	31	19028	19534	-1	29.2	0	NA	NA	NA	NA
PP456877.1	32	19509	20093	-1	32.6	0	NA	NA	NA	NA
PP456877.1	33	20057	20446	-1	34.1	1	vpfs	7000000207@SRS011243_Baylor_scaffold_48708@SRS011243_Baylor_scaffold_48708_gene_63477	8.2e-69	227.4
PP456877.1	34	20740	23079	1	39.9	0	NA	NA	NA	NA
PP456877.1	35	23180	24343	1	38.1	0	NA	NA	NA	NA
PP456877.1	36	24340	24753	1	41.5	0	NA	NA	NA	NA
PP456877.1	37	24839	26779	1	38.4	0	NA	NA	NA	NA
PP456877.1	38	26993	27445	1	30.7	0	NA	NA	NA	NA
PP456877.1	39	27695	27988	1	34.0	0	NA	NA	NA	NA
PP456877.1	40	28125	28346	1	27.9	0	NA	NA	NA	NA
PP456877.1	41	28355	28642	1	37.5	0	NA	NA	NA	NA
PP456877.1	42	28645	28992	1	38.8	0	NA	NA	NA	NA
PP456877.1	43	29288	30301	1	42.1	0	NA	NA	NA	NA
PP456877.1	44	30454	31461	1	39.1	0	NA	NA	NA	NA
PP456877.1	45	31746	32258	1	33.9	1	vog	VOG02939	1.2e-71	237.4
PP456877.1	46	32627	32812	1	36.0	0	NA	NA	NA	NA
PP456877.1	47	32805	33095	1	41.2	0	NA	NA	NA	NA
PP456877.1	48	33567	34196	1	27.1	0	NA	NA	NA	NA
PP456877.1	49	34253	34390	-1	37.7	0	NA	NA	NA	NA
PP456877.1	50	34745	34921	1	31.6	0	NA	NA	NA	NA
PP456877.1	51	34964	35374	1	30.2	0	NA	NA	NA	NA
PP456877.1	52	35455	35844	1	36.2	0	NA	NA	NA	NA
PP456877.1	53	35907	36587	-1	30.7	0	NA	NA	NA	NA
PP456877.1	54	36588	36737	-1	23.3	0	NA	NA	NA	NA
PP456877.1	55	36756	37256	-1	36.9	1	vog	VOG01814	2e-07	28.9
PP456877.1	56	37277	38008	-1	36.2	0	NA	NA	NA	NA
PP456877.1	57	38456	38836	-1	41.7	0	NA	NA	NA	NA
PP456877.1	58	38978	39391	-1	36.5	0	NA	NA	NA	NA
PP456877.1	59	39393	40046	-1	37.6	0	NA	NA	NA	NA
PP456877.1	60	40195	40383	-1	36.0	0	NA	NA	NA	NA
PP456877.1	61	40407	41933	-1	36.9	1	vog	VOG00242	6.9e-137	454.8
PP456877.1	62	41930	42715	-1	34.4	0	NA	NA	NA	NA
PP456877.1	63	42772	43644	-1	35.5	0	NA	NA	NA	NA
PP456877.1	64	43686	44039	-1	31.4	0	NA	NA	NA	NA
PP456877.1	65	44104	44568	-1	33.8	1	vpfs	7000000323@SRS046686_LANL_scaffold_8540@SRS046686_LANL_scaffold_8540_gene_9622	4.8e-07	27.0
PP456877.1	66	44584	45099	-1	32.2	0	NA	NA	NA	NA
PP456877.1	67	45146	45502	-1	36.1	0	NA	NA	NA	NA
PP456877.1	68	45543	45902	-1	34.2	0	NA	NA	NA	NA
PP456877.1	69	45916	46428	-1	39.0	0	NA	NA	NA	NA
PP456877.1	70	46461	46922	-1	39.2	0	NA	NA	NA	NA
PP456877.1	71	46915	47355	-1	34.9	0	NA	NA	NA	NA
PP456877.1	72	47414	47713	-1	34.0	0	NA	NA	NA	NA
PP456877.1	73	47725	48246	-1	34.9	0	NA	NA	NA	NA
PP456877.1	74	48261	48620	-1	34.7	0	NA	NA	NA	NA
PP456877.1	75	48617	48856	-1	37.9	0	NA	NA	NA	NA
PP456877.1	76	48869	49555	-1	37.4	0	NA	NA	NA	NA
PP456877.1	77	49602	49937	-1	35.1	0	NA	NA	NA	NA
PP456877.1	78	49981	50343	-1	37.2	0	NA	NA	NA	NA
PP456877.1	79	50345	50722	-1	32.3	0	NA	NA	NA	NA
PP456877.1	80	50719	50931	-1	34.3	0	NA	NA	NA	NA
PP456877.1	81	50940	51242	-1	38.0	0	NA	NA	NA	NA
PP456877.1	82	51202	51354	-1	37.3	0	NA	NA	NA	NA
PP456877.1	83	51299	51451	-1	30.1	0	NA	NA	NA	NA
PP456877.1	84	51537	51839	-1	34.3	0	NA	NA	NA	NA
PP456877.1	85	51902	52333	-1	34.7	0	NA	NA	NA	NA
PP456877.1	86	52370	52807	-1	30.1	0	NA	NA	NA	NA
PP456877.1	87	52800	53096	-1	31.3	0	NA	NA	NA	NA
PP456877.1	88	53175	53594	-1	36.9	0	NA	NA	NA	NA
PP456877.1	89	53621	53899	-1	36.2	0	NA	NA	NA	NA
PP456877.1	90	53927	54160	-1	38.9	0	NA	NA	NA	NA
PP456877.1	91	54201	54413	-1	42.3	0	NA	NA	NA	NA
PP456877.1	92	54615	55034	-1	40.7	0	NA	NA	NA	NA
PP456877.1	93	55055	55585	-1	36.2	0	NA	NA	NA	NA
PP456877.1	94	55631	56104	-1	36.9	0	NA	NA	NA	NA
PP456877.1	95	56116	56550	-1	26.7	0	NA	NA	NA	NA
PP456877.1	96	56553	56927	-1	37.1	0	NA	NA	NA	NA
PP456877.1	97	56972	57658	-1	36.0	0	NA	NA	NA	NA
PP456877.1	98	57655	57885	-1	32.0	0	NA	NA	NA	NA
PP456877.1	99	57873	58319	-1	32.7	0	NA	NA	NA	NA
PP456877.1	100	58306	58680	-1	28.0	0	NA	NA	NA	NA
PP456877.1	101	58783	58890	-1	24.1	0	NA	NA	NA	NA
PP456877.1	102	58954	59193	-1	37.9	0	NA	NA	NA	NA
PP456877.1	103	59183	59560	-1	41.8	0	NA	NA	NA	NA
PP456877.1	104	59593	60048	-1	37.5	0	NA	NA	NA	NA
PP456877.1	105	60066	60449	-1	33.1	0	NA	NA	NA	NA
PP456877.1	106	60463	61257	-1	36.2	0	NA	NA	NA	NA
PP456877.1	107	61261	61620	-1	36.7	0	NA	NA	NA	NA
PP456877.1	108	61633	62040	-1	36.3	0	NA	NA	NA	NA
PP456877.1	109	62067	62330	-1	44.7	0	NA	NA	NA	NA
PP456877.1	110	62449	63105	-1	36.2	0	NA	NA	NA	NA
PP456877.1	111	63136	63570	-1	34.7	1	vog	VOG00643	7.2e-39	131.5
PP456877.1	112	63621	63977	-1	33.1	1	vog	VOG01552	7.8e-47	156.1
PP456877.1	113	64035	64931	-1	26.8	0	NA	NA	NA	NA
PP456877.1	114	64952	65389	-1	34.2	0	NA	NA	NA	NA
PP456877.1	115	65501	65830	-1	35.5	0	NA	NA	NA	NA
PP456877.1	116	65960	66442	-1	31.9	0	NA	NA	NA	NA
PP456877.1	117	66444	66626	-1	25.7	0	NA	NA	NA	NA
PP456877.1	118	66674	66796	-1	35.0	0	NA	NA	NA	NA
PP456877.1	119	66868	67161	-1	34.4	1	vog	VOG11295	6e-31	104.5
PP456877.1	120	67261	67761	-1	30.5	0	NA	NA	NA	NA
PP456877.1	121	67811	68644	-1	42.3	0	NA	NA	NA	NA
PP456877.1	122	68644	69051	-1	42.6	0	NA	NA	NA	NA
PP456877.1	123	69185	70651	-1	43.3	0	NA	NA	NA	NA
PP456877.1	124	70651	70851	-1	40.8	0	NA	NA	NA	NA
PP456877.1	125	70879	71172	-1	34.4	0	NA	NA	NA	NA
PP456877.1	126	71278	71985	-1	35.6	0	NA	NA	NA	NA
PP456877.1	127	71994	72251	-1	36.0	0	NA	NA	NA	NA
PP456877.1	128	72248	73156	-1	34.5	0	NA	NA	NA	NA
PP456877.1	129	73179	73646	-1	30.6	0	NA	NA	NA	NA
PP456877.1	130	73646	73819	-1	22.4	0	NA	NA	NA	NA
PP456877.1	131	73921	74211	-1	29.6	0	NA	NA	NA	NA
PP456877.1	132	74204	74500	-1	24.2	0	NA	NA	NA	NA
PP456877.1	133	74557	74922	-1	40.7	0	NA	NA	NA	NA
PP456877.1	134	74979	75578	-1	33.8	0	NA	NA	NA	NA
PP456877.1	135	75591	76106	-1	31.4	0	NA	NA	NA	NA
PP456877.1	136	76116	76445	-1	28.2	0	NA	NA	NA	NA
PP456877.1	137	76448	76747	-1	31.0	0	NA	NA	NA	NA
PP456877.1	138	76747	77160	-1	39.6	0	NA	NA	NA	NA
PP456877.1	139	77168	77566	-1	33.3	0	NA	NA	NA	NA
PP456877.1	140	77755	78087	-1	30.9	0	NA	NA	NA	NA
PP456877.1	141	78156	78503	-1	31.9	0	NA	NA	NA	NA
PP456877.1	142	78606	79076	-1	28.0	0	NA	NA	NA	NA
PP456877.1	143	79073	80206	-1	29.7	0	NA	NA	NA	NA
PP456877.1	144	80256	80555	-1	35.7	0	NA	NA	NA	NA
PP456877.1	145	80666	80881	-1	31.9	0	NA	NA	NA	NA
PP456877.1	146	80901	81092	-1	32.3	0	NA	NA	NA	NA
PP456877.1	147	81149	81625	-1	39.0	0	NA	NA	NA	NA
PP456877.1	148	81716	81952	-1	32.9	0	NA	NA	NA	NA
PP456877.1	149	81955	82524	-1	36.1	0	NA	NA	NA	NA
PP456877.1	150	82548	83087	-1	41.5	0	NA	NA	NA	NA
PP456877.1	151	83101	83445	-1	42.3	0	NA	NA	NA	NA
PP456877.1	152	83442	83861	-1	32.4	0	NA	NA	NA	NA
PP456877.1	153	83874	84041	-1	26.2	0	NA	NA	NA	NA
PP456877.1	154	84058	84222	-1	33.3	0	NA	NA	NA	NA
PP456877.1	155	84257	84382	-1	34.1	0	NA	NA	NA	NA
PP456877.1	156	84394	84726	-1	39.9	0	NA	NA	NA	NA
PP456877.1	157	84854	85456	-1	39.0	0	NA	NA	NA	NA
PP456877.1	158	85564	86664	-1	36.4	1	vog	VOG00242	3.2e-61	205.3
PP456877.1	159	86768	87421	-1	39.6	1	vpfs	YP_004009690@NC_014661	4.4e-35	118.8
PP456877.1	160	87421	88131	-1	34.9	1	vpfs	2199352012_2200564496_2201074363_MRSJC2b_31318	2.4e-48	162.5
PP456877.1	161	88374	88775	-1	29.9	0	NA	NA	NA	NA
PP456877.1	162	88792	88968	-1	26.6	0	NA	NA	NA	NA
PP456877.1	163	88940	89335	-1	33.6	0	NA	NA	NA	NA
PP456877.1	164	89710	91797	1	35.4	1	vog	VOG00637	4.2e-132	439.8
PP456877.1	165	91809	92279	1	40.3	0	NA	NA	NA	NA
PP456877.1	166	92290	94239	1	35.4	1	vog	VOG17878	2.7e-238	790.5
PP456877.1	167	94280	94939	-1	35.3	0	NA	NA	NA	NA
PP456877.1	168	94959	95390	-1	34.7	1	vog	VOG02488	3.1e-36	122.7
PP456877.1	169	95481	95969	-1	37.8	0	NA	NA	NA	NA
PP456877.1	170	96111	96473	-1	32.0	1	vpfs	AGG91233@HQ317384	7.9e-38	126.9
PP456877.1	171	96485	96847	-1	29.2	0	NA	NA	NA	NA
PP456877.1	172	96849	97223	-1	28.8	0	NA	NA	NA	NA
PP456877.1	173	97379	97735	-1	39.8	0	NA	NA	NA	NA
PP456877.1	174	97748	98110	-1	35.3	0	NA	NA	NA	NA
PP456877.1	175	98110	98835	-1	34.7	0	NA	NA	NA	NA
PP456877.1	176	98828	99619	-1	37.6	0	NA	NA	NA	NA
PP456877.1	177	99647	100087	-1	31.3	0	NA	NA	NA	NA
PP456877.1	178	100157	100408	-1	36.1	0	NA	NA	NA	NA
PP456877.1	179	100446	101504	-1	35.3	1	vog	VOG00072	4.8e-63	211.6
PP456877.1	180	101507	101836	-1	29.7	0	NA	NA	NA	NA
PP456877.1	181	101957	102361	-1	43.0	1	vpfs	3300002026@MIS_10000753@MIS_1000075323	3.1e-09	34.7
PP456877.1	182	102392	102634	-1	31.7	0	NA	NA	NA	NA
PP456877.1	183	102636	103190	-1	41.8	0	NA	NA	NA	NA
PP456877.1	184	103299	103991	-1	38.8	1	vog	VOG12362	1.1e-43	146.2
PP456877.1	185	103999	104304	-1	33.3	0	NA	NA	NA	NA
PP456877.1	186	104363	106357	-1	40.1	1	vpfs	7000000005@SRS022536_LANL_scaffold_58447@SRS022536_LANL_scaffold_58447_gene_133984	1.3e-219	728.5
PP456877.1	187	106413	113123	-1	39.0	1	vog	VOG09928	0.0	1820.4
PP456877.1	188	113199	114851	1	37.3	1	vog	VOG09929	1.2e-227	753.9
PP456877.1	189	114854	119209	1	38.1	1	vog	VOG01054	0.0	1833.4
PP456877.1	190	119193	119390	1	41.9	1	vog	VOG02666	3e-22	76.3
PP456877.1	191	119402	120961	1	38.8	1	vpfs	NP_803743@NC_004629	5.1e-304	1007.3
PP456877.1	192	121115	121837	1	36.2	1	vog	VOG09930	3.5e-100	332.2
PP456877.1	193	121849	122661	1	40.1	1	vpfs	3300000234@TB_GS09_5DRAFT_10000079@TB_GS09_5DRAFT_1000007918	1.4e-82	274.5
PP456877.1	194	122712	123776	-1	38.1	1	vog	VOG01928	1.2e-97	325.0
PP456877.1	195	123859	124785	-1	31.2	0	NA	NA	NA	NA
PP456877.1	196	124790	125230	-1	32.7	0	NA	NA	NA	NA
PP456877.1	197	125223	125984	-1	37.7	1	vog	VOG00552	9.6e-73	242.5
PP456877.1	198	126055	126579	-1	30.3	1	vog	VOG03732	5.9e-80	264.6
PP456877.1	199	126659	127174	1	37.2	1	vog	VOG00576	2.3e-44	149.0
PP456877.1	200	127220	127918	-1	32.5	0	NA	NA	NA	NA
PP456877.1	201	127926	128354	-1	38.5	0	NA	NA	NA	NA
PP456877.1	202	128373	128579	-1	39.1	0	NA	NA	NA	NA
PP456877.1	203	128722	129117	-1	33.3	0	NA	NA	NA	NA
PP456877.1	204	129209	129385	1	31.6	1	vog	VOG01681	1.3e-20	70.8
PP456877.1	205	129428	131920	-1	34.4	1	vpfs	3300000439@TBL_comb48_EPIDRAFT_1000093@TBL_comb48_EPIDRAFT_100009312	1.9e-161	537.0
PP456877.1	206	131985	132866	1	36.7	1	vog	VOG09896	2e-99	330.7
PP456877.1	207	132876	133142	1	42.7	0	NA	NA	NA	NA
PP456877.1	208	133182	134369	-1	37.2	1	vog	VOG01850	6.1e-156	518.3
PP456877.1	209	134379	135947	-1	38.0	1	vog	VOG01850	9.3e-166	550.7
PP456877.1	210	135983	136618	-1	36.6	1	vpfs	3300000439@TBL_comb48_EPIDRAFT_1000093@TBL_comb48_EPIDRAFT_100009311	2.6e-68	227.1
PP456877.1	211	136717	137190	-1	32.1	0	NA	NA	NA	NA
PP456877.1	212	137194	137598	-1	33.1	0	NA	NA	NA	NA
PP456877.1	213	137595	138545	-1	36.5	0	NA	NA	NA	NA
PP456877.1	214	138601	139938	-1	37.0	1	vpfs	3300000234@TB_GS09_5DRAFT_10000014@TB_GS09_5DRAFT_1000001495	3e-153	508.1
PP456877.1	215	140117	140407	1	43.0	0	NA	NA	NA	NA
PP456877.1	216	140428	140829	1	37.3	1	vog	VOG09912	8.7e-07	26.3
PP456877.1	217	140885	142333	1	38.7	1	vog	VOG02549	1.5e-167	556.0
PP456877.1	218	142449	142763	1	36.8	1	vpfs	7000000128@SRS050244_LANL_scaffold_103519@SRS050244_LANL_scaffold_103519_gene_144944	2.3e-14	51.1
PP456877.1	219	142810	143724	-1	36.9	1	vog	VOG01147	1.7e-77	258.4
PP456877.1	220	143822	145261	1	37.9	1	vpfs	3300002026@MIS_10000111@MIS_1000011171	2.2e-168	558.5
PP456877.1	221	145338	145688	1	33.9	1	vog	VOG01491	1.3e-46	155.6
PP456877.1	222	145712	146032	1	38.3	1	vog	VOG03027	3.5e-32	108.5
PP456877.1	223	146065	146739	1	36.0	1	vog	VOG11983	3.5e-98	325.5
PP456877.1	224	146742	147248	1	32.3	0	NA	NA	NA	NA
PP456877.1	225	147238	147954	1	32.4	1	vpfs	3300000228@TB_PC08_66DRAFT_10000011@TB_PC08_66DRAFT_1000001119	1.4e-66	222.0
PP456877.1	226	148087	151368	-1	45.3	1	vog	VOG19379	1.6e-19	66.7
PP456877.1	227	151368	153737	-1	41.5	1	vog	VOG21653	1.4e-18	64.8
PP456877.1	228	153943	154725	-1	37.7	1	vog	VOG09907	2.5e-71	237.5
PP456877.1	229	154787	155320	-1	38.4	0	NA	NA	NA	NA
PP456877.1	230	155403	155798	-1	36.1	0	NA	NA	NA	NA
PP456877.1	231	155773	156060	-1	42.4	0	NA	NA	NA	NA
PP456877.1	232	156020	156526	-1	36.5	0	NA	NA	NA	NA
PP456877.1	233	156542	157105	-1	39.4	1	vog	VOG00056	8.7e-43	144.1
PP456877.1	234	157108	158004	-1	38.8	1	vpfs	3300001592@Draft_10000335@Draft_1000033517	5.4e-106	351.5
PP456877.1	235	158100	158588	-1	35.0	1	vpfs	YP_001956946@NC_010821	1e-96	318.7
PP456877.1	236	158597	159079	-1	39.8	1	vog	VOG17850	4.6e-91	300.3
PP456877.1	237	159030	159632	-1	40.5	0	NA	NA	NA	NA
PP456877.1	238	159632	161023	-1	35.6	1	vog	VOG00170	1.3e-122	408.7
PP456877.1	239	161023	162396	-1	37.9	1	vog	VOG00170	4.9e-128	426.6
PP456877.1	240	162408	163796	-1	37.2	1	vog	VOG00170	3.8e-130	433.5
PP456877.1	241	163871	164203	-1	39.3	1	vpfs	NP_803698@NC_004629	1e-41	140.7
PP456877.1	242	164216	166531	-1	40.2	1	vog	VOG00170	1.1e-196	653.5
PP456877.1	243	166629	167912	1	35.3	1	vog	VOG09894	3.1e-143	475.1
PP456877.1	244	167962	170643	-1	38.9	1	vpfs	7000000411@SRS042984_LANL_scaffold_86725@SRS042984_LANL_scaffold_86725_gene_122212	4.5e-283	939.3
PP456877.1	245	170679	172853	1	35.0	1	vog	VOG09867	3e-273	906.2
PP456877.1	246	172864	173736	1	32.5	0	NA	NA	NA	NA
PP456877.1	247	173745	174188	1	34.7	0	NA	NA	NA	NA
PP456877.1	248	174253	174885	-1	33.5	0	NA	NA	NA	NA
PP456877.1	249	174966	177131	-1	42.1	1	vpfs	NP_803690@NC_004629	0.0	1046.3
PP456877.1	250	177167	178798	-1	38.3	1	vog	VOG03071	1.5e-203	674.8
PP456877.1	251	178808	179890	-1	35.7	0	NA	NA	NA	NA
PP456877.1	252	179847	180299	-1	38.4	0	NA	NA	NA	NA
PP456877.1	253	180496	182739	-1	46.4	1	vpfs	7000000649@SRS047634_LANL_scaffold_140838@SRS047634_LANL_scaffold_140838_gene_200479	2.1e-217	721.2
PP456877.1	254	182812	183345	-1	39.5	0	NA	NA	NA	NA
PP456877.1	255	183485	185032	1	37.5	1	vpfs	3300002026@MIS_10000111@MIS_1000011128	1.1e-137	457.3
PP456877.1	256	185087	185455	1	32.0	0	NA	NA	NA	NA
PP456877.1	257	185457	185693	1	27.8	0	NA	NA	NA	NA
PP456877.1	258	186336	186641	-1	43.8	0	NA	NA	NA	NA
PP456877.1	259	186807	187082	-1	37.0	0	NA	NA	NA	NA
PP456877.1	260	187084	187227	-1	37.5	0	NA	NA	NA	NA
PP456877.1	261	187267	187479	-1	35.7	0	NA	NA	NA	NA
PP456877.1	262	187476	187637	-1	29.6	0	NA	NA	NA	NA
PP456877.1	263	187634	187921	-1	40.6	0	NA	NA	NA	NA
PP456877.1	264	187925	188209	-1	48.8	0	NA	NA	NA	NA
PP456877.1	265	188217	188480	-1	34.1	0	NA	NA	NA	NA
PP456877.1	266	188525	188836	-1	37.2	0	NA	NA	NA	NA
PP456877.1	267	188842	189339	-1	41.4	0	NA	NA	NA	NA
PP456877.1	268	189375	189758	-1	46.6	0	NA	NA	NA	NA
PP456877.1	269	189794	190045	-1	42.9	0	NA	NA	NA	NA
PP456877.1	270	190117	190539	-1	36.2	0	NA	NA	NA	NA
PP456877.1	271	190550	190906	-1	37.5	0	NA	NA	NA	NA
PP456877.1	272	190994	191446	-1	40.2	0	NA	NA	NA	NA
PP456877.1	273	191424	191741	-1	32.7	0	NA	NA	NA	NA
PP456877.1	274	191787	191948	-1	32.7	0	NA	NA	NA	NA
PP456877.1	275	192057	192395	-1	38.1	0	NA	NA	NA	NA
PP456877.1	276	192430	192876	-1	35.1	0	NA	NA	NA	NA
PP456877.1	277	193000	193488	-1	37.0	1	vog	VOG00289	5.9e-37	125.3
PP456877.1	278	193569	193961	-1	32.8	0	NA	NA	NA	NA
PP456877.1	279	193970	194095	-1	33.3	0	NA	NA	NA	NA
PP456877.1	280	194135	194557	-1	29.8	0	NA	NA	NA	NA
PP456877.1	281	194582	195964	-1	34.5	1	vog	VOG09976	1.2e-150	499.8
PP456877.1	282	195966	196547	-1	38.0	1	vpfs	3300001592@Draft_10000851@Draft_1000085122	2.7e-69	230.2
PP456877.1	283	196552	197961	-1	37.8	1	vpfs	7000000411@SRS042984_LANL_scaffold_80229@SRS042984_LANL_scaffold_80229_gene_107387	2.2e-15	54.3
PP456877.1	284	197961	199589	-1	35.9	1	vpfs	3300001592@Draft_10000851@Draft_1000085126	2e-137	455.9
PP456877.1	285	199673	202120	-1	40.6	0	NA	NA	NA	NA
PP456877.1	286	202223	203338	-1	35.1	0	NA	NA	NA	NA
PP456877.1	287	203400	205043	-1	39.3	1	vpfs	YP_005454302@NC_017090	2.2e-250	829.0
PP456877.1	288	205131	206648	-1	33.8	1	pfam_a	phiKZ_IP	4.3e-89	296.6
PP456877.1	289	206718	208025	-1	37.6	1	pfam_a	phiKZ_IP	2.5e-74	248.1
PP456877.1	290	208031	209353	-1	35.7	1	pfam_a	phiKZ_IP	1.3e-103	344.4
PP456877.1	291	209363	209893	-1	37.7	1	vog	VOG02605	6.2e-72	238.8
PP456877.1	292	209908	210837	-1	38.3	1	vog	VOG09968	1.7e-99	330.3
PP456877.1	293	210848	212011	-1	38.9	1	vpfs	3300001592@Draft_10000335@Draft_1000033532	4.2e-123	408.5
PP456877.1	294	212051	213100	1	37.0	1	vog	VOG02444	8.5e-135	447.0
PP456877.1	295	213104	216019	1	36.5	1	vpfs	3300000233@TB_FS06_10DRAFT_1000002@TB_FS06_10DRAFT_100000212	0.0	1179.0
PP456877.1	296	216061	217329	-1	37.7	0	NA	NA	NA	NA
PP456877.1	297	217340	217789	-1	36.2	0	NA	NA	NA	NA
PP456877.1	298	217801	219042	-1	34.3	1	vpfs	2030936005@CLOF_contig33563@CLOFG_479300	7.2e-97	322.2
PP456877.1	299	219144	220658	1	36.5	1	vpfs	YP_007237721@NC_019929	4.9e-20	69.6
PP456877.1	300	220761	220877	-1	34.2	1	vog	VOG01624	1.9e-13	48.8
PP456877.1	301	221129	223045	-1	36.2	1	vpfs	YP_004958006@NC_016571	9.3e-160	530.5
PP456877.1	302	223147	224568	-1	36.8	1	vog	VOG01237	3e-150	499.0
PP456877.1	303	224631	225980	-1	37.3	1	vog	VOG09961	8.2e-163	539.8
PP456877.1	304	225967	226857	-1	32.7	1	vog	VOG02868	8.2e-87	288.7
PP456877.1	305	226996	227490	1	38.2	1	pfam_b	Pfam-B_10536	2.6e-12	43.5
PP456877.1	306	227502	229103	1	38.8	1	vog	VOG01374	2.3e-151	502.9
PP456877.1	307	229322	229564	1	29.2	1	vpfs	3300002026@MIS_10000705@MIS_1000070527	3e-12	44.2
PP456877.1	308	229615	229758	-1	43.8	0	NA	NA	NA	NA
PP456877.1	309	230104	230295	-1	29.7	0	NA	NA	NA	NA
PP456877.1	310	230308	230565	-1	32.9	0	NA	NA	NA	NA
PP456877.1	311	230750	232363	-1	35.0	1	vog	VOG00487	1.4e-176	586.5
PP456877.1	312	232347	234380	-1	37.6	1	vpfs	3300000233@TB_FS06_10DRAFT_1000002@TB_FS06_10DRAFT_100000230	1e-198	659.4
PP456877.1	313	234411	236513	-1	40.9	1	vog	VOG01054	1.4e-83	278.8
PP456877.1	314	236690	237052	1	36.4	1	vpfs	7000000005@SRS022536_LANL_scaffold_58447@SRS022536_LANL_scaffold_58447_gene_134102	1.7e-29	99.4
PP456877.1	315	237094	238473	-1	41.5	1	vpfs	3300002026@MIS_10000705@MIS_1000070538	6.7e-114	379.3
PP456877.1	316	238442	240115	-1	41.8	1	vog	VOG01877	1.2e-164	546.6
PP456877.1	317	240132	241697	-1	38.9	1	vpfs	3300000233@TB_FS06_10DRAFT_1000002@TB_FS06_10DRAFT_100000237	2.9e-169	561.4
PP456877.1	318	241823	242563	-1	40.6	1	vpfs	7000000228@SRS022602_Baylor_scaffold_95585@SRS022602_Baylor_scaffold_95585_gene_119257	2.4e-87	290.4
PP456877.1	319	242651	243481	-1	33.9	1	vog	VOG09954	8.2e-106	350.9
PP456877.1	320	243494	244633	-1	33.7	1	vpfs	7000000292@SRS023958_Baylor_scaffold_31592@SRS023958_Baylor_scaffold_31592_gene_42736	2.2e-131	435.7
PP456877.1	321	244623	245231	-1	37.9	1	vog	VOG17824	1.3e-96	319.9
PP456877.1	322	245206	245763	-1	36.2	0	NA	NA	NA	NA
PP456877.1	323	245764	246174	-1	32.6	1	vog	VOG09953	8.6e-40	133.8
PP456877.1	324	246281	246733	-1	36.9	0	NA	NA	NA	NA
PP456877.1	325	246720	247055	-1	31.2	0	NA	NA	NA	NA
PP456877.1	326	247107	247718	-1	40.8	1	vpfs	NP_803625@NC_004629	3.8e-67	223.8
PP456877.1	327	247788	247970	-1	40.4	0	NA	NA	NA	NA
PP456877.1	328	248093	248518	-1	32.9	0	NA	NA	NA	NA
PP456877.1	329	248531	248914	-1	30.7	0	NA	NA	NA	NA
PP456877.1	330	248963	249169	-1	36.7	0	NA	NA	NA	NA
PP456877.1	331	249907	250581	-1	35.4	1	pfam_a	NUMOD1	1.1e-29	99.7
PP456877.1	332	251401	252540	-1	37.2	1	vog	VOG01608	4e-142	471.8
PP456877.1	333	252936	254816	-1	47.7	1	vpfs	NP_803620@NC_004629	1.5e-186	619.2
PP456877.1	334	255128	255493	-1	32.0	0	NA	NA	NA	NA
PP456877.1	335	255575	256666	1	35.0	1	vpfs	7000000435@SRS015646_WUGC_scaffold_6271@SRS015646_WUGC_scaffold_6271_gene_8208	1.6e-118	393.2
PP456877.1	336	256710	257432	-1	32.8	0	NA	NA	NA	NA
PP456877.1	337	257416	257592	-1	33.9	0	NA	NA	NA	NA
PP456877.1	338	257691	259886	-1	35.0	1	vpfs	NP_803616@NC_004629	1.6e-273	906.8
PP456877.1	339	260087	260503	-1	39.8	1	vpfs	7000000005@SRS022536_LANL_scaffold_58447@SRS022536_LANL_scaffold_58447_gene_134119	5.9e-38	127.4
PP456877.1	340	260538	260921	-1	30.2	0	NA	NA	NA	NA
PP456877.1	341	260994	261530	-1	35.2	0	NA	NA	NA	NA
PP456877.1	342	261527	261961	-1	34.7	0	NA	NA	NA	NA
PP456877.1	343	261903	262361	-1	34.4	0	NA	NA	NA	NA
PP456877.1	344	262610	262999	-1	34.6	0	NA	NA	NA	NA
PP456877.1	345	263049	264122	-1	33.1	0	NA	NA	NA	NA
PP456877.1	346	264136	264564	-1	34.5	0	NA	NA	NA	NA
PP456877.1	347	264701	265501	1	38.8	1	vpfs	3300001592@Draft_10000335@Draft_1000033562	3.4e-96	319.2
PP456877.1	348	265610	265915	-1	30.7	0	NA	NA	NA	NA
PP456877.1	349	265905	266192	-1	30.9	0	NA	NA	NA	NA
PP456877.1	350	266171	266488	-1	29.6	0	NA	NA	NA	NA
PP456877.1	351	266500	266973	-1	38.8	0	NA	NA	NA	NA
PP456877.1	352	267013	267495	-1	35.2	1	vog	VOG12456	2e-62	207.6
PP456877.1	353	267549	268529	-1	40.3	1	vog	VOG01970	3.8e-110	365.7
PP456877.1	354	268583	269095	-1	32.2	0	NA	NA	NA	NA
PP456877.1	355	269343	270164	-1	38.3	0	NA	NA	NA	NA
PP456877.1	356	270201	271013	-1	29.9	0	NA	NA	NA	NA
PP456877.1	357	271117	271932	-1	41.7	0	NA	NA	NA	NA
PP456877.1	358	271942	272712	-1	36.3	0	NA	NA	NA	NA
PP456877.1	359	272808	273011	-1	28.4	0	NA	NA	NA	NA
PP456877.1	360	273019	273888	-1	26.8	0	NA	NA	NA	NA
PP456877.1	361	273979	275217	1	36.2	1	vog	VOG02648	4.3e-161	534.0
PP456877.1	362	275264	275620	-1	32.8	0	NA	NA	NA	NA
PP456877.1	363	275617	276813	-1	31.2	0	NA	NA	NA	NA
PP456877.1	364	276941	277123	-1	44.3	0	NA	NA	NA	NA
PP456877.1	365	277123	278004	-1	45.1	1	vog	VOG02445	1.1e-119	396.9
PP456877.1	366	278036	280123	-1	42.0	1	vog	VOG09935	8.7e-268	887.9
OM870967.1	1	1	1521	1	47.1	1	vog	VOG00629	2.2e-53	179.4
OM870967.1	2	1534	2973	1	47.3	1	vpfs	YP_001552335@NC_009993	6.7e-92	306.3
OM870967.1	3	2983	3453	1	49.3	1	pfam_a	Peptidase_S78_2	1.1e-22	78.0
OM870967.1	4	3450	4367	1	48.6	1	vog	VOG02017	2.3e-81	272.1
OM870967.1	5	4395	4805	1	50.4	1	vog	VOG03969	4.4e-63	208.7
OM870967.1	6	4850	5884	1	52.9	1	vpfs	YP_002003562@NC_011041	8.5e-128	423.8
OM870967.1	7	5934	6410	1	48.2	1	vpfs	3300001798@JGI24126J20157_1000008@JGI24126J20157_100000859	7.1e-70	231.6
OM870967.1	8	6382	6861	1	46.2	1	vpfs	3300001403@JGI20205J14842_1000001@JGI20205J14842_10000018	5.9e-32	108.1
OM870967.1	9	6861	7241	1	46.5	1	vpfs	YP_004327202@NC_015294	7.1e-76	249.9
OM870967.1	10	7238	7801	1	45.2	1	vpfs	YP_004327203@NC_015294	5.1e-104	344.0
OM870967.1	11	7814	9100	1	51.1	1	vog	VOG00919	8e-129	427.8
OM870967.1	12	9131	9655	1	50.1	1	vog	VOG01961	2.7e-47	158.1
OM870967.1	13	9730	10230	1	50.1	1	vog	VOG01961	7.5e-47	156.6
OM870967.1	14	10230	10709	1	48.1	1	vog	VOG01961	5.4e-40	134.4
OM870967.1	15	10723	11094	1	47.3	1	vog	VOG00132	7.9e-29	98.5
OM870967.1	16	11202	11354	1	44.4	1	vog	VOG03319	6.3e-23	78.1
OM870967.1	17	11351	13717	1	50.6	1	vog	VOG00497	7.2e-26	88.2
OM870967.1	18	13714	14475	1	46.7	1	vog	VOG00558	9.6e-40	134.6
OM870967.1	19	14481	14837	1	47.3	1	vog	VOG00124	1.3e-25	87.6
OM870967.1	20	14834	15751	1	46.5	1	vog	VOG00640	2.6e-80	268.0
OM870967.1	21	15748	16488	1	49.1	1	vog	VOG00639	2.1e-56	189.0
OM870967.1	22	16499	16870	1	46.2	1	vpfs	YP_004327326@NC_015295	1.4e-28	97.7
OM870967.1	23	16872	18335	1	49.6	1	vog	VOG00647	6.7e-85	283.4
OM870967.1	24	18354	19085	1	49.5	1	vpfs	YP_001595464@NC_010106	6.4e-12	43.2
OM870967.1	25	19096	21111	1	51.2	1	vpfs	3300001683@GBIDBA_10000548@GBIDBA_1000054816	1.2e-285	946.2
OM870967.1	26	21148	21525	1	45.5	1	vog	VOG01002	1.6e-43	145.9
OM870967.1	27	21539	23038	1	51.9	1	vog	VOG11005	2.7e-190	631.5
OM870967.1	28	23055	23615	1	47.4	1	vog	VOG00913	3.7e-88	292.8
OM870967.1	29	23633	23872	1	47.5	1	vog	VOG14990	4.8e-39	130.1
OM870967.1	30	23859	24302	1	52.0	1	vog	VOG01798	3.3e-56	186.9
OM870967.1	31	24434	24739	1	40.8	1	vpfs	YP_008856909@NC_022966	2.3e-54	179.2
OM870967.1	32	24775	25089	1	46.7	1	vog	VOG02255	3.3e-39	130.9
OM870967.1	33	25137	25445	-1	46.6	1	vpfs	YP_008857074@NC_022967	1.1e-57	190.2
OM870967.1	34	25456	25776	-1	45.5	1	vog	VOG14992	1.8e-74	244.8
OM870967.1	35	25778	26386	-1	49.8	1	vog	VOG01403	2.3e-106	352.8
OM870967.1	36	26579	26737	-1	45.9	1	vog	VOG15732	1e-31	106.2
OM870967.1	37	26750	27895	-1	49.3	1	vog	VOG00320	6.7e-92	306.1
OM870967.1	38	27927	28160	-1	48.7	1	vog	VOG01207	1.3e-38	129.2
OM870967.1	39	28601	28798	1	52.0	1	vpfs	3300001866@JGI24729J20445_1000091@JGI24729J20445_100009143	1.8e-10	38.3
OM870967.1	40	28801	29286	1	53.1	1	vog	VOG04117	7.3e-62	205.0
OM870967.1	41	29309	29563	1	52.2	1	vpfs	YP_004327234@NC_015294	1.4e-41	138.1
OM870967.1	42	29565	29954	1	48.5	1	vpfs	YP_001671792@NC_010324	2.7e-36	121.7
OM870967.1	43	29951	30607	1	49.2	1	vog	VOG14993	2.4e-127	420.9
OM870967.1	44	30594	30758	1	41.8	1	vog	VOG14994	1e-42	141.8
OM870967.1	45	30761	31063	1	48.5	1	vpfs	YP_007007869@NC_019529	1.8e-57	189.3
OM870967.1	46	31064	31486	1	49.2	1	vog	VOG02508	1.6e-68	226.8
OM870967.1	47	31604	31732	1	41.9	1	vog	VOG03630	6.6e-28	94.0
OM870967.1	48	31719	31910	1	50.0	1	vog	VOG15734	3.5e-48	159.1
OM870967.1	49	31920	32165	1	52.8	1	vog	VOG14995	8.7e-61	199.8
OM870967.1	50	32162	32347	1	50.5	1	vog	VOG14996	6.9e-50	164.5
OM870967.1	51	32401	34263	1	51.2	1	vog	VOG00974	2.6e-96	321.9
OM870967.1	52	34324	36324	1	50.5	0	NA	NA	NA	NA
OM870967.1	53	36428	36907	1	52.1	1	pfam_a	Endonuclease_7	2.6e-22	76.3
OM870967.1	54	37059	37748	1	51.2	1	vpfs	YP_002003722@NC_011041	8.4e-07	26.8
OM870967.1	55	37838	38236	1	52.4	1	vog	VOG00255	3.1e-36	122.1
OM870967.1	56	38265	38432	1	45.8	1	vog	VOG14997	3.1e-44	146.9
OM870967.1	57	38434	39144	1	51.8	1	vog	VOG03330	9e-144	474.7
OM870967.1	58	39246	40250	1	52.2	1	vpfs	YP_004327248@NC_015294	7e-151	500.3
OM870967.1	59	40331	40582	1	46.0	1	vog	VOG00697	1.4e-21	74.0
OM870967.1	60	40592	40813	1	44.1	1	vog	VOG14998	4e-51	168.5
OM870967.1	61	40855	41907	1	50.0	1	vog	VOG02664	4.8e-59	198.5
OM870967.1	62	41904	42467	1	49.6	1	vpfs	YP_007004704@NC_019504	9.1e-50	167.0
OM870967.1	63	42464	42862	1	48.4	1	vpfs	YP_008857104@NC_022967	8.4e-88	289.0
OM870967.1	64	42859	43089	1	46.3	1	vog	VOG15735	4e-49	162.5
OM870967.1	65	43086	43523	1	45.4	1	vog	VOG01700	4.3e-40	134.2
OM870967.1	66	43520	43690	1	42.7	1	vog	VOG10909	9.2e-25	83.8
OM870967.1	67	43692	43874	1	45.4	1	vog	VOG15736	3.9e-41	136.4
OM870967.1	68	43871	44650	1	50.4	1	vog	VOG01457	3.9e-54	182.1
OM870967.1	69	44647	44829	1	45.4	1	vog	VOG14999	7.6e-47	155.1
OM870967.1	70	44841	45050	1	45.7	1	vog	VOG15737	3.5e-46	152.9
OM870967.1	71	45069	45404	1	52.4	1	vog	VOG15000	6.8e-77	252.5
OM870967.1	72	45408	45620	1	47.9	1	vog	VOG15001	6.4e-51	168.1
OM870967.1	73	45613	46563	1	48.9	1	vog	VOG03397	7.2e-36	121.5
OM870967.1	74	46623	46715	1	47.3	1	vog	VOG15738	3.1e-25	85.2
OM870967.1	75	46770	47735	1	49.1	1	pfam_b	Pfam-B_7294	2.3e-17	60.9
OM870967.1	76	47737	48081	1	47.8	1	vog	VOG03581	4.6e-46	153.2
OM870967.1	77	48098	49144	1	47.4	0	NA	NA	NA	NA
OM870967.1	78	49137	50882	1	51.3	0	NA	NA	NA	NA
OM870967.1	79	50957	51103	1	47.6	1	vog	VOG15739	5.9e-34	113.5
OM870967.1	80	51100	51327	1	46.9	1	vog	VOG01488	2.9e-21	73.7
OM870967.1	81	51327	51560	1	45.3	1	vog	VOG15003	1.8e-52	172.9
OM870967.1	82	51560	51796	1	45.6	1	vog	VOG15004	6.4e-55	180.7
OM870967.1	83	51796	52110	1	47.0	1	vog	VOG15005	1.9e-73	240.9
OM870967.1	84	52100	52285	1	48.4	1	vog	VOG15006	1.2e-47	157.3
OM870967.1	85	52326	52574	1	47.4	1	vpfs	YP_008859297@NC_022986	6.8e-55	180.8
OM870967.1	86	52587	53072	1	49.6	1	vog	VOG15008	5.8e-99	326.4
OM870967.1	87	53082	53276	1	49.2	1	vog	VOG15009	2.5e-48	159.9
OM870967.1	88	53278	53517	1	50.4	1	vog	VOG15010	8.7e-37	122.6
OM870967.1	89	53580	53780	1	52.2	1	vog	VOG15011	6e-50	164.8
OM870967.1	90	53939	54922	1	48.9	1	vpfs	3300001685@JGI24024J18818_10000001@JGI24024J18818_1000000127	4.2e-15	53.7
OM870967.1	91	55147	55320	1	44.3	1	vog	VOG15012	2e-32	108.6
OM870967.1	92	55949	56380	1	53.0	1	vog	VOG02731	3.4e-43	146.3
OM870967.1	93	56513	56779	1	53.2	1	vog	VOG15013	1.7e-59	195.4
OM870967.1	94	56794	56937	1	47.2	1	vog	VOG01090	1.8e-18	64.3
OM870967.1	95	56937	57224	1	51.0	1	vog	VOG15014	6.2e-55	181.2
OM870967.1	96	57236	57469	1	51.3	1	vog	VOG03887	1.5e-48	160.5
OM870967.1	97	57540	57668	1	49.6	1	vog	VOG00398	5.4e-16	56.4
OM870967.1	98	57668	57976	1	51.1	1	vog	VOG00590	1.2e-20	71.4
OM870967.1	99	58007	58258	1	47.6	0	NA	NA	NA	NA
OM870967.1	100	58305	58451	1	53.1	1	vog	VOG02932	2.5e-26	89.2
OM870967.1	101	58688	59071	1	52.3	1	vog	VOG15015	2.5e-71	235.3
OM870967.1	102	59154	59735	1	49.1	1	vpfs	YP_002922802@NC_012749	9.5e-92	303.3
OM870967.1	103	59804	60049	1	49.6	1	vpfs	CCM43691@HE983845	2.8e-54	178.7
OM870967.1	104	60127	60375	1	51.4	1	vpfs	YP_008859323@NC_022986	5e-42	140.5
OM870967.1	105	60411	60890	1	51.0	1	vog	VOG00539	2.6e-29	100.1
OM870967.1	106	61187	61639	1	47.7	1	vpfs	YP_008859329@NC_022986	1.6e-80	266.1
OM870967.1	107	61657	61956	1	54.0	1	vog	VOG15028	1.7e-54	179.7
OM870967.1	108	62030	62224	1	51.3	1	vpfs	YP_008857161@NC_022967	1.3e-40	135.2
OM870967.1	109	63391	64044	1	49.5	1	vog	VOG00062	4e-32	109.5
OM870967.1	110	64580	64729	1	46.7	1	vog	VOG15742	5.5e-37	123.4
OM870967.1	111	64793	65059	-1	45.3	1	vog	VOG04481	5.6e-37	123.2
OM870967.1	112	65052	65462	-1	49.9	1	vog	VOG14971	2.1e-86	284.3
OM870967.1	113	65452	65868	-1	46.8	1	vog	VOG14972	5.3e-95	312.4
OM870967.1	114	65891	66598	-1	49.9	1	vog	VOG14973	2.5e-138	456.6
OM870967.1	115	66868	67179	-1	46.2	1	vog	VOG14975	3.2e-66	218.2
OM870967.1	116	67179	67541	-1	49.9	1	vog	VOG01151	9.3e-35	117.1
OM870967.1	117	67531	67824	-1	43.2	1	vog	VOG01151	5.1e-34	114.7
OM870967.1	118	67880	68095	-1	44.9	1	vog	VOG14976	2e-48	160.8
OM870967.1	119	68092	68433	-1	51.2	1	vog	VOG14977	1.5e-79	261.2
OM870967.1	120	68435	68938	-1	48.8	1	vpfs	YP_008869206@NC_015294	4e-75	248.5
OM870967.1	121	68925	69302	-1	47.9	1	vpfs	YP_004327156@NC_015294	1.1e-86	284.8
OM870967.1	122	69322	69903	-1	52.4	1	vpfs	YP_004009690@NC_014661	1.6e-48	163.1
OM870967.1	123	69900	70211	-1	44.2	1	vog	VOG15743	2.5e-53	176.5
OM870967.1	124	70213	70362	-1	48.0	1	vpfs	YP_004327159@NC_015294	6.3e-30	100.6
OM870967.1	125	70374	70853	-1	53.1	1	vog	VOG00289	2.1e-51	172.6
OM870967.1	126	70850	71047	-1	44.4	1	vog	VOG14980	4.6e-44	146.1
OM870967.1	127	71059	72747	-1	51.1	1	vog	VOG00752	8.9e-193	639.0
OM870967.1	128	72804	73022	-1	50.2	1	vog	VOG03501	2e-51	169.6
OM870967.1	129	73019	73885	-1	50.9	1	vog	VOG09591	4.6e-91	302.5
OM870967.1	130	73895	74311	-1	48.7	1	ko	K01121	9e-29	98.1
OM870967.1	131	74322	75239	-1	47.4	1	vog	VOG01388	1.4e-67	226.2
OM870967.1	132	75251	75658	-1	48.3	1	vog	VOG03582	1.7e-32	110.3
OM870967.1	133	75655	75930	-1	46.4	0	NA	NA	NA	NA
OM870967.1	134	75932	76168	-1	47.7	1	vog	VOG15745	4.3e-39	130.1
OM870967.1	135	76180	76734	-1	47.9	1	vog	VOG02513	3.3e-54	181.4
OM870967.1	136	76734	77165	-1	47.0	1	vog	VOG14981	8.7e-98	321.7
OM870967.1	137	77155	77715	-1	48.7	0	NA	NA	NA	NA
OM870967.1	138	77717	78277	-1	49.4	1	vog	VOG09569	3.1e-47	158.0
OM870967.1	139	78335	78799	-1	48.6	1	vog	VOG00332	2.1e-36	122.4
OM870967.1	140	78812	80020	-1	48.6	1	vog	VOG00074	5.3e-69	231.1
OM870967.1	141	80017	80433	-1	51.3	0	NA	NA	NA	NA
OM870967.1	142	80436	80672	-1	51.1	1	vog	VOG14982	1.9e-55	182.8
OM870967.1	143	80682	80894	-1	51.2	1	vog	VOG00159	3.5e-16	57.0
OM870967.1	144	80891	81160	-1	48.5	1	vog	VOG14983	7.8e-53	174.3
OM870967.1	145	81169	81828	-1	45.3	1	vog	VOG00100	2.5e-35	119.8
OM870967.1	146	81830	82177	-1	50.0	1	vpfs	YP_008857032@NC_022966	5.2e-71	233.8
OM870967.1	147	82158	82436	-1	48.7	1	vog	VOG14985	5.7e-60	197.5
OM870967.1	148	82433	82711	-1	49.5	1	vog	VOG14986	8.2e-66	215.6
OM870967.1	149	82746	82931	-1	54.3	1	vog	VOG15746	3.2e-49	162.5
OM870967.1	150	82932	83225	-1	54.4	1	vog	VOG01488	1.9e-31	106.9
OM870967.1	151	83222	83407	-1	46.8	1	vog	VOG14987	2.8e-47	156.0
OM870967.1	152	83468	84016	-1	48.3	0	NA	NA	NA	NA
OM870967.1	153	84064	84420	-1	50.1	1	vog	VOG14988	5.8e-51	169.2
OM870967.1	154	84417	84884	-1	47.2	1	vog	VOG14989	9.9e-59	195.9
OM870967.1	155	85359	85547	1	46.6	1	vog	VOG01344	3.2e-26	89.0
OM870967.1	156	85690	86013	1	43.8	1	vog	VOG04689	2.4e-48	160.5
OM870967.1	157	88103	88501	-1	51.9	0	NA	NA	NA	NA
OM870968.1	1	1	1521	1	47.1	1	vog	VOG00629	2.2e-53	179.4
OM870968.1	2	1534	2973	1	47.3	1	vpfs	YP_001552335@NC_009993	6.7e-92	306.3
OM870968.1	3	2983	3453	1	49.3	1	pfam_a	Peptidase_S78_2	1.1e-22	78.0
OM870968.1	4	3450	4367	1	48.6	1	vog	VOG02017	2.3e-81	272.1
OM870968.1	5	4395	4805	1	50.4	1	vog	VOG03969	4.4e-63	208.7
OM870968.1	6	4850	5884	1	52.9	1	vpfs	YP_002003562@NC_011041	8.5e-128	423.8
OM870968.1	7	5934	6410	1	48.2	1	vpfs	3300001798@JGI24126J20157_1000008@JGI24126J20157_100000859	7.1e-70	231.6
OM870968.1	8	6382	6861	1	46.2	1	vpfs	3300001403@JGI20205J14842_1000001@JGI20205J14842_10000018	5.9e-32	108.1
OM870968.1	9	6861	7241	1	46.5	1	vpfs	YP_004327202@NC_015294	7.1e-76	249.9
OM870968.1	10	7238	7801	1	45.2	1	vpfs	YP_004327203@NC_015294	5.1e-104	344.0
OM870968.1	11	7814	9100	1	51.0	1	vog	VOG00919	4e-129	428.8
OM870968.1	12	9131	9655	1	50.1	1	vog	VOG01961	2.7e-47	158.1
OM870968.1	13	9730	10230	1	50.1	1	vog	VOG01961	7.5e-47	156.6
OM870968.1	14	10230	10709	1	48.1	1	vog	VOG01961	5.4e-40	134.4
OM870968.1	15	10723	11094	1	47.3	1	vog	VOG00132	7.9e-29	98.5
OM870968.1	16	11202	11354	1	44.4	1	vog	VOG03319	6.3e-23	78.1
OM870968.1	17	11351	13717	1	50.6	1	vog	VOG00497	7.2e-26	88.2
OM870968.1	18	13714	14475	1	46.7	1	vog	VOG00558	9.6e-40	134.6
OM870968.1	19	14481	14837	1	47.3	1	vog	VOG00124	1.3e-25	87.6
OM870968.1	20	14834	15751	1	46.5	1	vog	VOG00640	2.6e-80	268.0
OM870968.1	21	15748	16488	1	49.1	1	vog	VOG00639	2.1e-56	189.0
OM870968.1	22	16499	16870	1	46.2	1	vpfs	YP_004327326@NC_015295	1.4e-28	97.7
OM870968.1	23	16872	18335	1	49.6	1	vog	VOG00647	6.7e-85	283.4
OM870968.1	24	18354	19085	1	49.7	1	vpfs	YP_001595464@NC_010106	1e-11	42.5
OM870968.1	25	19096	21111	1	51.1	1	vpfs	3300001683@GBIDBA_10000548@GBIDBA_1000054816	5.3e-285	944.1
OM870968.1	26	21148	21525	1	45.5	1	vog	VOG01002	1.6e-43	145.9
OM870968.1	27	21539	23038	1	51.9	1	vog	VOG11005	2.7e-190	631.5
OM870968.1	28	23055	23615	1	47.4	1	vog	VOG00913	3.7e-88	292.8
OM870968.1	29	23633	23872	1	47.5	1	vog	VOG14990	4.8e-39	130.1
OM870968.1	30	23859	24302	1	52.0	1	vog	VOG01798	3.3e-56	186.9
OM870968.1	31	24434	24739	1	40.8	1	vpfs	YP_008856909@NC_022966	2.3e-54	179.2
OM870968.1	32	24775	25089	1	46.7	1	vog	VOG02255	3.3e-39	130.9
OM870968.1	33	25137	25445	-1	46.6	1	vpfs	YP_008857074@NC_022967	1.1e-57	190.2
OM870968.1	34	25456	25776	-1	45.5	1	vog	VOG14992	1.8e-74	244.8
OM870968.1	35	25778	26587	-1	49.1	1	vog	VOG01403	3.6e-150	496.5
OM870968.1	36	26580	26738	-1	45.9	1	vog	VOG15732	1e-31	106.2
OM870968.1	37	26751	27896	-1	49.3	1	vog	VOG00320	6.7e-92	306.1
OM870968.1	38	27928	28161	-1	48.7	1	vog	VOG01207	1.3e-38	129.2
OM870968.1	39	28602	28799	1	52.0	1	vpfs	3300001866@JGI24729J20445_1000091@JGI24729J20445_100009143	1.8e-10	38.3
OM870968.1	40	28802	29287	1	53.1	1	vog	VOG04117	7.3e-62	205.0
OM870968.1	41	29310	29564	1	52.2	1	vpfs	YP_004327234@NC_015294	1.4e-41	138.1
OM870968.1	42	29566	29955	1	48.5	1	vpfs	YP_001671792@NC_010324	2.7e-36	121.7
OM870968.1	43	29952	30608	1	49.2	1	vog	VOG14993	2.4e-127	420.9
OM870968.1	44	30595	30759	1	41.8	1	vog	VOG14994	1e-42	141.8
OM870968.1	45	30762	31064	1	48.5	1	vpfs	YP_007007869@NC_019529	1.8e-57	189.3
OM870968.1	46	31065	31487	1	49.2	1	vog	VOG02508	1.6e-68	226.8
OM870968.1	47	31605	31733	1	41.9	1	vog	VOG03630	6.6e-28	94.0
OM870968.1	48	31720	31911	1	50.0	1	vog	VOG15734	3.5e-48	159.1
OM870968.1	49	31921	32166	1	52.8	1	vog	VOG14995	8.7e-61	199.8
OM870968.1	50	32163	32348	1	50.5	1	vog	VOG14996	6.9e-50	164.5
OM870968.1	51	32402	34264	1	51.2	1	vog	VOG00974	2.6e-96	321.9
OM870968.1	52	34325	36325	1	50.5	0	NA	NA	NA	NA
OM870968.1	53	36429	36908	1	52.1	1	pfam_a	Endonuclease_7	2.6e-22	76.3
OM870968.1	54	37060	37749	1	51.2	1	vpfs	YP_002003722@NC_011041	8.4e-07	26.8
OM870968.1	55	37839	38237	1	52.4	1	vog	VOG00255	3.1e-36	122.1
OM870968.1	56	38266	38433	1	45.8	1	vog	VOG14997	3.1e-44	146.9
OM870968.1	57	38435	39145	1	51.8	1	vog	VOG03330	9e-144	474.7
OM870968.1	58	39247	40251	1	52.2	1	vpfs	YP_004327248@NC_015294	7e-151	500.3
OM870968.1	59	40332	40583	1	46.0	1	vog	VOG00697	1.4e-21	74.0
OM870968.1	60	40593	40814	1	44.1	1	vog	VOG14998	4e-51	168.5
OM870968.1	61	40856	41908	1	50.0	1	vog	VOG02664	4.8e-59	198.5
OM870968.1	62	41905	42468	1	49.6	1	vpfs	YP_007004704@NC_019504	9.1e-50	167.0
OM870968.1	63	42465	42863	1	48.4	1	vpfs	YP_008857104@NC_022967	8.4e-88	289.0
OM870968.1	64	42860	43090	1	46.3	1	vog	VOG15735	4e-49	162.5
OM870968.1	65	43087	43524	1	45.4	1	vog	VOG01700	4.3e-40	134.2
OM870968.1	66	43521	43691	1	42.7	1	vog	VOG10909	9.2e-25	83.8
OM870968.1	67	43693	43875	1	45.4	1	vog	VOG15736	3.9e-41	136.4
OM870968.1	68	43872	44651	1	50.4	1	vog	VOG01457	3.9e-54	182.1
OM870968.1	69	44648	44830	1	45.4	1	vog	VOG14999	7.6e-47	155.1
OM870968.1	70	44842	45051	1	45.7	1	vog	VOG15737	3.5e-46	152.9
OM870968.1	71	45070	45405	1	52.4	1	vog	VOG15000	6.8e-77	252.5
OM870968.1	72	45409	45621	1	47.9	1	vog	VOG15001	6.4e-51	168.1
OM870968.1	73	45614	46564	1	48.9	1	vog	VOG03397	7.2e-36	121.5
OM870968.1	74	46624	46716	1	47.3	1	vog	VOG15738	3.1e-25	85.2
OM870968.1	75	46771	47736	1	49.1	1	pfam_b	Pfam-B_7294	2.3e-17	60.9
OM870968.1	76	47738	48082	1	47.8	1	vog	VOG03581	4.6e-46	153.2
OM870968.1	77	48099	49145	1	47.4	0	NA	NA	NA	NA
OM870968.1	78	49138	50883	1	51.3	0	NA	NA	NA	NA
OM870968.1	79	50958	51104	1	47.6	1	vog	VOG15739	5.9e-34	113.5
OM870968.1	80	51101	51328	1	46.9	1	vog	VOG01488	2.9e-21	73.7
OM870968.1	81	51328	51561	1	45.3	1	vog	VOG15003	1.8e-52	172.9
OM870968.1	82	51561	51797	1	45.6	1	vog	VOG15004	6.4e-55	180.7
OM870968.1	83	51797	52111	1	47.0	1	vog	VOG15005	1.9e-73	240.9
OM870968.1	84	52101	52286	1	48.4	1	vog	VOG15006	1.2e-47	157.3
OM870968.1	85	52327	52575	1	47.4	1	vpfs	YP_008859297@NC_022986	6.8e-55	180.8
OM870968.1	86	52588	53073	1	49.6	1	vog	VOG15008	5.8e-99	326.4
OM870968.1	87	53083	53277	1	49.2	1	vog	VOG15009	2.5e-48	159.9
OM870968.1	88	53279	53518	1	50.4	1	vog	VOG15010	8.7e-37	122.6
OM870968.1	89	53581	53781	1	52.2	1	vog	VOG15011	6e-50	164.8
OM870968.1	90	53940	54923	1	48.9	1	vpfs	3300001685@JGI24024J18818_10000001@JGI24024J18818_1000000127	4.2e-15	53.7
OM870968.1	91	55148	55321	1	44.3	1	vog	VOG15012	2e-32	108.6
OM870968.1	92	55950	56381	1	53.0	1	vog	VOG02731	3.4e-43	146.3
OM870968.1	93	56514	56780	1	53.2	1	vog	VOG15013	1.7e-59	195.4
OM870968.1	94	56795	56938	1	47.2	1	vog	VOG01090	1.8e-18	64.3
OM870968.1	95	56938	57225	1	51.0	1	vog	VOG15014	6.2e-55	181.2
OM870968.1	96	57237	57470	1	51.3	1	vog	VOG03887	1.5e-48	160.5
OM870968.1	97	57541	57669	1	49.6	1	vog	VOG00398	5.4e-16	56.4
OM870968.1	98	57669	57977	1	51.1	1	vog	VOG00590	1.2e-20	71.4
OM870968.1	99	58008	58259	1	47.6	0	NA	NA	NA	NA
OM870968.1	100	58306	58452	1	53.1	1	vog	VOG02932	2.5e-26	89.2
OM870968.1	101	58689	59072	1	52.3	1	vog	VOG15015	2.5e-71	235.3
OM870968.1	102	59155	59736	1	49.1	1	vpfs	YP_002922802@NC_012749	9.5e-92	303.3
OM870968.1	103	59805	60050	1	49.6	1	vpfs	CCM43691@HE983845	2.8e-54	178.7
OM870968.1	104	60128	60376	1	51.4	1	vpfs	YP_008859323@NC_022986	5e-42	140.5
OM870968.1	105	60839	61138	1	54.0	1	vog	VOG15028	1.7e-54	179.7
OM870968.1	106	61212	61406	1	51.3	1	vpfs	YP_008857161@NC_022967	1.3e-40	135.2
OM870968.1	107	62573	63226	1	49.5	1	vog	VOG00062	4e-32	109.5
OM870968.1	108	63762	63911	1	46.7	1	vog	VOG15742	5.5e-37	123.4
OM870968.1	109	63975	64241	-1	45.3	1	vog	VOG04481	5.6e-37	123.2
OM870968.1	110	64234	64644	-1	49.9	1	vog	VOG14971	2.1e-86	284.3
OM870968.1	111	64634	65050	-1	46.8	1	vog	VOG14972	5.3e-95	312.4
OM870968.1	112	65073	65780	-1	49.9	1	vog	VOG14973	2.5e-138	456.6
OM870968.1	113	66050	66361	-1	46.2	1	vog	VOG14975	3.2e-66	218.2
OM870968.1	114	66361	66723	-1	49.9	1	vog	VOG01151	9.3e-35	117.1
OM870968.1	115	66713	67006	-1	43.2	1	vog	VOG01151	5.1e-34	114.7
OM870968.1	116	67062	67277	-1	44.9	1	vog	VOG14976	2e-48	160.8
OM870968.1	117	67274	67615	-1	51.2	1	vog	VOG14977	1.5e-79	261.2
OM870968.1	118	67617	68120	-1	48.8	1	vpfs	YP_008869206@NC_015294	4e-75	248.5
OM870968.1	119	68107	68484	-1	47.6	1	vpfs	YP_004327156@NC_015294	5.7e-86	282.5
OM870968.1	120	68504	69085	-1	52.4	1	vpfs	YP_004009690@NC_014661	1.6e-48	163.1
OM870968.1	121	69082	69393	-1	44.2	1	vog	VOG15743	2.5e-53	176.5
OM870968.1	122	69395	69544	-1	48.0	1	vpfs	YP_004327159@NC_015294	6.3e-30	100.6
OM870968.1	123	69556	70035	-1	53.1	1	vog	VOG00289	2.1e-51	172.6
OM870968.1	124	70032	70229	-1	44.4	1	vog	VOG14980	4.6e-44	146.1
OM870968.1	125	70241	71929	-1	51.1	1	vog	VOG00752	8.9e-193	639.0
OM870968.1	126	71986	72204	-1	50.2	1	vog	VOG03501	2e-51	169.6
OM870968.1	127	72201	73067	-1	50.9	1	vog	VOG09591	4.6e-91	302.5
OM870968.1	128	73077	73493	-1	48.7	1	ko	K01121	9e-29	98.1
OM870968.1	129	73504	74421	-1	47.4	1	vog	VOG01388	1.4e-67	226.2
OM870968.1	130	74433	74840	-1	48.3	1	vog	VOG03582	1.7e-32	110.3
OM870968.1	131	74837	75112	-1	46.4	0	NA	NA	NA	NA
OM870968.1	132	75114	75350	-1	47.7	1	vog	VOG15745	4.3e-39	130.1
OM870968.1	133	75362	75916	-1	47.9	1	vog	VOG02513	3.3e-54	181.4
OM870968.1	134	75916	76347	-1	47.0	1	vog	VOG14981	8.7e-98	321.7
OM870968.1	135	76337	76897	-1	48.7	0	NA	NA	NA	NA
OM870968.1	136	76899	77459	-1	49.4	1	vog	VOG09569	3.1e-47	158.0
OM870968.1	137	77517	77981	-1	48.6	1	vog	VOG00332	2.1e-36	122.4
OM870968.1	138	77994	79202	-1	48.6	1	vog	VOG00074	5.3e-69	231.1
OM870968.1	139	79199	79615	-1	51.3	0	NA	NA	NA	NA
OM870968.1	140	79618	79854	-1	51.1	1	vog	VOG14982	1.9e-55	182.8
OM870968.1	141	79864	80076	-1	51.2	1	vog	VOG00159	3.5e-16	57.0
OM870968.1	142	80073	80342	-1	48.5	1	vog	VOG14983	7.8e-53	174.3
OM870968.1	143	80351	81010	-1	45.3	1	vog	VOG00100	2.5e-35	119.8
OM870968.1	144	81012	81359	-1	50.0	1	vpfs	YP_008857032@NC_022966	5.2e-71	233.8
OM870968.1	145	81340	81618	-1	48.7	1	vog	VOG14985	5.7e-60	197.5
OM870968.1	146	81615	81893	-1	49.5	1	vog	VOG14986	8.2e-66	215.6
OM870968.1	147	81928	82113	-1	54.3	1	vog	VOG15746	3.2e-49	162.5
OM870968.1	148	82114	82407	-1	54.4	1	vog	VOG01488	1.9e-31	106.9
OM870968.1	149	82404	82589	-1	46.8	1	vog	VOG14987	2.8e-47	156.0
OM870968.1	150	82650	83198	-1	48.3	0	NA	NA	NA	NA
OM870968.1	151	83246	83602	-1	50.1	1	vog	VOG14988	5.8e-51	169.2
OM870968.1	152	83599	84066	-1	47.2	1	vog	VOG14989	9.9e-59	195.9
OM870968.1	153	84541	84729	1	46.6	1	vog	VOG01344	3.2e-26	89.0
OM870968.1	154	84872	85195	1	43.8	1	vog	VOG04689	2.4e-48	160.5
OM870968.1	155	87285	87683	-1	51.9	0	NA	NA	NA	NA
OM870969.1	1	1	1521	1	47.1	1	vog	VOG00629	2.2e-53	179.4
OM870969.1	2	1534	2973	1	47.3	1	vpfs	YP_001552335@NC_009993	6.7e-92	306.3
OM870969.1	3	2983	3453	1	49.3	1	pfam_a	Peptidase_S78_2	1.1e-22	78.0
OM870969.1	4	3450	4367	1	48.5	1	vog	VOG02017	2.3e-81	272.1
OM870969.1	5	4395	4805	1	50.4	1	vog	VOG03969	4.4e-63	208.7
OM870969.1	6	4850	5884	1	52.9	1	vpfs	YP_002003562@NC_011041	8.5e-128	423.8
OM870969.1	7	5933	6409	1	48.2	1	vpfs	3300001798@JGI24126J20157_1000008@JGI24126J20157_100000859	7.1e-70	231.6
OM870969.1	8	6381	6860	1	46.0	1	vpfs	3300001403@JGI20205J14842_1000001@JGI20205J14842_10000018	5.9e-32	108.1
OM870969.1	9	6860	7240	1	46.7	1	vpfs	YP_004327202@NC_015294	7.1e-76	249.9
OM870969.1	10	7237	7800	1	45.2	1	vpfs	YP_004327203@NC_015294	5.1e-104	344.0
OM870969.1	11	7813	9099	1	51.1	1	vog	VOG00919	4e-129	428.8
OM870969.1	12	9130	9654	1	50.1	1	vog	VOG01961	2.7e-47	158.1
OM870969.1	13	9729	10229	1	50.3	1	vog	VOG01961	7.5e-47	156.6
OM870969.1	14	10229	10708	1	48.1	1	vog	VOG01961	5.4e-40	134.4
OM870969.1	15	10722	11093	1	47.3	1	vog	VOG00132	7.9e-29	98.5
OM870969.1	16	11201	11353	1	44.4	1	vog	VOG03319	6.3e-23	78.1
OM870969.1	17	11350	13716	1	50.7	1	vog	VOG00497	5.8e-27	91.8
OM870969.1	18	13713	14474	1	47.0	1	vog	VOG00558	1.1e-39	134.4
OM870969.1	19	14480	14836	1	46.2	1	vog	VOG00124	6.5e-26	88.6
OM870969.1	20	14833	15750	1	46.3	1	vog	VOG00640	2.2e-80	268.2
OM870969.1	21	15747	16487	1	49.1	1	vog	VOG00639	2.1e-56	189.0
OM870969.1	22	16498	16869	1	46.0	1	vpfs	YP_004327326@NC_015295	1.4e-28	97.7
OM870969.1	23	16871	18334	1	49.7	1	vog	VOG00647	6.7e-85	283.4
OM870969.1	24	18353	19084	1	49.7	1	vpfs	YP_001595464@NC_010106	1e-11	42.5
OM870969.1	25	19095	21110	1	51.4	1	vpfs	3300001683@GBIDBA_10000548@GBIDBA_1000054816	8.9e-286	946.6
OM870969.1	26	21147	21524	1	47.1	1	vog	VOG01002	8.1e-43	143.6
OM870969.1	27	21536	23035	1	52.2	1	vog	VOG11005	2.2e-189	628.5
OM870969.1	28	23052	23612	1	48.0	1	vog	VOG00913	2e-88	293.8
OM870969.1	29	23630	23869	1	47.5	1	vog	VOG14990	4.8e-39	130.1
OM870969.1	30	23856	24299	1	51.6	1	vog	VOG01798	3.3e-56	186.9
OM870969.1	31	24431	24736	1	40.8	1	vpfs	YP_008856909@NC_022966	2.3e-54	179.2
OM870969.1	32	24772	25086	1	46.7	1	vog	VOG02255	3.3e-39	130.9
OM870969.1	33	25134	25442	-1	47.9	1	vpfs	YP_008857074@NC_022967	1.6e-56	186.5
OM870969.1	34	25453	25773	-1	46.1	1	vog	VOG14992	1.9e-74	244.7
OM870969.1	35	25775	26584	-1	49.1	1	vog	VOG01403	8.9e-150	495.2
OM870969.1	36	26571	26735	-1	44.8	1	vog	VOG15732	2.6e-32	108.1
OM870969.1	37	26748	27884	-1	48.9	1	vog	VOG00320	1.4e-91	305.0
OM870969.1	38	27916	28149	-1	49.1	1	vog	VOG01207	1.3e-38	129.2
OM870969.1	39	28589	28786	1	52.5	1	vpfs	3300001866@JGI24729J20445_1000091@JGI24729J20445_100009143	1.8e-10	38.3
OM870969.1	40	28783	29274	1	53.9	1	vog	VOG04117	2.9e-61	203.1
OM870969.1	41	29308	29562	1	50.2	1	vpfs	YP_004327234@NC_015294	7.7e-41	135.8
OM870969.1	42	29564	29953	1	50.0	1	vpfs	YP_001671792@NC_010324	5e-37	124.1
OM870969.1	43	29950	30615	1	49.5	1	vog	VOG14993	5.2e-130	429.7
OM870969.1	44	30602	30766	1	41.8	1	vog	VOG14994	1e-42	141.8
OM870969.1	45	30769	31071	1	48.8	1	vpfs	YP_007007869@NC_019529	6.4e-57	187.5
OM870969.1	46	31072	31494	1	48.9	1	vog	VOG02508	1.6e-68	226.8
OM870969.1	47	31612	31740	1	41.9	1	vog	VOG03630	4.3e-27	91.4
OM870969.1	48	31727	31918	1	51.6	1	vog	VOG15734	3.5e-48	159.1
OM870969.1	49	31928	32173	1	52.8	1	vog	VOG14995	7.6e-62	203.2
OM870969.1	50	32170	32355	1	50.5	1	vog	VOG14996	6.9e-50	164.5
OM870969.1	51	32409	34271	1	51.1	1	vog	VOG00974	2.6e-96	321.9
OM870969.1	52	34332	37046	1	50.8	1	ko	K21238	2e-46	156.1
OM870969.1	53	37136	37531	1	50.5	1	vog	VOG00255	4e-36	121.8
OM870969.1	54	37552	37719	1	44.6	1	vog	VOG14997	3.1e-44	146.9
OM870969.1	55	37721	38431	1	51.2	1	vog	VOG03330	8.6e-141	465.0
OM870969.1	56	38534	39538	1	52.2	1	vpfs	YP_004327248@NC_015294	2e-151	502.2
OM870969.1	57	39607	39840	1	47.0	1	vog	VOG00697	1.9e-21	73.5
OM870969.1	58	39850	40071	1	47.7	1	vog	VOG14998	9.4e-50	164.1
OM870969.1	59	40113	41165	1	49.7	1	vog	VOG02664	1.9e-60	203.1
OM870969.1	60	41162	41725	1	50.5	1	vpfs	YP_007004704@NC_019504	7.2e-49	164.0
OM870969.1	61	41722	42120	1	49.9	1	vpfs	YP_008857104@NC_022967	8.6e-88	289.0
OM870969.1	62	42117	42347	1	45.9	1	vog	VOG15735	1.7e-48	160.5
OM870969.1	63	42344	42781	1	45.7	1	vog	VOG01700	2.6e-40	134.9
OM870969.1	64	42778	42948	1	49.1	1	vog	VOG10909	6.2e-24	81.2
OM870969.1	65	42950	43132	1	44.8	1	vog	VOG15736	5.5e-40	132.7
OM870969.1	66	43129	43908	1	50.0	1	vog	VOG01457	3.9e-54	182.1
OM870969.1	67	43905	44087	1	45.4	1	vog	VOG14999	7.6e-47	155.1
OM870969.1	68	44099	44308	1	45.7	1	vog	VOG15737	3.5e-46	152.9
OM870969.1	69	44327	44662	1	51.2	1	vog	VOG15000	4.1e-76	250.0
OM870969.1	70	44666	44881	1	48.6	1	vog	VOG15001	1e-48	161.0
OM870969.1	71	44874	45824	1	48.7	1	vog	VOG03397	1.3e-35	120.7
OM870969.1	72	45884	45976	1	45.2	1	vog	VOG15738	3.1e-25	85.2
OM870969.1	73	46031	46978	1	48.4	1	pfam_b	Pfam-B_7294	2.2e-17	61.0
OM870969.1	74	46981	47325	1	49.6	1	vog	VOG03581	2.2e-46	154.3
OM870969.1	75	47342	48388	1	48.4	0	NA	NA	NA	NA
OM870969.1	76	48381	50126	1	51.9	0	NA	NA	NA	NA
OM870969.1	77	50201	50347	1	47.6	1	vog	VOG15739	5.9e-34	113.5
OM870969.1	78	50344	50571	1	46.9	1	vog	VOG01488	2.9e-21	73.7
OM870969.1	79	50571	50804	1	45.3	1	vog	VOG15003	1.8e-52	172.9
OM870969.1	80	50804	51040	1	45.1	1	vog	VOG15004	3.4e-53	175.2
OM870969.1	81	51040	51354	1	47.9	1	vog	VOG15005	1.9e-74	244.2
OM870969.1	82	51344	51529	1	47.8	1	vog	VOG15006	1.2e-47	157.3
OM870969.1	83	51570	51818	1	47.8	1	vpfs	YP_008859297@NC_022986	1.5e-55	182.8
OM870969.1	84	51830	52315	1	48.8	1	vog	VOG15008	2.4e-99	327.7
OM870969.1	85	52325	52519	1	52.3	1	vog	VOG15009	1.3e-48	160.8
OM870969.1	86	52521	52760	1	51.2	1	vog	VOG15010	1.4e-37	125.2
OM870969.1	87	52823	53023	1	51.7	1	vog	VOG15011	5.8e-51	168.1
OM870969.1	88	53191	54177	1	49.4	1	vpfs	3300001685@JGI24024J18818_10000001@JGI24024J18818_1000000127	5.6e-17	59.8
OM870969.1	89	54402	54575	1	44.3	1	vog	VOG15012	2.6e-38	127.5
OM870969.1	90	55204	55677	1	51.9	1	vog	VOG02731	2.5e-47	159.8
OM870969.1	91	55767	56033	1	50.9	1	vog	VOG15013	1.7e-58	192.2
OM870969.1	92	56048	56191	1	48.6	1	vog	VOG01090	1e-18	65.0
OM870969.1	93	56191	56478	1	52.1	1	vog	VOG15014	5.3e-60	197.5
OM870969.1	94	56490	56723	1	52.6	1	vog	VOG03887	5.8e-50	165.1
OM870969.1	95	56794	56922	1	51.2	1	vog	VOG00398	5.4e-16	56.4
OM870969.1	96	56922	57230	1	51.1	1	vog	VOG00590	1.2e-20	71.4
OM870969.1	97	57261	57512	1	47.6	0	NA	NA	NA	NA
OM870969.1	98	57559	57705	1	53.1	1	vog	VOG02932	2.5e-26	89.2
OM870969.1	99	57942	58325	1	52.6	1	vog	VOG15015	2.5e-71	235.3
OM870969.1	100	58401	59072	1	52.2	1	vog	VOG03542	1.5e-57	192.7
OM870969.1	101	59077	59415	1	51.3	1	vog	VOG15016	1.1e-60	200.5
OM870969.1	102	59415	59783	1	51.2	1	vpfs	YP_008869190@NC_015294	7.4e-82	269.0
OM870969.1	103	60049	60243	1	49.2	1	vog	VOG15018	4e-44	146.8
OM870969.1	104	60261	60575	1	46.7	1	vpfs	YP_004327290@NC_015294	1.6e-53	177.3
OM870969.1	105	60572	60796	1	56.4	1	vog	VOG15020	1.1e-51	170.9
OM870969.1	106	60829	61095	1	52.4	1	vog	VOG15021	9.2e-37	123.2
OM870969.1	107	61092	61484	1	52.4	1	vog	VOG15022	4e-87	286.5
OM870969.1	108	61599	62183	1	47.0	1	vpfs	YP_002922802@NC_012749	1.8e-87	289.3
OM870969.1	109	62255	62500	1	49.2	1	vpfs	CCM43691@HE983845	1.7e-56	185.8
OM870969.1	110	62512	62841	1	47.9	1	vpfs	YP_008859323@NC_022986	5.1e-62	204.8
OM870969.1	111	62877	63338	1	51.3	1	vog	VOG00539	5.4e-29	99.1
OM870969.1	112	63442	63969	1	55.3	1	vog	VOG15024	1.7e-56	187.2
OM870969.1	113	64038	64250	1	50.2	1	vog	VOG15025	4.4e-52	171.9
OM870969.1	114	64276	64581	1	53.3	0	NA	NA	NA	NA
OM870969.1	115	64704	65156	1	47.5	1	vpfs	YP_008859329@NC_022986	7.4e-80	263.9
OM870969.1	116	65398	65688	1	51.2	1	vog	VOG15028	5.6e-54	178.1
OM870969.1	117	65784	66050	1	54.3	0	NA	NA	NA	NA
OM870969.1	118	66150	66344	1	48.7	1	vpfs	YP_008857161@NC_022967	5.6e-41	136.4
OM870969.1	119	67500	68153	1	49.5	1	vog	VOG00062	4e-32	109.5
OM870969.1	120	68690	68839	1	47.3	1	vog	VOG15742	3.8e-38	127.1
OM870969.1	121	68903	69169	-1	45.3	1	vog	VOG04481	2.2e-37	124.5
OM870969.1	122	69169	69573	-1	51.1	1	vog	VOG14971	3.9e-85	280.2
OM870969.1	123	69563	69979	-1	45.6	1	vog	VOG14972	1.9e-95	313.9
OM870969.1	124	70002	70688	-1	49.8	1	vog	VOG14973	2.1e-142	470.0
OM870969.1	125	70957	71268	-1	46.2	1	vog	VOG14975	3.2e-66	218.2
OM870969.1	126	71268	71630	-1	49.9	1	vog	VOG01151	9.3e-35	117.1
OM870969.1	127	71620	71913	-1	42.9	1	vog	VOG01151	5.1e-34	114.7
OM870969.1	128	71969	72184	-1	44.4	1	vog	VOG14976	1.4e-50	167.7
OM870969.1	129	72181	72522	-1	50.6	1	vog	VOG14977	1.5e-79	261.2
OM870969.1	130	72524	73027	-1	49.4	1	vpfs	YP_008869206@NC_015294	4e-75	248.5
OM870969.1	131	73014	73391	-1	48.7	1	vpfs	YP_004327156@NC_015294	1.1e-86	284.8
OM870969.1	132	73411	73992	-1	52.7	1	vpfs	YP_004009690@NC_014661	1.6e-48	163.1
OM870969.1	133	73989	74300	-1	44.2	1	vog	VOG15743	2.5e-53	176.5
OM870969.1	134	74302	74451	-1	48.0	1	vpfs	YP_004327159@NC_015294	6.3e-30	100.6
OM870969.1	135	74463	74942	-1	52.9	1	vog	VOG00289	2.1e-51	172.6
OM870969.1	136	74939	75136	-1	43.9	1	vog	VOG14980	2.4e-44	147.0
OM870969.1	137	75148	76836	-1	51.3	1	vog	VOG00752	9e-193	639.0
OM870969.1	138	76893	77111	-1	50.2	1	vog	VOG03501	2e-51	169.6
OM870969.1	139	77108	77974	-1	51.0	1	vog	VOG09591	2.8e-91	303.2
OM870969.1	140	77984	78400	-1	48.2	1	ko	K01121	3.9e-29	99.3
OM870969.1	141	78411	79328	-1	46.9	1	vog	VOG01388	7.9e-68	227.0
OM870969.1	142	79340	79747	-1	47.3	1	vog	VOG03582	2.6e-35	119.5
OM870969.1	143	79744	80019	-1	45.7	0	NA	NA	NA	NA
OM870969.1	144	80021	80257	-1	46.4	1	vog	VOG15745	1.3e-39	131.8
OM870969.1	145	80270	80824	-1	48.1	1	vog	VOG02513	2.1e-53	178.7
OM870969.1	146	80824	81255	-1	48.1	1	vog	VOG14981	1.8e-98	323.9
OM870969.1	147	81245	81805	-1	48.7	0	NA	NA	NA	NA
OM870969.1	148	81807	82367	-1	49.7	1	vog	VOG09569	3.4e-47	157.9
OM870969.1	149	82425	82889	-1	48.2	1	vog	VOG00332	1.8e-35	119.4
OM870969.1	150	82902	84110	-1	48.8	1	vog	VOG00074	6.1e-69	230.9
OM870969.1	151	84107	84523	-1	50.6	0	NA	NA	NA	NA
OM870969.1	152	84526	84762	-1	51.5	1	vog	VOG14982	1.9e-55	182.8
OM870969.1	153	84772	84984	-1	51.2	1	vog	VOG00159	3.5e-16	57.0
OM870969.1	154	84981	85250	-1	48.5	1	vog	VOG14983	7.8e-53	174.3
OM870969.1	155	85422	85919	-1	46.2	1	vog	VOG00100	1.6e-35	120.5
OM870969.1	156	85921	86268	-1	50.0	1	vpfs	YP_008857032@NC_022966	8.1e-70	229.9
OM870969.1	157	86249	86527	-1	48.4	1	vog	VOG14985	5.7e-60	197.5
OM870969.1	158	86524	86802	-1	49.5	1	vog	VOG14986	8.2e-66	215.6
OM870969.1	159	86837	87022	-1	54.3	1	vog	VOG15746	3.2e-49	162.5
OM870969.1	160	87023	87316	-1	54.4	1	vog	VOG01488	3.6e-31	106.0
OM870969.1	161	87313	87498	-1	46.2	1	vog	VOG14987	1.7e-46	153.5
OM870969.1	162	87559	88107	-1	48.1	0	NA	NA	NA	NA
OM870969.1	163	88155	88511	-1	50.4	1	vog	VOG14988	5.8e-51	169.2
OM870969.1	164	88508	89005	-1	47.8	1	vog	VOG14989	1.4e-64	214.9
OM870969.1	165	89478	89666	1	49.2	1	vog	VOG01344	3.2e-26	89.0
OM870969.1	166	89809	90132	1	43.8	1	vog	VOG04689	2.4e-48	160.5
OM870969.1	167	92108	92506	-1	51.9	0	NA	NA	NA	NA
OM870970.1	1	1	1521	1	47.3	1	vog	VOG00629	2.2e-53	179.4
OM870970.1	2	1534	2973	1	47.7	1	vpfs	YP_001552335@NC_009993	6.6e-92	306.3
OM870970.1	3	2983	3453	1	49.5	1	pfam_a	Peptidase_S78_2	1.2e-22	78.0
OM870970.1	4	3450	4367	1	48.4	1	vog	VOG02017	1.7e-81	272.5
OM870970.1	5	4395	4805	1	50.1	1	vog	VOG03969	9.8e-64	210.8
OM870970.1	6	4850	5884	1	52.9	1	vpfs	YP_002003562@NC_011041	8.5e-128	423.8
OM870970.1	7	5934	6410	1	48.2	1	vpfs	3300001798@JGI24126J20157_1000008@JGI24126J20157_100000859	7.1e-70	231.6
OM870970.1	8	6382	6861	1	46.0	1	vpfs	3300001403@JGI20205J14842_1000001@JGI20205J14842_10000018	5.9e-32	108.1
OM870970.1	9	6861	7241	1	46.7	1	vpfs	YP_004327202@NC_015294	7.1e-76	249.9
OM870970.1	10	7238	7801	1	45.2	1	vpfs	YP_004327203@NC_015294	5.1e-104	344.0
OM870970.1	11	7814	9100	1	51.2	1	vog	VOG00919	4e-129	428.8
OM870970.1	12	9131	9655	1	50.1	1	vog	VOG01961	2.7e-47	158.1
OM870970.1	13	9730	10230	1	49.1	1	vog	VOG01961	7.5e-47	156.6
OM870970.1	14	10230	10709	1	48.1	1	vog	VOG01961	5.4e-40	134.4
OM870970.1	15	10723	11094	1	47.3	1	vog	VOG00132	7.9e-29	98.5
OM870970.1	16	11202	11354	1	44.4	1	vog	VOG03319	6.3e-23	78.1
OM870970.1	17	11351	13717	1	50.6	1	vog	VOG00497	5.8e-27	91.8
OM870970.1	18	13714	14475	1	46.9	1	vog	VOG00558	1.1e-39	134.4
OM870970.1	19	14481	14837	1	46.2	1	vog	VOG00124	6.5e-26	88.6
OM870970.1	20	14834	15751	1	46.6	1	vog	VOG00640	2.9e-80	267.8
OM870970.1	21	15748	16488	1	49.1	1	vog	VOG00639	2.1e-56	189.0
OM870970.1	22	16499	16870	1	46.2	1	vpfs	YP_004327326@NC_015295	1.4e-28	97.7
OM870970.1	23	16872	18335	1	49.6	1	vog	VOG00647	6.7e-85	283.4
OM870970.1	24	18354	19085	1	49.7	1	vpfs	YP_001595464@NC_010106	1e-11	42.5
OM870970.1	25	19096	21111	1	51.3	1	vpfs	3300001683@GBIDBA_10000548@GBIDBA_1000054816	1.1e-284	943.0
OM870970.1	26	21148	21525	1	45.5	1	vog	VOG01002	1.6e-43	145.9
OM870970.1	27	21539	23038	1	51.9	1	vog	VOG11005	2.7e-190	631.5
OM870970.1	28	23055	23615	1	47.4	1	vog	VOG00913	3.7e-88	292.8
OM870970.1	29	23633	23872	1	47.5	1	vog	VOG14990	4.8e-39	130.1
OM870970.1	30	23859	24302	1	51.8	1	vog	VOG01798	3.3e-56	186.9
OM870970.1	31	24434	24739	1	40.8	1	vpfs	YP_008856909@NC_022966	2.3e-54	179.2
OM870970.1	32	24775	25089	1	46.7	1	vog	VOG02255	3.3e-39	130.9
OM870970.1	33	25137	25445	-1	47.9	1	vpfs	YP_008857074@NC_022967	6.6e-55	181.3
OM870970.1	34	25456	25776	-1	43.9	1	vog	VOG14992	6.9e-74	242.9
OM870970.1	35	25778	26587	-1	48.5	1	vog	VOG01403	3.1e-150	496.7
OM870970.1	36	26580	26738	-1	45.9	1	vog	VOG15732	1e-31	106.2
OM870970.1	37	26751	27896	-1	49.3	1	vog	VOG00320	6.7e-92	306.1
OM870970.1	38	27928	28161	-1	47.4	1	vog	VOG01207	2.9e-38	128.1
OM870970.1	39	28613	28810	1	53.5	1	vpfs	3300001866@JGI24729J20445_1000091@JGI24729J20445_100009143	6.2e-10	36.6
OM870970.1	40	28822	29307	1	52.1	1	vog	VOG04117	4.8e-58	192.7
OM870970.1	41	29330	29584	1	52.2	1	vpfs	YP_004327234@NC_015294	1.4e-41	138.1
OM870970.1	42	29586	29975	1	48.5	1	vpfs	YP_001671792@NC_010324	1e-36	123.1
OM870970.1	43	29972	30628	1	49.3	1	vog	VOG14993	2.4e-127	420.9
OM870970.1	44	30615	30782	1	41.7	1	vog	VOG14994	3.1e-43	143.5
OM870970.1	45	30779	31075	1	47.5	1	vpfs	YP_007007869@NC_019529	2.6e-56	185.6
OM870970.1	46	31076	31498	1	49.2	1	vog	VOG02508	1.6e-68	226.8
OM870970.1	47	31616	31744	1	41.9	1	vog	VOG03630	6.6e-28	94.0
OM870970.1	48	31731	31922	1	50.0	1	vog	VOG15734	3.5e-48	159.1
OM870970.1	49	31932	32177	1	52.8	1	vog	VOG14995	8.7e-61	199.8
OM870970.1	50	32174	32359	1	50.5	1	vog	VOG14996	6.9e-50	164.5
OM870970.1	51	32413	34275	1	51.2	1	vog	VOG00974	2.6e-96	321.9
OM870970.1	52	34336	37050	1	50.8	1	ko	K21238	1.4e-45	153.3
OM870970.1	53	37143	37541	1	49.1	1	vog	VOG00255	1.1e-35	120.4
OM870970.1	54	37570	37737	1	45.2	1	vog	VOG14997	3.1e-44	146.9
OM870970.1	55	37739	38455	1	50.5	1	vog	VOG03330	1.4e-140	464.3
OM870970.1	56	38557	39561	1	52.3	1	vpfs	YP_004327248@NC_015294	2e-151	502.2
OM870970.1	57	39631	39864	1	47.0	1	vog	VOG00697	1.9e-21	73.5
OM870970.1	58	39874	40095	1	47.7	1	vog	VOG14998	9.4e-50	164.1
OM870970.1	59	40137	41189	1	50.0	1	vog	VOG02664	3.5e-60	202.3
OM870970.1	60	41186	41749	1	51.2	1	vpfs	YP_007004704@NC_019504	1.4e-49	166.4
OM870970.1	61	41746	42132	1	48.6	1	vpfs	YP_008857104@NC_022967	4.4e-83	273.7
OM870970.1	62	42129	42359	1	45.5	1	vog	VOG15735	2.1e-48	160.2
OM870970.1	63	42356	42793	1	45.4	1	vog	VOG01700	6.7e-40	133.5
OM870970.1	64	42790	42960	1	49.1	1	vog	VOG10909	6.2e-24	81.2
OM870970.1	65	42962	43144	1	44.8	1	vog	VOG15736	5.5e-40	132.7
OM870970.1	66	43141	43920	1	51.8	1	vog	VOG01457	3.9e-54	182.1
OM870970.1	67	43917	44099	1	46.4	1	vog	VOG14999	7.9e-46	151.8
OM870970.1	68	44127	44333	1	42.5	1	vog	VOG15737	1.5e-40	134.9
OM870970.1	69	44352	44687	1	51.8	1	vog	VOG15000	6.9e-76	249.3
OM870970.1	70	44691	44906	1	48.6	1	vog	VOG15001	1e-48	161.0
OM870970.1	71	44899	45894	1	49.7	1	vog	VOG03397	7.7e-36	121.4
OM870970.1	72	45954	46046	1	48.4	1	vog	VOG15738	5.5e-25	84.4
OM870970.1	73	46100	47065	1	49.3	1	pfam_b	Pfam-B_7294	2.1e-17	61.0
OM870970.1	74	47067	47411	1	49.6	1	vog	VOG03581	2.2e-46	154.3
OM870970.1	75	47441	48487	1	47.8	0	NA	NA	NA	NA
OM870970.1	76	48480	50225	1	51.4	0	NA	NA	NA	NA
OM870970.1	77	50300	50446	1	47.6	1	vog	VOG15739	5.9e-34	113.5
OM870970.1	78	50443	50670	1	46.9	1	vog	VOG01488	2.9e-21	73.7
OM870970.1	79	50670	50903	1	45.3	1	vog	VOG15003	1.8e-52	172.9
OM870970.1	80	50903	51139	1	45.6	1	vog	VOG15004	6.4e-55	180.7
OM870970.1	81	51139	51453	1	47.3	1	vog	VOG15005	7.6e-75	245.4
OM870970.1	82	51443	51628	1	47.8	1	vog	VOG15006	1.2e-47	157.3
OM870970.1	83	51669	51917	1	48.6	1	vpfs	YP_008859297@NC_022986	8.2e-55	180.5
OM870970.1	84	51929	52414	1	49.8	1	vog	VOG15008	5e-100	329.9
OM870970.1	85	52424	52618	1	49.2	1	vog	VOG15009	2.5e-48	159.9
OM870970.1	86	52620	52859	1	51.2	1	vog	VOG15010	1.6e-37	125.0
OM870970.1	87	52922	53122	1	51.7	1	vog	VOG15011	5.8e-51	168.1
OM870970.1	88	53289	54275	1	48.4	1	vpfs	3300001685@JGI24024J18818_10000001@JGI24024J18818_1000000127	2.3e-18	64.4
OM870970.1	89	54499	54672	1	47.1	1	vog	VOG15012	6e-39	129.5
OM870970.1	90	55301	55774	1	51.9	1	vog	VOG02731	2.5e-47	159.8
OM870970.1	91	55864	56133	1	51.5	1	vog	VOG15013	6.8e-61	199.9
OM870970.1	92	56148	56291	1	49.3	1	vog	VOG01090	1e-18	65.0
OM870970.1	93	56291	56578	1	51.7	1	vog	VOG15014	8.1e-57	187.3
OM870970.1	94	56894	57022	1	51.2	1	vog	VOG00398	5.4e-16	56.4
OM870970.1	95	57022	57330	1	50.8	1	vog	VOG00590	1.2e-20	71.4
OM870970.1	96	57361	57612	1	47.6	0	NA	NA	NA	NA
OM870970.1	97	57659	57805	1	53.1	1	vog	VOG02932	2.5e-26	89.2
OM870970.1	98	58042	58425	1	52.6	1	vog	VOG15015	2.5e-71	235.3
OM870970.1	99	58501	59172	1	52.4	1	vog	VOG03542	4.8e-57	191.0
OM870970.1	100	59178	59516	1	51.3	1	vog	VOG15016	5.5e-60	198.3
OM870970.1	101	59516	59884	1	53.1	1	vpfs	YP_008869190@NC_015294	2e-82	270.9
OM870970.1	102	59881	60075	1	53.8	0	NA	NA	NA	NA
OM870970.1	103	60149	60343	1	50.3	1	vog	VOG15018	4e-44	146.8
OM870970.1	104	60362	60658	1	46.1	1	vpfs	YP_004327290@NC_015294	4.4e-48	159.8
OM870970.1	105	60655	60879	1	56.4	1	vog	VOG15020	2e-53	176.5
OM870970.1	106	60912	61178	1	51.3	1	vog	VOG15021	1.4e-36	122.6
OM870970.1	107	61175	61567	1	52.2	1	vog	VOG15022	7.4e-84	275.9
OM870970.1	108	61682	62263	1	49.5	1	vpfs	YP_002922802@NC_012749	5.6e-92	304.0
OM870970.1	109	62332	62577	1	49.6	1	vpfs	CCM43691@HE983845	1.9e-54	179.2
OM870970.1	110	62589	62927	1	50.7	1	vpfs	YP_008859323@NC_022986	8.9e-65	213.7
OM870970.1	111	62963	63442	1	51.0	1	vog	VOG00539	2.6e-29	100.1
OM870970.1	112	63513	64040	1	54.9	1	vog	VOG15024	1.7e-56	187.2
OM870970.1	113	64111	64344	1	51.7	0	NA	NA	NA	NA
OM870970.1	114	64595	65047	1	49.2	1	vpfs	YP_008859329@NC_022986	4.2e-83	274.5
OM870970.1	115	65065	65364	1	55.0	1	vog	VOG15028	3.1e-54	178.9
OM870970.1	116	65438	65632	1	50.8	1	vpfs	YP_008857161@NC_022967	1.3e-40	135.2
OM870970.1	117	66788	67387	1	49.2	1	vog	VOG00062	1.3e-24	84.8
OM870970.1	118	67896	68045	1	47.3	1	vog	VOG15742	3.8e-38	127.1
OM870970.1	119	68109	68375	-1	45.3	1	vog	VOG04481	2.2e-37	124.5
OM870970.1	120	68375	68779	-1	51.1	1	vog	VOG14971	2.6e-85	280.8
OM870970.1	121	68769	69185	-1	46.3	1	vog	VOG14972	2.2e-95	313.6
OM870970.1	122	69208	69915	-1	49.9	1	vog	VOG14973	2.5e-138	456.6
OM870970.1	123	70184	70495	-1	46.2	1	vog	VOG14975	3.2e-66	218.2
OM870970.1	124	70495	70857	-1	49.9	1	vog	VOG01151	9.3e-35	117.1
OM870970.1	125	70847	71140	-1	43.2	1	vog	VOG01151	5.1e-34	114.7
OM870970.1	126	71196	71411	-1	44.4	1	vog	VOG14976	1.4e-50	167.7
OM870970.1	127	71408	71749	-1	50.9	1	vog	VOG14977	1.5e-79	261.2
OM870970.1	128	71751	72254	-1	49.2	1	vpfs	YP_008869206@NC_015294	6.4e-75	247.8
OM870970.1	129	72241	72618	-1	48.9	1	vpfs	YP_004327156@NC_015294	6.4e-86	282.4
OM870970.1	130	72638	73219	-1	51.7	1	vpfs	YP_004009690@NC_014661	4.5e-49	164.9
OM870970.1	131	73216	73527	-1	44.2	1	vog	VOG15743	3.7e-54	179.1
OM870970.1	132	73529	73678	-1	48.7	1	vpfs	YP_004327159@NC_015294	6.3e-30	100.6
OM870970.1	133	73690	74169	-1	51.0	1	vog	VOG00289	1.8e-51	172.8
OM870970.1	134	74166	74363	-1	43.9	1	vog	VOG14980	2.4e-44	147.0
OM870970.1	135	74375	76063	-1	51.1	1	vog	VOG00752	9e-193	639.0
OM870970.1	136	76120	76338	-1	50.2	1	vog	VOG03501	2.4e-51	169.3
OM870970.1	137	76335	77201	-1	50.6	1	vog	VOG09591	3.9e-90	299.5
OM870970.1	138	77211	77627	-1	47.7	1	ko	K01121	2e-29	100.3
OM870970.1	139	77638	78555	-1	47.3	1	vog	VOG01388	1.1e-66	223.2
OM870970.1	140	78567	78974	-1	48.3	1	vog	VOG03582	7.6e-33	111.5
OM870970.1	141	78971	79246	-1	45.7	0	NA	NA	NA	NA
OM870970.1	142	79248	79484	-1	46.4	1	vog	VOG15745	1.3e-39	131.8
OM870970.1	143	79497	80051	-1	48.3	1	vog	VOG02513	3.3e-54	181.4
OM870970.1	144	80051	80482	-1	48.4	1	vog	VOG14981	1.4e-95	314.5
OM870970.1	145	80472	81032	-1	49.0	0	NA	NA	NA	NA
OM870970.1	146	81034	81594	-1	49.4	1	vog	VOG09569	3.1e-47	158.0
OM870970.1	147	81652	82116	-1	48.6	1	vog	VOG00332	2.1e-36	122.4
OM870970.1	148	82128	83336	-1	49.6	1	rvdb	FAM001274	7.3e-39	131.2
OM870970.1	149	83333	83749	-1	50.8	0	NA	NA	NA	NA
OM870970.1	150	83752	83988	-1	50.2	1	vog	VOG14982	1.9e-55	182.8
OM870970.1	151	83998	84210	-1	51.2	1	vog	VOG00159	3.5e-16	57.0
OM870970.1	152	84207	84476	-1	48.5	1	vog	VOG14983	7.8e-53	174.3
OM870970.1	153	84485	85144	-1	45.5	1	vog	VOG00100	2.6e-35	119.8
OM870970.1	154	85146	85493	-1	50.0	1	vpfs	YP_008857032@NC_022966	5.2e-71	233.8
OM870970.1	155	85474	85752	-1	48.7	1	vog	VOG14985	5.7e-60	197.5
OM870970.1	156	85749	86027	-1	48.7	1	vog	VOG14986	3.9e-65	213.5
OM870970.1	157	86062	86247	-1	53.8	1	vog	VOG15746	1.7e-48	160.2
OM870970.1	158	86248	86541	-1	54.4	1	vog	VOG01488	3.6e-31	106.0
OM870970.1	159	86538	86723	-1	46.8	1	vog	VOG14987	2.8e-47	156.0
OM870970.1	160	86783	87331	-1	48.3	0	NA	NA	NA	NA
OM870970.1	161	87379	87735	-1	50.4	1	vog	VOG14988	5.8e-51	169.2
OM870970.1	162	87732	88199	-1	47.2	1	vog	VOG14989	9.9e-59	195.9
OM870970.1	163	88672	88860	1	49.2	1	vog	VOG01344	3.2e-26	89.0
OM870970.1	164	89003	89326	1	44.4	1	vog	VOG04689	1.2e-48	161.5
OM870970.1	165	89842	90267	1	43.0	1	vog	VOG00537	2.6e-50	168.2
OM870970.1	166	91913	92311	-1	51.6	0	NA	NA	NA	NA
OQ411628.1	1	2	169	-1	45.2	1	vog	VOG14982	1.1e-39	132.4
OQ411628.1	2	180	392	-1	49.8	1	vog	VOG00159	5.9e-17	59.4
OQ411628.1	3	389	649	-1	47.1	1	vog	VOG14983	2.5e-32	108.5
OQ411628.1	4	662	1321	-1	45.5	1	vog	VOG00100	2.6e-35	119.8
OQ411628.1	5	1323	1670	-1	49.4	1	vpfs	YP_008857032@NC_022966	6.3e-71	233.5
OQ411628.1	6	1651	1929	-1	50.5	1	vog	VOG14985	2.6e-57	189.0
OQ411628.1	7	1926	2204	-1	48.7	1	vog	VOG14986	8.4e-66	215.6
OQ411628.1	8	2239	2424	-1	54.3	1	vog	VOG15746	3.2e-49	162.5
OQ411628.1	9	2425	2718	-1	54.4	1	vog	VOG01488	3.6e-31	106.0
OQ411628.1	10	2715	2900	-1	46.8	1	vog	VOG14987	2.8e-47	156.0
OQ411628.1	11	2961	3509	-1	48.3	0	NA	NA	NA	NA
OQ411628.1	12	3557	3913	-1	50.4	1	vog	VOG14988	5.8e-51	169.2
OQ411628.1	13	3910	4377	-1	47.0	1	vog	VOG14989	9.9e-59	195.9
OQ411628.1	14	4852	5040	1	47.1	1	vog	VOG01344	3.2e-26	89.0
OQ411628.1	15	5183	5506	1	44.1	1	vog	VOG04689	1.4e-48	161.3
OQ411628.1	16	7758	8285	1	43.6	1	vog	VOG01088	6.8e-19	66.0
OQ411628.1	17	8274	8672	-1	52.1	0	NA	NA	NA	NA
OQ411628.1	18	8877	10397	1	47.5	1	vog	VOG00629	2.2e-53	179.4
OQ411628.1	19	10410	11849	1	47.3	1	vpfs	YP_001552335@NC_009993	3.3e-91	304.0
OQ411628.1	20	11859	12329	1	49.5	1	pfam_a	Peptidase_S78_2	1.2e-22	78.0
OQ411628.1	21	12326	13243	1	48.4	1	vog	VOG02017	1.7e-81	272.5
OQ411628.1	22	13271	13681	1	50.1	1	vog	VOG03969	9.8e-64	210.8
OQ411628.1	23	13725	14759	1	53.2	1	vpfs	YP_002003562@NC_011041	8.5e-128	423.8
OQ411628.1	24	14810	15286	1	48.0	1	vpfs	3300001798@JGI24126J20157_1000008@JGI24126J20157_100000859	8.5e-70	231.4
OQ411628.1	25	15258	15737	1	47.1	1	vpfs	3300001403@JGI20205J14842_1000001@JGI20205J14842_10000018	4.3e-32	108.5
OQ411628.1	26	15737	16117	1	46.2	1	vpfs	YP_004327202@NC_015294	7.1e-76	249.9
OQ411628.1	27	16114	16677	1	44.5	1	vpfs	YP_004327203@NC_015294	4.1e-103	341.1
OQ411628.1	28	16690	17976	1	51.2	1	vog	VOG00919	1.9e-128	426.6
OQ411628.1	29	18007	18531	1	50.1	1	vog	VOG01961	2.7e-47	158.1
OQ411628.1	30	18606	19106	1	49.9	1	vog	VOG01961	7.5e-47	156.6
OQ411628.1	31	19106	19585	1	48.1	1	vog	VOG01961	5.4e-40	134.4
OQ411628.1	32	19599	19970	1	47.6	1	vog	VOG00132	2.1e-28	97.1
OQ411628.1	33	20078	20230	1	44.4	1	vog	VOG03319	6.3e-23	78.1
OQ411628.1	34	20227	22593	1	51.0	1	vog	VOG00497	1.3e-26	90.7
OQ411628.1	35	22590	23351	1	47.2	1	vog	VOG00558	4e-39	132.6
OQ411628.1	36	23357	23713	1	45.1	1	vog	VOG00124	1.2e-25	87.8
OQ411628.1	37	23710	24627	1	45.6	1	vog	VOG00640	2.6e-80	267.9
OQ411628.1	38	24624	25364	1	48.7	1	vog	VOG00639	2.1e-56	189.0
OQ411628.1	39	25375	25746	1	46.0	1	vpfs	YP_004327326@NC_015295	1.4e-28	97.7
OQ411628.1	40	25748	27211	1	49.1	1	vog	VOG00647	3.7e-85	284.2
OQ411628.1	41	27230	27961	1	49.7	1	vpfs	YP_001595464@NC_010106	1e-11	42.5
OQ411628.1	42	27972	30029	1	51.6	1	vpfs	3300001683@GBIDBA_10000548@GBIDBA_1000054816	1.6e-189	628.9
OQ411628.1	43	30073	30447	1	45.9	1	vog	VOG01002	1.4e-41	139.6
OQ411628.1	44	30461	31960	1	51.5	1	vog	VOG11005	4.9e-189	627.3
OQ411628.1	45	31977	32537	1	47.2	1	vog	VOG00913	3.7e-88	292.8
OQ411628.1	46	32555	32794	1	47.5	1	vog	VOG14990	4.8e-39	130.1
OQ411628.1	47	32781	33218	1	51.1	1	vog	VOG01798	4.3e-56	186.5
OQ411628.1	48	33356	33661	1	41.2	1	vpfs	YP_008856909@NC_022966	2.3e-54	179.2
OQ411628.1	49	33697	34011	1	46.7	1	vog	VOG02255	3.3e-39	130.9
OQ411628.1	50	34049	34360	-1	44.9	1	vpfs	YP_008857074@NC_022967	7.9e-51	168.2
OQ411628.1	51	34372	34692	-1	45.5	1	vog	VOG14992	5e-74	243.4
OQ411628.1	52	34694	35506	-1	51.5	1	vog	VOG01403	1.3e-155	514.4
OQ411628.1	53	35499	35663	-1	47.9	1	vog	VOG15732	4.3e-27	91.4
OQ411628.1	54	35666	36808	-1	49.6	1	vog	VOG00320	9.7e-92	305.6
OQ411628.1	55	36840	37073	-1	47.4	1	vog	VOG01207	5.5e-35	117.6
OQ411628.1	56	37111	37344	-1	48.3	1	vog	VOG01207	6e-38	127.1
OQ411628.1	57	37801	37998	1	52.5	1	vpfs	3300001866@JGI24729J20445_1000091@JGI24729J20445_100009143	1.4e-10	38.7
OQ411628.1	58	38519	38773	1	52.2	1	vpfs	YP_004327234@NC_015294	2.1e-38	128.0
OQ411628.1	59	38796	39164	1	46.3	1	vpfs	YP_001671792@NC_010324	1.2e-34	116.4
OQ411628.1	60	39161	39802	1	50.5	1	vog	VOG14993	4.8e-65	217.2
OQ411628.1	61	39789	39953	1	44.2	1	vog	VOG14994	2.6e-38	127.7
OQ411628.1	62	39956	40258	1	47.2	1	vpfs	YP_007007869@NC_019529	1.6e-49	163.8
OQ411628.1	63	40259	40681	1	48.9	1	vog	VOG02508	1.4e-68	227.0
OQ411628.1	64	40690	40818	1	41.9	1	vog	VOG03630	4.3e-27	91.4
OQ411628.1	65	40805	40996	1	51.0	1	vog	VOG15734	3.5e-48	159.1
OQ411628.1	66	41006	41251	1	52.4	1	vog	VOG14995	1.4e-61	202.3
OQ411628.1	67	41248	41433	1	51.1	1	vog	VOG14996	2.3e-49	162.8
OQ411628.1	68	41487	43349	1	51.3	1	vog	VOG00974	2.6e-96	321.9
OQ411628.1	69	43410	45419	1	50.0	0	NA	NA	NA	NA
OQ411628.1	70	45704	46393	1	51.3	1	vpfs	YP_002003722@NC_011041	8.4e-07	26.8
OQ411628.1	71	46483	46881	1	51.6	1	vog	VOG00255	3.9e-35	118.6
OQ411628.1	72	46911	47078	1	46.4	1	vog	VOG14997	3.1e-44	146.9
OQ411628.1	73	47080	47796	1	50.5	1	vog	VOG03330	4.9e-140	462.5
OQ411628.1	74	47898	48902	1	51.7	1	vpfs	YP_004327248@NC_015294	2e-153	508.7
OQ411628.1	75	48965	49198	1	42.3	1	vog	VOG00697	4.8e-22	75.4
OQ411628.1	76	49208	49429	1	44.6	1	vog	VOG14998	4.1e-50	165.2
OQ411628.1	77	49471	50523	1	50.9	1	vog	VOG02664	1.1e-58	197.4
OQ411628.1	78	50520	51083	1	50.5	1	vpfs	YP_007004704@NC_019504	5e-48	161.3
OQ411628.1	79	51080	51466	1	48.3	1	vpfs	YP_008857104@NC_022967	9.1e-81	266.2
OQ411628.1	80	51463	51693	1	47.2	1	vog	VOG15735	1.5e-48	160.6
OQ411628.1	81	51690	52127	1	46.3	1	vog	VOG01700	1.4e-35	119.6
OQ411628.1	82	52124	52294	1	46.2	1	vog	VOG10909	1.7e-24	83.0
OQ411628.1	83	52291	53070	1	51.0	1	vog	VOG01457	2.9e-54	182.5
OQ411628.1	84	53067	53249	1	45.4	1	vog	VOG14999	7.6e-47	155.1
OQ411628.1	85	53261	53470	1	45.7	1	vog	VOG15737	3.5e-46	152.9
OQ411628.1	86	53489	53824	1	52.4	1	vog	VOG15000	6.8e-77	252.5
OQ411628.1	87	53828	54040	1	47.4	1	vog	VOG15001	6.4e-51	168.1
OQ411628.1	88	54033	54989	1	48.4	1	vog	VOG03397	7.3e-36	121.5
OQ411628.1	89	55046	55138	1	44.1	1	vog	VOG15738	7.1e-23	77.6
OQ411628.1	90	55193	55906	1	48.9	1	pfam_b	Pfam-B_7294	1.2e-17	61.8
OQ411628.1	91	56160	56504	1	49.0	1	vog	VOG03581	2.2e-46	154.3
OQ411628.1	92	56521	57567	1	47.8	0	NA	NA	NA	NA
OQ411628.1	93	57560	59305	1	51.3	0	NA	NA	NA	NA
OQ411628.1	94	59380	59526	1	50.3	1	vog	VOG15739	1.6e-30	102.5
OQ411628.1	95	59523	59759	1	51.1	1	vog	VOG01488	4.9e-24	82.8
OQ411628.1	96	59759	59980	1	45.0	1	vog	VOG15003	8.4e-44	145.1
OQ411628.1	97	59993	60229	1	46.4	1	vog	VOG15004	9.4e-54	177.0
OQ411628.1	98	60229	60498	1	51.5	1	vpfs	YP_008857009@NC_022966	3.1e-52	172.7
OQ411628.1	99	60500	60814	1	50.8	1	vog	VOG15005	5.5e-52	172.0
OQ411628.1	100	60804	61004	1	47.8	1	vog	VOG15006	1.8e-23	79.9
OQ411628.1	101	61049	61294	1	41.1	1	vpfs	YP_008859297@NC_022986	1.9e-45	150.5
OQ411628.1	102	61307	61810	1	48.0	1	vog	VOG15008	3e-95	314.4
OQ411628.1	103	61820	62014	1	49.2	1	vog	VOG15009	1.1e-48	161.0
OQ411628.1	104	62016	62246	1	50.2	1	vog	VOG15010	1.1e-36	122.3
OQ411628.1	105	62319	62519	1	51.2	1	vog	VOG15011	1.2e-50	167.1
OQ411628.1	106	62677	63663	1	49.2	1	vpfs	3300001685@JGI24024J18818_10000001@JGI24024J18818_1000000127	7.9e-17	59.4
OQ411628.1	107	63886	64059	1	44.3	1	vog	VOG15012	2.6e-38	127.5
OQ411628.1	108	64689	65165	1	50.5	1	vog	VOG02731	1.2e-45	154.3
OQ411628.1	109	65240	65506	1	50.6	1	vog	VOG15013	6.1e-58	190.5
OQ411628.1	110	65519	65659	1	48.9	1	vog	VOG01090	8.5e-19	65.3
OQ411628.1	111	65662	65949	1	51.7	1	vog	VOG15014	3.7e-59	194.7
OQ411628.1	112	65961	66194	1	52.6	1	vog	VOG03887	5.8e-50	165.1
OQ411628.1	113	66265	66393	1	51.2	1	vog	VOG00398	5.4e-16	56.4
OQ411628.1	114	66393	66701	1	51.1	1	vog	VOG00590	1.2e-20	71.4
OQ411628.1	115	66775	66921	1	52.4	1	vog	VOG02932	2.5e-26	89.2
OQ411628.1	116	67158	67541	1	52.6	1	vog	VOG15015	2.5e-71	235.3
OQ411628.1	117	67617	68288	1	52.5	1	vog	VOG03542	1.4e-57	192.8
OQ411628.1	118	68293	68631	1	51.3	1	vog	VOG15016	1.7e-60	199.9
OQ411628.1	119	68631	68999	1	50.4	1	vpfs	YP_008869190@NC_015294	5.2e-82	269.5
OQ411628.1	120	69265	69459	1	50.3	1	vog	VOG15018	4e-44	146.8
OQ411628.1	121	69477	69773	1	45.8	1	vpfs	YP_004327290@NC_015294	1.9e-46	154.5
OQ411628.1	122	69770	69994	1	54.7	1	vog	VOG15020	2.7e-49	163.2
OQ411628.1	123	70027	70293	1	53.9	1	vog	VOG15021	4.3e-37	124.2
OQ411628.1	124	70290	70682	1	51.4	1	vog	VOG15022	8.5e-87	285.4
OQ411628.1	125	70797	71381	1	48.0	1	vpfs	YP_002922802@NC_012749	1.3e-86	286.6
OQ411628.1	126	71453	71698	1	49.6	1	vpfs	CCM43691@HE983845	1.7e-56	185.8
OQ411628.1	127	71710	72039	1	48.5	1	vpfs	YP_008859323@NC_022986	9.5e-61	200.7
OQ411628.1	128	72076	72573	1	52.6	1	vog	VOG00539	3.8e-27	93.1
OQ411628.1	129	72657	73172	1	52.3	1	vog	VOG01061	4.5e-56	187.5
OQ411628.1	130	73248	73775	1	56.2	1	vog	VOG15024	7.1e-57	188.4
OQ411628.1	131	73775	73960	1	51.6	1	vog	VOG15025	4.7e-26	88.5
OQ411628.1	132	74066	74260	1	53.8	0	NA	NA	NA	NA
OQ411628.1	133	74751	75212	1	51.5	1	vpfs	YP_008859329@NC_022986	1.1e-72	240.7
OQ411628.1	134	75229	75516	1	55.9	1	vog	VOG15028	1.3e-54	180.1
OQ411628.1	135	75590	75820	1	53.7	0	NA	NA	NA	NA
OQ411628.1	136	75843	76088	1	51.6	1	vpfs	YP_008857161@NC_022967	2.5e-40	134.3
OQ411628.1	137	76138	76308	1	57.9	1	vog	VOG17329	4e-42	139.9
OQ411628.1	138	76305	76439	1	47.4	1	vog	VOG00683	7.9e-13	46.1
OQ411628.1	139	77422	78015	1	48.8	1	vog	VOG00062	4.9e-26	89.5
OQ411628.1	140	78528	78773	-1	48.4	1	vog	VOG04481	7e-37	122.9
OQ411628.1	141	78773	79177	-1	51.1	1	vog	VOG14971	3.6e-83	273.8
OQ411628.1	142	79167	79583	-1	46.3	1	vog	VOG14972	2.2e-95	313.6
OQ411628.1	143	79606	80292	-1	50.5	1	vog	VOG14973	4.1e-145	478.9
OQ411628.1	144	80564	80875	-1	46.5	1	vog	VOG14975	4.4e-66	217.7
OQ411628.1	145	80875	81237	-1	50.1	1	vog	VOG01151	1.1e-34	116.9
OQ411628.1	146	81294	81509	-1	48.1	1	vog	VOG14976	1.1e-50	168.1
OQ411628.1	147	81506	81847	-1	50.9	1	vog	VOG14977	1.5e-79	261.2
OQ411628.1	148	81849	82352	-1	49.6	1	vpfs	YP_008869206@NC_015294	3.5e-75	248.6
OQ411628.1	149	82339	82716	-1	49.5	1	vpfs	YP_004327156@NC_015294	2e-88	290.5
OQ411628.1	150	82736	83317	-1	51.7	1	vpfs	YP_004009690@NC_014661	2e-48	162.8
OQ411628.1	151	83314	83625	-1	44.9	1	vog	VOG15743	1.1e-53	177.6
OQ411628.1	152	83627	83776	-1	48.7	1	vpfs	YP_004327159@NC_015294	6.3e-30	100.6
OQ411628.1	153	83788	84267	-1	52.7	1	vog	VOG00289	5.1e-51	171.3
OQ411628.1	154	84264	84461	-1	39.4	1	vog	VOG14980	2e-44	147.2
OQ411628.1	155	84472	86160	-1	51.0	1	vog	VOG00752	4.9e-194	643.1
OQ411628.1	156	86217	86435	-1	44.7	1	vog	VOG03501	2e-49	163.1
OQ411628.1	157	86432	87307	-1	49.2	1	vog	VOG09591	1.7e-91	303.9
OQ411628.1	158	87318	87737	-1	52.1	0	NA	NA	NA	NA
OQ411628.1	159	87748	88665	-1	49.2	1	vog	VOG01388	1.9e-69	232.4
OQ411628.1	160	88677	89084	-1	47.5	1	vog	VOG03582	2.6e-35	119.5
OQ411628.1	161	89081	89356	-1	45.7	0	NA	NA	NA	NA
OQ411628.1	162	89358	89594	-1	46.4	1	vog	VOG15745	1.3e-39	131.8
OQ411628.1	163	89607	90161	-1	47.9	1	vog	VOG02513	3.3e-54	181.4
OQ411628.1	164	90161	90592	-1	48.6	1	vog	VOG14981	1.4e-95	314.5
OQ411628.1	165	90582	91142	-1	49.0	0	NA	NA	NA	NA
OQ411628.1	166	91144	91704	-1	50.4	1	vog	VOG09569	3.4e-47	157.9
OQ411628.1	167	91769	92230	-1	48.1	1	vog	VOG00332	2.1e-36	122.4
OQ411628.1	168	92243	93451	-1	49.5	1	rvdb	FAM001274	5.9e-39	131.5
OQ411628.1	169	93448	93864	-1	50.6	0	NA	NA	NA	NA
OQ134474.1	1	3	9608	1	56.3	1	vog	VOG10988	0.0	2716.4
OQ134474.1	2	9624	9827	-1	50.0	1	vog	VOG03597	3.2e-38	127.2
OQ134474.1	3	9837	10154	-1	57.5	1	vog	VOG14748	3.4e-53	176.2
OQ134474.1	4	10151	10387	-1	55.3	1	vpfs	3300001266@B570J13884_100001@B570J13884_10000127	1.1e-20	71.3
OQ134474.1	5	10687	10842	1	47.4	0	NA	NA	NA	NA
OQ134474.1	6	10793	11197	-1	57.0	1	vog	VOG03147	9e-78	256.4
OQ134474.1	7	11255	11692	-1	62.8	1	vpfs	YP_003358463@NC_013692	5.7e-52	173.1
OQ134474.1	8	11704	12264	-1	54.2	1	vog	VOG00056	1.7e-41	139.8
OQ134474.1	9	12252	12695	-1	56.3	1	vog	VOG10979	1.3e-37	126.3
OQ134474.1	10	12692	13057	-1	55.2	1	vog	VOG03298	6.3e-38	127.0
OQ134474.1	11	13061	13807	-1	58.9	1	vog	VOG04878	8.1e-87	288.3
OQ134474.1	12	13834	14568	-1	55.0	1	vog	VOG10985	1e-107	356.9
OQ134474.1	13	14617	16785	-1	55.8	0	NA	NA	NA	NA
OQ134474.1	14	16800	17810	-1	54.6	1	vpfs	3300001866@JGI24729J20445_1000001@JGI24729J20445_100000144	5.2e-117	388.0
OQ134474.1	15	17812	18192	-1	56.7	1	vog	VOG00835	5e-33	112.8
OQ134474.1	16	18189	18617	-1	57.6	1	vog	VOG14745	5.1e-91	299.4
OQ134474.1	17	18820	18990	1	53.8	0	NA	NA	NA	NA
OQ134474.1	18	19011	20300	1	52.4	1	vog	VOG00130	3.4e-43	144.5
OQ134474.1	19	20297	20596	1	50.7	0	NA	NA	NA	NA
OQ134474.1	20	20593	21264	1	50.4	1	vog	VOG14743	7.4e-112	369.9
OQ134474.1	21	21303	24560	1	55.0	1	vog	VOG01719	0.0	1656.9
OQ134474.1	22	24488	24781	-1	49.7	0	NA	NA	NA	NA
OQ134474.1	23	24915	25109	1	55.4	1	vog	VOG11324	9.2e-27	91.0
OQ134474.1	24	25106	25630	1	58.3	1	vog	VOG00778	4.2e-54	180.3
OQ134474.1	25	25627	26139	1	56.1	1	vpfs	YP_005098004@NC_016761	7e-48	160.5
OQ134474.1	26	26202	26759	-1	52.5	0	NA	NA	NA	NA
OQ134474.1	27	26752	26943	-1	50.0	0	NA	NA	NA	NA
OQ134474.1	28	26993	27310	-1	51.6	1	vpfs	YP_003358331@NC_013691	8.9e-67	219.7
OQ134474.1	29	27394	27618	-1	50.7	1	vog	VOG03269	1.1e-34	116.1
OQ134474.1	30	27666	29435	-1	60.2	1	vog	VOG00667	3.2e-105	351.1
OQ134474.1	31	29447	31975	-1	55.4	1	vog	VOG00540	9.1e-206	683.9
OQ134474.1	32	31979	32170	-1	56.8	1	vog	VOG09529	2.2e-08	32.2
OQ134474.1	33	32167	32565	-1	55.4	1	vog	VOG14740	7.2e-70	231.2
OQ134474.1	34	32740	33309	-1	55.6	0	NA	NA	NA	NA
OQ134474.1	35	33391	36006	-1	54.5	1	rvdb	FAM015155	4.9e-38	127.9
OQ134474.1	36	36006	36533	-1	54.9	1	vpfs	YP_003358434@NC_013692	1.7e-90	298.9
OQ134474.1	37	36533	37699	-1	56.6	0	NA	NA	NA	NA
OQ134474.1	38	37789	39015	-1	56.4	1	vog	VOG03121	1.7e-119	397.1
OQ134474.1	39	39015	39527	-1	46.6	0	NA	NA	NA	NA
OQ134474.1	40	39539	40609	-1	57.8	1	vog	VOG01030	6.1e-95	316.9
OQ134474.1	41	40641	40883	-1	60.1	1	vog	VOG03774	1.7e-38	129.9
OQ134474.1	42	40880	41713	-1	57.7	0	NA	NA	NA	NA
OQ134474.1	43	41772	41957	-1	49.5	1	vog	VOG14737	2.5e-42	140.2
OQ134474.1	44	41966	42196	-1	44.2	1	vog	VOG02701	2.1e-09	35.0
OQ134474.1	45	42434	42730	1	55.6	0	NA	NA	NA	NA
OQ134474.1	46	42652	43161	-1	54.3	0	NA	NA	NA	NA
OQ134474.1	47	43158	43739	-1	53.4	0	NA	NA	NA	NA
OQ134474.1	48	43739	44293	-1	54.4	0	NA	NA	NA	NA
OQ134474.1	49	44290	44916	-1	53.0	1	vog	VOG14732	2.4e-138	456.0
OQ134474.1	50	44920	45144	-1	58.7	1	vpfs	YP_003358311@NC_013691	5.8e-43	142.7
OQ134474.1	51	45217	45369	-1	49.7	1	vog	VOG14731	1e-31	106.3
OQ134474.1	52	45467	46708	-1	55.7	1	vog	VOG01742	3e-87	291.2
OQ134474.1	53	46740	47015	-1	42.4	1	vog	VOG01891	2.4e-20	70.5
OQ134474.1	54	47020	47310	-1	44.0	0	NA	NA	NA	NA
OQ134474.1	55	47315	47575	-1	49.8	0	NA	NA	NA	NA
OQ134474.1	56	47588	48520	-1	50.2	1	vog	VOG01742	2.4e-11	40.2
OQ134474.1	57	48532	48882	-1	48.7	0	NA	NA	NA	NA
OQ134474.1	58	48915	49355	-1	56.9	1	vpfs	YP_003358301@NC_013691	1.5e-89	294.9
OQ134474.1	59	49355	49606	-1	54.4	1	vog	VOG14728	3.8e-53	175.0
OQ134474.1	60	49606	50007	-1	57.5	1	vog	VOG11058	2.6e-54	180.1
OQ134474.1	61	50007	50372	-1	54.6	1	vog	VOG14727	4e-22	76.0
OQ134474.1	62	50557	50847	-1	61.9	1	vog	VOG14726	3.9e-50	165.9
OQ134474.1	63	50939	51124	-1	57.0	0	NA	NA	NA	NA
OQ134474.1	64	51197	51418	-1	53.6	0	NA	NA	NA	NA
OQ134474.1	65	51415	51648	-1	56.8	0	NA	NA	NA	NA
OQ134474.1	66	51645	51866	-1	59.0	0	NA	NA	NA	NA
OQ134474.1	67	51895	52098	-1	56.4	0	NA	NA	NA	NA
OQ134474.1	68	52102	52398	-1	54.2	1	vog	VOG14720	2.6e-52	172.4
OQ134474.1	69	52382	52690	-1	50.8	1	vog	VOG01151	1e-29	100.8
OQ134474.1	70	52687	52938	-1	47.6	1	vog	VOG04481	2.3e-25	86.0
OQ134474.1	71	52935	53168	-1	49.1	1	vpfs	CCM43698@HE983845	7.7e-09	33.1
OQ134474.1	72	53165	53395	-1	50.2	1	vpfs	CCM43698@HE983845	1e-33	112.8
OQ134474.1	73	53410	53601	-1	49.0	1	vog	VOG14719	7e-40	132.8
OQ134474.1	74	54016	54270	-1	52.5	1	vog	VOG14718	2.9e-44	148.4
OQ134474.1	75	54691	55341	-1	48.4	0	NA	NA	NA	NA
OQ134474.1	76	55543	55851	-1	57.9	0	NA	NA	NA	NA
OQ134474.1	77	55827	56102	-1	53.6	0	NA	NA	NA	NA
OQ134474.1	78	56099	56311	-1	50.2	0	NA	NA	NA	NA
OQ134474.1	79	56311	56742	-1	53.7	0	NA	NA	NA	NA
OQ134474.1	80	56809	57537	1	53.4	1	vpfs	3300001683@GBIDBA_10000616@GBIDBA_1000061667	6.9e-86	285.3
OQ134474.1	81	57534	59186	1	53.2	1	vpfs	3300001450@JGI24006J15134_10000151@JGI24006J15134_100001519	1.9e-29	100.2
OQ134474.1	82	59183	59917	1	50.9	1	vog	VOG01625	2.5e-67	224.9
OQ134474.1	83	59950	60249	-1	56.0	0	NA	NA	NA	NA
OQ134474.1	84	60253	60672	-1	55.0	0	NA	NA	NA	NA
OQ134474.1	85	60707	62887	1	54.2	1	vog	VOG02758	7.7e-259	858.3
OQ134474.1	86	62957	63295	1	56.0	1	vog	VOG00880	3.6e-34	114.8
OQ134474.1	87	63295	64476	1	52.3	1	vpfs	3300000233@TB_FS06_10DRAFT_1000023@TB_FS06_10DRAFT_100002310	1.6e-102	341.0
OQ134474.1	88	64511	65710	1	59.8	1	vog	VOG01042	1.6e-152	505.4
OQ134474.1	89	65767	66432	1	59.0	1	vog	VOG03036	2.2e-68	227.6
OQ134474.1	90	66436	67401	1	55.5	1	vpfs	YP_007003177@NC_019485	7.4e-89	296.1
OQ134474.1	91	67459	69681	1	53.1	1	vpfs	YP_007003176@NC_019485	4.4e-48	161.9
OQ134474.1	92	69662	70129	1	57.3	1	vpfs	YP_003358470@NC_013692	5.3e-60	199.8
OQ134474.1	93	70129	71694	1	55.4	1	vog	VOG10989	2.6e-185	615.2
OQ134474.1	94	71695	72282	1	57.0	1	vog	VOG10988	2.3e-16	55.5
