SKTGIJFO_CDS_3253	SKTGIJFO_CDS_3253
SKTGIJFO_CDS_5018	SKTGIJFO_CDS_5018
SKTGIJFO_CDS_4599	SKTGIJFO_CDS_4599,SKTGIJFO_CDS_3762,SKTGIJFO_CDS_4181
SKTGIJFO_CDS_3764	SKTGIJFO_CDS_3764,SKTGIJFO_CDS_4183,SKTGIJFO_CDS_4601
SKTGIJFO_CDS_0427	SKTGIJFO_CDS_0427
SKTGIJFO_CDS_1128	SKTGIJFO_CDS_1128
SKTGIJFO_CDS_2481	SKTGIJFO_CDS_2481
SKTGIJFO_CDS_5065	SKTGIJFO_CDS_5065
SKTGIJFO_CDS_2312	SKTGIJFO_CDS_2312,SKTGIJFO_CDS_1061
SKTGIJFO_CDS_3804	SKTGIJFO_CDS_3804,SKTGIJFO_CDS_4641,SKTGIJFO_CDS_4223
SKTGIJFO_CDS_3274	SKTGIJFO_CDS_3274
SKTGIJFO_CDS_2375	SKTGIJFO_CDS_2375,SKTGIJFO_CDS_2277,SKTGIJFO_CDS_1026
SKTGIJFO_CDS_5020	SKTGIJFO_CDS_5020
SKTGIJFO_CDS_0954	SKTGIJFO_CDS_0954
SKTGIJFO_CDS_1060	SKTGIJFO_CDS_1060,SKTGIJFO_CDS_2311
SKTGIJFO_CDS_2408	SKTGIJFO_CDS_2408
SKTGIJFO_CDS_5002	SKTGIJFO_CDS_5002
SKTGIJFO_CDS_2299	SKTGIJFO_CDS_2299,SKTGIJFO_CDS_1048
SKTGIJFO_CDS_3879	SKTGIJFO_CDS_3879,SKTGIJFO_CDS_4298,SKTGIJFO_CDS_4717
SKTGIJFO_CDS_5150	SKTGIJFO_CDS_5150
SKTGIJFO_CDS_2396	SKTGIJFO_CDS_2396
SKTGIJFO_CDS_0559	SKTGIJFO_CDS_0559,SKTGIJFO_CDS_2149,SKTGIJFO_CDS_3115,SKTGIJFO_CDS_1952,SKTGIJFO_CDS_2736,SKTGIJFO_CDS_2550,SKTGIJFO_CDS_0117,SKTGIJFO_CDS_2738,SKTGIJFO_CDS_2552,SKTGIJFO_CDS_0119,SKTGIJFO_CDS_3439
SKTGIJFO_CDS_2921	SKTGIJFO_CDS_2921
SKTGIJFO_CDS_5085	SKTGIJFO_CDS_5085
SKTGIJFO_CDS_0426	SKTGIJFO_CDS_0426
SKTGIJFO_CDS_1127	SKTGIJFO_CDS_1127
SKTGIJFO_CDS_3559	SKTGIJFO_CDS_3559,SKTGIJFO_CDS_4395,SKTGIJFO_CDS_3976
SKTGIJFO_CDS_5245	SKTGIJFO_CDS_5245
SKTGIJFO_CDS_4243	SKTGIJFO_CDS_4243,SKTGIJFO_CDS_4661,SKTGIJFO_CDS_3824
SKTGIJFO_CDS_5143	SKTGIJFO_CDS_5143
SKTGIJFO_CDS_0313	SKTGIJFO_CDS_0313,SKTGIJFO_CDS_1594,SKTGIJFO_CDS_1422,SKTGIJFO_CDS_0746,SKTGIJFO_CDS_1252
SKTGIJFO_CDS_3289	SKTGIJFO_CDS_3289
SKTGIJFO_CDS_2390	SKTGIJFO_CDS_2390
SKTGIJFO_CDS_1042	SKTGIJFO_CDS_1042,SKTGIJFO_CDS_2293
SKTGIJFO_CDS_5138	SKTGIJFO_CDS_5138
SKTGIJFO_CDS_1027	SKTGIJFO_CDS_1027,SKTGIJFO_CDS_2278
SKTGIJFO_CDS_3284	SKTGIJFO_CDS_3284
SKTGIJFO_CDS_5043	SKTGIJFO_CDS_5043
SKTGIJFO_CDS_0424	SKTGIJFO_CDS_0424
SKTGIJFO_CDS_1125	SKTGIJFO_CDS_1125
SKTGIJFO_CDS_0880	SKTGIJFO_CDS_0880,SKTGIJFO_CDS_1822
SKTGIJFO_CDS_1733	SKTGIJFO_CDS_1733
SKTGIJFO_CDS_5066	SKTGIJFO_CDS_5066
SKTGIJFO_CDS_0415	SKTGIJFO_CDS_0415
SKTGIJFO_CDS_3780	SKTGIJFO_CDS_3780,SKTGIJFO_CDS_4617,SKTGIJFO_CDS_4199
SKTGIJFO_CDS_3869	SKTGIJFO_CDS_3869,SKTGIJFO_CDS_4707,SKTGIJFO_CDS_4288
SKTGIJFO_CDS_1116	SKTGIJFO_CDS_1116
SKTGIJFO_CDS_0408	SKTGIJFO_CDS_0408,SKTGIJFO_CDS_1109
SKTGIJFO_CDS_0831	SKTGIJFO_CDS_0831,SKTGIJFO_CDS_1770,SKTGIJFO_CDS_1679
SKTGIJFO_CDS_3805	SKTGIJFO_CDS_3805,SKTGIJFO_CDS_4642,SKTGIJFO_CDS_4224
SKTGIJFO_CDS_0078	SKTGIJFO_CDS_0078,SKTGIJFO_CDS_1912,SKTGIJFO_CDS_0519,SKTGIJFO_CDS_2109,SKTGIJFO_CDS_2697,SKTGIJFO_CDS_2511,SKTGIJFO_CDS_3077,SKTGIJFO_CDS_2882,SKTGIJFO_CDS_3398
SKTGIJFO_CDS_3597	SKTGIJFO_CDS_3597,SKTGIJFO_CDS_4017,SKTGIJFO_CDS_4432
SKTGIJFO_CDS_0281	SKTGIJFO_CDS_0281,SKTGIJFO_CDS_1562,SKTGIJFO_CDS_1390,SKTGIJFO_CDS_1220,SKTGIJFO_CDS_0722
SKTGIJFO_CDS_3822	SKTGIJFO_CDS_3822,SKTGIJFO_CDS_4659,SKTGIJFO_CDS_4241
SKTGIJFO_CDS_1018	SKTGIJFO_CDS_1018,SKTGIJFO_CDS_2269
SKTGIJFO_CDS_2369	SKTGIJFO_CDS_2369
SKTGIJFO_CDS_5083	SKTGIJFO_CDS_5083
SKTGIJFO_CDS_4817	SKTGIJFO_CDS_4817
SKTGIJFO_CDS_3833	SKTGIJFO_CDS_3833,SKTGIJFO_CDS_4670,SKTGIJFO_CDS_4252
SKTGIJFO_CDS_5097	SKTGIJFO_CDS_5097
SKTGIJFO_CDS_3351	SKTGIJFO_CDS_3351
SKTGIJFO_CDS_2488	SKTGIJFO_CDS_2488
SKTGIJFO_CDS_3940	SKTGIJFO_CDS_3940,SKTGIJFO_CDS_4776,SKTGIJFO_CDS_4359
SKTGIJFO_CDS_4811	SKTGIJFO_CDS_4811
SKTGIJFO_CDS_3345	SKTGIJFO_CDS_3345
SKTGIJFO_CDS_0887	SKTGIJFO_CDS_0887,SKTGIJFO_CDS_1829
SKTGIJFO_CDS_1740	SKTGIJFO_CDS_1740
SKTGIJFO_CDS_3825	SKTGIJFO_CDS_3825,SKTGIJFO_CDS_4244,SKTGIJFO_CDS_4662
SKTGIJFO_CDS_3265	SKTGIJFO_CDS_3265
SKTGIJFO_CDS_5086	SKTGIJFO_CDS_5086
SKTGIJFO_CDS_3829	SKTGIJFO_CDS_3829,SKTGIJFO_CDS_4666,SKTGIJFO_CDS_4248
SKTGIJFO_CDS_3561	SKTGIJFO_CDS_3561,SKTGIJFO_CDS_4397,SKTGIJFO_CDS_3978
SKTGIJFO_CDS_5199	SKTGIJFO_CDS_5199
SKTGIJFO_CDS_0969	SKTGIJFO_CDS_0969
SKTGIJFO_CDS_3901	SKTGIJFO_CDS_3901,SKTGIJFO_CDS_4741,SKTGIJFO_CDS_4322,SKTGIJFO_CDS_4738,SKTGIJFO_CDS_4319
SKTGIJFO_CDS_5000	SKTGIJFO_CDS_5000
SKTGIJFO_CDS_3738	SKTGIJFO_CDS_3738,SKTGIJFO_CDS_4576,SKTGIJFO_CDS_4157
SKTGIJFO_CDS_5177	SKTGIJFO_CDS_5177
SKTGIJFO_CDS_5243	SKTGIJFO_CDS_5243
SKTGIJFO_CDS_0351	SKTGIJFO_CDS_0351,SKTGIJFO_CDS_0787,SKTGIJFO_CDS_1635,SKTGIJFO_CDS_1294,SKTGIJFO_CDS_1463,SKTGIJFO_CDS_1461,SKTGIJFO_CDS_1634,SKTGIJFO_CDS_1293,SKTGIJFO_CDS_0786,SKTGIJFO_CDS_1460,SKTGIJFO_CDS_1633,SKTGIJFO_CDS_1292,SKTGIJFO_CDS_0785,SKTGIJFO_CDS_1462
SKTGIJFO_CDS_3974	SKTGIJFO_CDS_3974,SKTGIJFO_CDS_4810,SKTGIJFO_CDS_4393
SKTGIJFO_CDS_2438	SKTGIJFO_CDS_2438
SKTGIJFO_CDS_5092	SKTGIJFO_CDS_5092
SKTGIJFO_CDS_0289	SKTGIJFO_CDS_0289,SKTGIJFO_CDS_1570,SKTGIJFO_CDS_1228,SKTGIJFO_CDS_0730,SKTGIJFO_CDS_1398
SKTGIJFO_CDS_3406	SKTGIJFO_CDS_3406
SKTGIJFO_CDS_4979	SKTGIJFO_CDS_4979
SKTGIJFO_CDS_3900	SKTGIJFO_CDS_3900,SKTGIJFO_CDS_4737,SKTGIJFO_CDS_4318
SKTGIJFO_CDS_0086	SKTGIJFO_CDS_0086,SKTGIJFO_CDS_0527,SKTGIJFO_CDS_2519,SKTGIJFO_CDS_2117,SKTGIJFO_CDS_1920,SKTGIJFO_CDS_2705,SKTGIJFO_CDS_3085,SKTGIJFO_CDS_2890
SKTGIJFO_CDS_3437	SKTGIJFO_CDS_3437
SKTGIJFO_CDS_3761	SKTGIJFO_CDS_3761,SKTGIJFO_CDS_4598
SKTGIJFO_CDS_4180	SKTGIJFO_CDS_4180
SKTGIJFO_CDS_5017	SKTGIJFO_CDS_5017
SKTGIJFO_CDS_5176	SKTGIJFO_CDS_5176
SKTGIJFO_CDS_3740	SKTGIJFO_CDS_3740,SKTGIJFO_CDS_4159,SKTGIJFO_CDS_4578
SKTGIJFO_CDS_0827	SKTGIJFO_CDS_0827,SKTGIJFO_CDS_1766,SKTGIJFO_CDS_1675
SKTGIJFO_CDS_3601	SKTGIJFO_CDS_3601,SKTGIJFO_CDS_4436,SKTGIJFO_CDS_4021
SKTGIJFO_CDS_3886	SKTGIJFO_CDS_3886,SKTGIJFO_CDS_4724,SKTGIJFO_CDS_4305
SKTGIJFO_CDS_0312	SKTGIJFO_CDS_0312,SKTGIJFO_CDS_1421,SKTGIJFO_CDS_1251,SKTGIJFO_CDS_0745,SKTGIJFO_CDS_1593
SKTGIJFO_CDS_3933	SKTGIJFO_CDS_3933,SKTGIJFO_CDS_4769,SKTGIJFO_CDS_4352
SKTGIJFO_CDS_5193	SKTGIJFO_CDS_5193
SKTGIJFO_CDS_0116	SKTGIJFO_CDS_0116,SKTGIJFO_CDS_2148,SKTGIJFO_CDS_0558,SKTGIJFO_CDS_1951,SKTGIJFO_CDS_2735,SKTGIJFO_CDS_2549,SKTGIJFO_CDS_3114,SKTGIJFO_CDS_2920,SKTGIJFO_CDS_3436
SKTGIJFO_CDS_0330	SKTGIJFO_CDS_0330,SKTGIJFO_CDS_1611,SKTGIJFO_CDS_1439,SKTGIJFO_CDS_1269,SKTGIJFO_CDS_0763
SKTGIJFO_CDS_4827	SKTGIJFO_CDS_4827
SKTGIJFO_CDS_4945	SKTGIJFO_CDS_4945
SKTGIJFO_CDS_0433	SKTGIJFO_CDS_0433,SKTGIJFO_CDS_1136,SKTGIJFO_CDS_1135
SKTGIJFO_CDS_3283	SKTGIJFO_CDS_3283
SKTGIJFO_CDS_5047	SKTGIJFO_CDS_5047
SKTGIJFO_CDS_0143	SKTGIJFO_CDS_0143,SKTGIJFO_CDS_2762,SKTGIJFO_CDS_2576,SKTGIJFO_CDS_2173,SKTGIJFO_CDS_1976,SKTGIJFO_CDS_0583,SKTGIJFO_CDS_2945
SKTGIJFO_CDS_3139	SKTGIJFO_CDS_3139
SKTGIJFO_CDS_3463	SKTGIJFO_CDS_3463
SKTGIJFO_CDS_1076	SKTGIJFO_CDS_1076,SKTGIJFO_CDS_2325
SKTGIJFO_CDS_2429	SKTGIJFO_CDS_2429
SKTGIJFO_CDS_5155	SKTGIJFO_CDS_5155
SKTGIJFO_CDS_0928	SKTGIJFO_CDS_0928
SKTGIJFO_CDS_0815	SKTGIJFO_CDS_0815,SKTGIJFO_CDS_1754,SKTGIJFO_CDS_1663
SKTGIJFO_CDS_2484	SKTGIJFO_CDS_2484
SKTGIJFO_CDS_5024	SKTGIJFO_CDS_5024
SKTGIJFO_CDS_0024	SKTGIJFO_CDS_0024,SKTGIJFO_CDS_2054,SKTGIJFO_CDS_3215,SKTGIJFO_CDS_3022,SKTGIJFO_CDS_2826,SKTGIJFO_CDS_2641
SKTGIJFO_CDS_0464	SKTGIJFO_CDS_0464,SKTGIJFO_CDS_1858,SKTGIJFO_CDS_3543
SKTGIJFO_CDS_3905	SKTGIJFO_CDS_3905,SKTGIJFO_CDS_4745,SKTGIJFO_CDS_4326
SKTGIJFO_CDS_5137	SKTGIJFO_CDS_5137
SKTGIJFO_CDS_0883	SKTGIJFO_CDS_0883,SKTGIJFO_CDS_1825
SKTGIJFO_CDS_5246	SKTGIJFO_CDS_5246
SKTGIJFO_CDS_1736	SKTGIJFO_CDS_1736
SKTGIJFO_CDS_3560	SKTGIJFO_CDS_3560,SKTGIJFO_CDS_4396,SKTGIJFO_CDS_3977
SKTGIJFO_CDS_2465	SKTGIJFO_CDS_2465
SKTGIJFO_CDS_3342	SKTGIJFO_CDS_3342
SKTGIJFO_CDS_3763	SKTGIJFO_CDS_3763,SKTGIJFO_CDS_4182,SKTGIJFO_CDS_4600
SKTGIJFO_CDS_5019	SKTGIJFO_CDS_5019
SKTGIJFO_CDS_3871	SKTGIJFO_CDS_3871,SKTGIJFO_CDS_4709,SKTGIJFO_CDS_4290
SKTGIJFO_CDS_0937	SKTGIJFO_CDS_0937
SKTGIJFO_CDS_5180	SKTGIJFO_CDS_5180
SKTGIJFO_CDS_3830	SKTGIJFO_CDS_3830,SKTGIJFO_CDS_4667,SKTGIJFO_CDS_4249
SKTGIJFO_CDS_3867	SKTGIJFO_CDS_3867,SKTGIJFO_CDS_4705,SKTGIJFO_CDS_4286
SKTGIJFO_CDS_5093	SKTGIJFO_CDS_5093
SKTGIJFO_CDS_0659	SKTGIJFO_CDS_0659
SKTGIJFO_CDS_3891	SKTGIJFO_CDS_3891,SKTGIJFO_CDS_4310,SKTGIJFO_CDS_4729
SKTGIJFO_CDS_5167	SKTGIJFO_CDS_5167
SKTGIJFO_CDS_2466	SKTGIJFO_CDS_2466
SKTGIJFO_CDS_5181	SKTGIJFO_CDS_5181
SKTGIJFO_CDS_0809	SKTGIJFO_CDS_0809,SKTGIJFO_CDS_1748,SKTGIJFO_CDS_1657
SKTGIJFO_CDS_5051	SKTGIJFO_CDS_5051
SKTGIJFO_CDS_3784	SKTGIJFO_CDS_3784,SKTGIJFO_CDS_4203,SKTGIJFO_CDS_4621
SKTGIJFO_CDS_3906	SKTGIJFO_CDS_3906,SKTGIJFO_CDS_4746,SKTGIJFO_CDS_4327
SKTGIJFO_CDS_0244	SKTGIJFO_CDS_0244,SKTGIJFO_CDS_1183,SKTGIJFO_CDS_0685,SKTGIJFO_CDS_1353
SKTGIJFO_CDS_1525	SKTGIJFO_CDS_1525
SKTGIJFO_CDS_1058	SKTGIJFO_CDS_1058,SKTGIJFO_CDS_2309
SKTGIJFO_CDS_2406	SKTGIJFO_CDS_2406
SKTGIJFO_CDS_3766	SKTGIJFO_CDS_3766,SKTGIJFO_CDS_4603,SKTGIJFO_CDS_4185
SKTGIJFO_CDS_5194	SKTGIJFO_CDS_5194
SKTGIJFO_CDS_3835	SKTGIJFO_CDS_3835,SKTGIJFO_CDS_4672,SKTGIJFO_CDS_4254
SKTGIJFO_CDS_0960	SKTGIJFO_CDS_0960
SKTGIJFO_CDS_3899	SKTGIJFO_CDS_3899,SKTGIJFO_CDS_4736,SKTGIJFO_CDS_4317
SKTGIJFO_CDS_5099	SKTGIJFO_CDS_5099
SKTGIJFO_CDS_5175	SKTGIJFO_CDS_5175
SKTGIJFO_CDS_0419	SKTGIJFO_CDS_0419,SKTGIJFO_CDS_1120
SKTGIJFO_CDS_0923	SKTGIJFO_CDS_0923
SKTGIJFO_CDS_0881	SKTGIJFO_CDS_0881
SKTGIJFO_CDS_1823	SKTGIJFO_CDS_1823
SKTGIJFO_CDS_3632	SKTGIJFO_CDS_3632,SKTGIJFO_CDS_4467,SKTGIJFO_CDS_4051
SKTGIJFO_CDS_4306	SKTGIJFO_CDS_4306
SKTGIJFO_CDS_0059	SKTGIJFO_CDS_0059,SKTGIJFO_CDS_1893,SKTGIJFO_CDS_3379,SKTGIJFO_CDS_2863,SKTGIJFO_CDS_2678,SKTGIJFO_CDS_2492,SKTGIJFO_CDS_0500,SKTGIJFO_CDS_3058,SKTGIJFO_CDS_2090
SKTGIJFO_CDS_3872	SKTGIJFO_CDS_3872,SKTGIJFO_CDS_4710,SKTGIJFO_CDS_4291
SKTGIJFO_CDS_0955	SKTGIJFO_CDS_0955
SKTGIJFO_CDS_1047	SKTGIJFO_CDS_1047
SKTGIJFO_CDS_2298	SKTGIJFO_CDS_2298
SKTGIJFO_CDS_2395	SKTGIJFO_CDS_2395
SKTGIJFO_CDS_3883	SKTGIJFO_CDS_3883,SKTGIJFO_CDS_4302,SKTGIJFO_CDS_4721
SKTGIJFO_CDS_4860	SKTGIJFO_CDS_4860
SKTGIJFO_CDS_1711	SKTGIJFO_CDS_1711,SKTGIJFO_CDS_0860,SKTGIJFO_CDS_1799
SKTGIJFO_CDS_3353	SKTGIJFO_CDS_3353
SKTGIJFO_CDS_0088	SKTGIJFO_CDS_0088,SKTGIJFO_CDS_2119,SKTGIJFO_CDS_1922,SKTGIJFO_CDS_0529,SKTGIJFO_CDS_3087,SKTGIJFO_CDS_2707,SKTGIJFO_CDS_2521,SKTGIJFO_CDS_2892,SKTGIJFO_CDS_3408
SKTGIJFO_CDS_0266	SKTGIJFO_CDS_0266,SKTGIJFO_CDS_0707,SKTGIJFO_CDS_1547,SKTGIJFO_CDS_1375,SKTGIJFO_CDS_1205
SKTGIJFO_CDS_0291	SKTGIJFO_CDS_0291,SKTGIJFO_CDS_1572,SKTGIJFO_CDS_1400,SKTGIJFO_CDS_1230,SKTGIJFO_CDS_0732
SKTGIJFO_CDS_0859	SKTGIJFO_CDS_0859,SKTGIJFO_CDS_1710,SKTGIJFO_CDS_1798,SKTGIJFO_CDS_1709,SKTGIJFO_CDS_1797
SKTGIJFO_CDS_0287	SKTGIJFO_CDS_0287,SKTGIJFO_CDS_1568,SKTGIJFO_CDS_1226,SKTGIJFO_CDS_0728,SKTGIJFO_CDS_1396
SKTGIJFO_CDS_3695	SKTGIJFO_CDS_3695,SKTGIJFO_CDS_4114,SKTGIJFO_CDS_4530
SKTGIJFO_CDS_5190	SKTGIJFO_CDS_5190
SKTGIJFO_CDS_0084	SKTGIJFO_CDS_0084,SKTGIJFO_CDS_2115,SKTGIJFO_CDS_1918,SKTGIJFO_CDS_0525,SKTGIJFO_CDS_3083,SKTGIJFO_CDS_2703,SKTGIJFO_CDS_2517,SKTGIJFO_CDS_2888
SKTGIJFO_CDS_3404	SKTGIJFO_CDS_3404
SKTGIJFO_CDS_0970	SKTGIJFO_CDS_0970
SKTGIJFO_CDS_3793	SKTGIJFO_CDS_3793,SKTGIJFO_CDS_4212,SKTGIJFO_CDS_4630
SKTGIJFO_CDS_5055	SKTGIJFO_CDS_5055
SKTGIJFO_CDS_5162	SKTGIJFO_CDS_5162
SKTGIJFO_CDS_0060	SKTGIJFO_CDS_0060,SKTGIJFO_CDS_3380,SKTGIJFO_CDS_2864,SKTGIJFO_CDS_2679,SKTGIJFO_CDS_2493,SKTGIJFO_CDS_1894,SKTGIJFO_CDS_0501,SKTGIJFO_CDS_3059,SKTGIJFO_CDS_2091
SKTGIJFO_CDS_3797	SKTGIJFO_CDS_3797,SKTGIJFO_CDS_4216,SKTGIJFO_CDS_4634
SKTGIJFO_CDS_5058	SKTGIJFO_CDS_5058
SKTGIJFO_CDS_4954	SKTGIJFO_CDS_4954
SKTGIJFO_CDS_1033	SKTGIJFO_CDS_1033,SKTGIJFO_CDS_2284
SKTGIJFO_CDS_2381	SKTGIJFO_CDS_2381
SKTGIJFO_CDS_5140	SKTGIJFO_CDS_5140
SKTGIJFO_CDS_3887	SKTGIJFO_CDS_3887,SKTGIJFO_CDS_4725
SKTGIJFO_CDS_0265	SKTGIJFO_CDS_0265,SKTGIJFO_CDS_1374,SKTGIJFO_CDS_0706,SKTGIJFO_CDS_1204,SKTGIJFO_CDS_1546
SKTGIJFO_CDS_3866	SKTGIJFO_CDS_3866,SKTGIJFO_CDS_4704,SKTGIJFO_CDS_4285
SKTGIJFO_CDS_5080	SKTGIJFO_CDS_5080
SKTGIJFO_CDS_5136	SKTGIJFO_CDS_5136
SKTGIJFO_CDS_3817	SKTGIJFO_CDS_3817,SKTGIJFO_CDS_4236,SKTGIJFO_CDS_4654
SKTGIJFO_CDS_3819	SKTGIJFO_CDS_3819,SKTGIJFO_CDS_4656,SKTGIJFO_CDS_4238
SKTGIJFO_CDS_5134	SKTGIJFO_CDS_5134
SKTGIJFO_CDS_1002	SKTGIJFO_CDS_1002,SKTGIJFO_CDS_2253
SKTGIJFO_CDS_2351	SKTGIJFO_CDS_2351
SKTGIJFO_CDS_3864	SKTGIJFO_CDS_3864,SKTGIJFO_CDS_4702,SKTGIJFO_CDS_4283
SKTGIJFO_CDS_3904	SKTGIJFO_CDS_3904,SKTGIJFO_CDS_4744,SKTGIJFO_CDS_4325
SKTGIJFO_CDS_3818	SKTGIJFO_CDS_3818,SKTGIJFO_CDS_4655,SKTGIJFO_CDS_4237
SKTGIJFO_CDS_5081	SKTGIJFO_CDS_5081
SKTGIJFO_CDS_4943	SKTGIJFO_CDS_4943
SKTGIJFO_CDS_5079	SKTGIJFO_CDS_5079
SKTGIJFO_CDS_2318	SKTGIJFO_CDS_2318
SKTGIJFO_CDS_3888	SKTGIJFO_CDS_3888,SKTGIJFO_CDS_4307,SKTGIJFO_CDS_4726
SKTGIJFO_CDS_5163	SKTGIJFO_CDS_5163
SKTGIJFO_CDS_5179	SKTGIJFO_CDS_5179
SKTGIJFO_CDS_3291	SKTGIJFO_CDS_3291
SKTGIJFO_CDS_3789	SKTGIJFO_CDS_3789,SKTGIJFO_CDS_4208,SKTGIJFO_CDS_4626
SKTGIJFO_CDS_5156	SKTGIJFO_CDS_5156
SKTGIJFO_CDS_0275	SKTGIJFO_CDS_0275,SKTGIJFO_CDS_1556,SKTGIJFO_CDS_1384,SKTGIJFO_CDS_1214,SKTGIJFO_CDS_0716
SKTGIJFO_CDS_3874	SKTGIJFO_CDS_3874,SKTGIJFO_CDS_4293,SKTGIJFO_CDS_4712
SKTGIJFO_CDS_3873	SKTGIJFO_CDS_3873,SKTGIJFO_CDS_4292,SKTGIJFO_CDS_4711
SKTGIJFO_CDS_5052	SKTGIJFO_CDS_5052
SKTGIJFO_CDS_5144	SKTGIJFO_CDS_5144
SKTGIJFO_CDS_3271	SKTGIJFO_CDS_3271
SKTGIJFO_CDS_0070	SKTGIJFO_CDS_0070,SKTGIJFO_CDS_1904,SKTGIJFO_CDS_2101
SKTGIJFO_CDS_0511	SKTGIJFO_CDS_0511,SKTGIJFO_CDS_3069,SKTGIJFO_CDS_2874,SKTGIJFO_CDS_2689,SKTGIJFO_CDS_2503,SKTGIJFO_CDS_3390
SKTGIJFO_CDS_2467	SKTGIJFO_CDS_2467
SKTGIJFO_CDS_5084	SKTGIJFO_CDS_5084
SKTGIJFO_CDS_3823	SKTGIJFO_CDS_3823,SKTGIJFO_CDS_4242,SKTGIJFO_CDS_4660
SKTGIJFO_CDS_5113	SKTGIJFO_CDS_5113
SKTGIJFO_CDS_0250	SKTGIJFO_CDS_0250,SKTGIJFO_CDS_1189,SKTGIJFO_CDS_0691,SKTGIJFO_CDS_1531,SKTGIJFO_CDS_1359
SKTGIJFO_CDS_1734	SKTGIJFO_CDS_1734
SKTGIJFO_CDS_3880	SKTGIJFO_CDS_3880,SKTGIJFO_CDS_4718,SKTGIJFO_CDS_4299
SKTGIJFO_CDS_5142	SKTGIJFO_CDS_5142
SKTGIJFO_CDS_4766	SKTGIJFO_CDS_4766,SKTGIJFO_CDS_3930,SKTGIJFO_CDS_4349
SKTGIJFO_CDS_1046	SKTGIJFO_CDS_1046,SKTGIJFO_CDS_2297
SKTGIJFO_CDS_2394	SKTGIJFO_CDS_2394
SKTGIJFO_CDS_4947	SKTGIJFO_CDS_4947
SKTGIJFO_CDS_5184	SKTGIJFO_CDS_5184
SKTGIJFO_CDS_0861	SKTGIJFO_CDS_0861,SKTGIJFO_CDS_1712,SKTGIJFO_CDS_1800
SKTGIJFO_CDS_1113	SKTGIJFO_CDS_1113
SKTGIJFO_CDS_5154	SKTGIJFO_CDS_5154
SKTGIJFO_CDS_5151	SKTGIJFO_CDS_5151
SKTGIJFO_CDS_5235	SKTGIJFO_CDS_5235
SKTGIJFO_CDS_3306	SKTGIJFO_CDS_3306
SKTGIJFO_CDS_3882	SKTGIJFO_CDS_3882,SKTGIJFO_CDS_4720,SKTGIJFO_CDS_4301
SKTGIJFO_CDS_2425	SKTGIJFO_CDS_2425
SKTGIJFO_CDS_3968	SKTGIJFO_CDS_3968,SKTGIJFO_CDS_4804,SKTGIJFO_CDS_4387
SKTGIJFO_CDS_3292	SKTGIJFO_CDS_3292
SKTGIJFO_CDS_0307	SKTGIJFO_CDS_0307,SKTGIJFO_CDS_1588,SKTGIJFO_CDS_1416,SKTGIJFO_CDS_1246,SKTGIJFO_CDS_0740
SKTGIJFO_CDS_0037	SKTGIJFO_CDS_0037,SKTGIJFO_CDS_2067,SKTGIJFO_CDS_0477,SKTGIJFO_CDS_3035
SKTGIJFO_CDS_1871	SKTGIJFO_CDS_1871,SKTGIJFO_CDS_2839,SKTGIJFO_CDS_2654
SKTGIJFO_CDS_3228	SKTGIJFO_CDS_3228
SKTGIJFO_CDS_3556	SKTGIJFO_CDS_3556
SKTGIJFO_CDS_0216	SKTGIJFO_CDS_0216
SKTGIJFO_CDS_3348	SKTGIJFO_CDS_3348
SKTGIJFO_CDS_3970	SKTGIJFO_CDS_3970,SKTGIJFO_CDS_4389,SKTGIJFO_CDS_4806
SKTGIJFO_CDS_0402	SKTGIJFO_CDS_0402,SKTGIJFO_CDS_1105
SKTGIJFO_CDS_0813	SKTGIJFO_CDS_0813,SKTGIJFO_CDS_1752,SKTGIJFO_CDS_1661
SKTGIJFO_CDS_1067	SKTGIJFO_CDS_1067
SKTGIJFO_CDS_2421	SKTGIJFO_CDS_2421
SKTGIJFO_CDS_3783	SKTGIJFO_CDS_3783,SKTGIJFO_CDS_4620,SKTGIJFO_CDS_4202
SKTGIJFO_CDS_5046	SKTGIJFO_CDS_5046
SKTGIJFO_CDS_3347	SKTGIJFO_CDS_3347
SKTGIJFO_CDS_3579	SKTGIJFO_CDS_3579
SKTGIJFO_CDS_5148	SKTGIJFO_CDS_5148
SKTGIJFO_CDS_0922	SKTGIJFO_CDS_0922
SKTGIJFO_CDS_5197	SKTGIJFO_CDS_5197
SKTGIJFO_CDS_3910	SKTGIJFO_CDS_3910,SKTGIJFO_CDS_4750,SKTGIJFO_CDS_4331
SKTGIJFO_CDS_3599	SKTGIJFO_CDS_3599,SKTGIJFO_CDS_4434,SKTGIJFO_CDS_4019
SKTGIJFO_CDS_3877	SKTGIJFO_CDS_3877,SKTGIJFO_CDS_4296,SKTGIJFO_CDS_4715
SKTGIJFO_CDS_5141	SKTGIJFO_CDS_5141
SKTGIJFO_CDS_4819	SKTGIJFO_CDS_4819
SKTGIJFO_CDS_5116	SKTGIJFO_CDS_5116
SKTGIJFO_CDS_2489	SKTGIJFO_CDS_2489
SKTGIJFO_CDS_5022	SKTGIJFO_CDS_5022
SKTGIJFO_CDS_0099	SKTGIJFO_CDS_0099,SKTGIJFO_CDS_3098,SKTGIJFO_CDS_2718,SKTGIJFO_CDS_2532
SKTGIJFO_CDS_3419	SKTGIJFO_CDS_3419
SKTGIJFO_CDS_1157	SKTGIJFO_CDS_1157,SKTGIJFO_CDS_1331
SKTGIJFO_CDS_0142	SKTGIJFO_CDS_0142,SKTGIJFO_CDS_2761,SKTGIJFO_CDS_2575,SKTGIJFO_CDS_2172,SKTGIJFO_CDS_1975,SKTGIJFO_CDS_0582,SKTGIJFO_CDS_2944
SKTGIJFO_CDS_0540	SKTGIJFO_CDS_0540,SKTGIJFO_CDS_2130,SKTGIJFO_CDS_1933
SKTGIJFO_CDS_2903	SKTGIJFO_CDS_2903
SKTGIJFO_CDS_3462	SKTGIJFO_CDS_3462,SKTGIJFO_CDS_3138
SKTGIJFO_CDS_3717	SKTGIJFO_CDS_3717,SKTGIJFO_CDS_4136,SKTGIJFO_CDS_4555
SKTGIJFO_CDS_5028	SKTGIJFO_CDS_5028
SKTGIJFO_CDS_5139	SKTGIJFO_CDS_5139
SKTGIJFO_CDS_3870	SKTGIJFO_CDS_3870,SKTGIJFO_CDS_4708,SKTGIJFO_CDS_4289
SKTGIJFO_CDS_3999	SKTGIJFO_CDS_3999,SKTGIJFO_CDS_4416
SKTGIJFO_CDS_3732	SKTGIJFO_CDS_3732,SKTGIJFO_CDS_4570,SKTGIJFO_CDS_4151
SKTGIJFO_CDS_4993	SKTGIJFO_CDS_4993
SKTGIJFO_CDS_2472	SKTGIJFO_CDS_2472
SKTGIJFO_CDS_5016	SKTGIJFO_CDS_5016
SKTGIJFO_CDS_0844	SKTGIJFO_CDS_0844,SKTGIJFO_CDS_1782,SKTGIJFO_CDS_1692
SKTGIJFO_CDS_3937	SKTGIJFO_CDS_3937,SKTGIJFO_CDS_4773,SKTGIJFO_CDS_4356
SKTGIJFO_CDS_0320	SKTGIJFO_CDS_0320,SKTGIJFO_CDS_1601,SKTGIJFO_CDS_1429,SKTGIJFO_CDS_1259,SKTGIJFO_CDS_0753
SKTGIJFO_CDS_5195	SKTGIJFO_CDS_5195
SKTGIJFO_CDS_3831	SKTGIJFO_CDS_3831,SKTGIJFO_CDS_4668,SKTGIJFO_CDS_4250
SKTGIJFO_CDS_1074	SKTGIJFO_CDS_1074
SKTGIJFO_CDS_2323	SKTGIJFO_CDS_2323
SKTGIJFO_CDS_2427	SKTGIJFO_CDS_2427
SKTGIJFO_CDS_3949	SKTGIJFO_CDS_3949,SKTGIJFO_CDS_4785,SKTGIJFO_CDS_4368
SKTGIJFO_CDS_4533	SKTGIJFO_CDS_4533
SKTGIJFO_CDS_3294	SKTGIJFO_CDS_3294
SKTGIJFO_CDS_5011	SKTGIJFO_CDS_5011
SKTGIJFO_CDS_3769	SKTGIJFO_CDS_3769,SKTGIJFO_CDS_4188,SKTGIJFO_CDS_4606
SKTGIJFO_CDS_0814	SKTGIJFO_CDS_0814,SKTGIJFO_CDS_1753,SKTGIJFO_CDS_1662
SKTGIJFO_CDS_4173	SKTGIJFO_CDS_4173
SKTGIJFO_CDS_3754	SKTGIJFO_CDS_3754,SKTGIJFO_CDS_4591
SKTGIJFO_CDS_0270	SKTGIJFO_CDS_0270,SKTGIJFO_CDS_1551,SKTGIJFO_CDS_1379,SKTGIJFO_CDS_1209,SKTGIJFO_CDS_0711
SKTGIJFO_CDS_0126	SKTGIJFO_CDS_0126,SKTGIJFO_CDS_2156,SKTGIJFO_CDS_0566,SKTGIJFO_CDS_2745,SKTGIJFO_CDS_2559,SKTGIJFO_CDS_1959
SKTGIJFO_CDS_2928	SKTGIJFO_CDS_2928
SKTGIJFO_CDS_3122	SKTGIJFO_CDS_3122
SKTGIJFO_CDS_3446	SKTGIJFO_CDS_3446
SKTGIJFO_CDS_0409	SKTGIJFO_CDS_0409,SKTGIJFO_CDS_1111
SKTGIJFO_CDS_3878	SKTGIJFO_CDS_3878,SKTGIJFO_CDS_4716,SKTGIJFO_CDS_4297
SKTGIJFO_CDS_0412	SKTGIJFO_CDS_0412
SKTGIJFO_CDS_0823	SKTGIJFO_CDS_0823,SKTGIJFO_CDS_1762,SKTGIJFO_CDS_1671
SKTGIJFO_CDS_5149	SKTGIJFO_CDS_5149
SKTGIJFO_CDS_5094	SKTGIJFO_CDS_5094
SKTGIJFO_CDS_0064	SKTGIJFO_CDS_0064,SKTGIJFO_CDS_1898,SKTGIJFO_CDS_0505,SKTGIJFO_CDS_3384,SKTGIJFO_CDS_3063,SKTGIJFO_CDS_2868,SKTGIJFO_CDS_2683,SKTGIJFO_CDS_2497,SKTGIJFO_CDS_2095
SKTGIJFO_CDS_4845	SKTGIJFO_CDS_4845
SKTGIJFO_CDS_5208	SKTGIJFO_CDS_5208
SKTGIJFO_CDS_2410	SKTGIJFO_CDS_2410
SKTGIJFO_CDS_5068	SKTGIJFO_CDS_5068
SKTGIJFO_CDS_5101	SKTGIJFO_CDS_5101
SKTGIJFO_CDS_3608	SKTGIJFO_CDS_3608
SKTGIJFO_CDS_5057	SKTGIJFO_CDS_5057
SKTGIJFO_CDS_0421	SKTGIJFO_CDS_0421,SKTGIJFO_CDS_1122
SKTGIJFO_CDS_3609	SKTGIJFO_CDS_3609,SKTGIJFO_CDS_4443,SKTGIJFO_CDS_4028
SKTGIJFO_CDS_0123	SKTGIJFO_CDS_0123,SKTGIJFO_CDS_2742,SKTGIJFO_CDS_2556,SKTGIJFO_CDS_2153,SKTGIJFO_CDS_1956,SKTGIJFO_CDS_0563,SKTGIJFO_CDS_2925,SKTGIJFO_CDS_3119
SKTGIJFO_CDS_3443	SKTGIJFO_CDS_3443
SKTGIJFO_CDS_4765	SKTGIJFO_CDS_4765,SKTGIJFO_CDS_3926
SKTGIJFO_CDS_5233	SKTGIJFO_CDS_5233
SKTGIJFO_CDS_0882	SKTGIJFO_CDS_0882,SKTGIJFO_CDS_1824
SKTGIJFO_CDS_1065	SKTGIJFO_CDS_1065,SKTGIJFO_CDS_2316
SKTGIJFO_CDS_2418	SKTGIJFO_CDS_2418
SKTGIJFO_CDS_3998	SKTGIJFO_CDS_3998,SKTGIJFO_CDS_4415
SKTGIJFO_CDS_0404	SKTGIJFO_CDS_0404
SKTGIJFO_CDS_1107	SKTGIJFO_CDS_1107
SKTGIJFO_CDS_0967	SKTGIJFO_CDS_0967
SKTGIJFO_CDS_3134	SKTGIJFO_CDS_3134,SKTGIJFO_CDS_3457,SKTGIJFO_CDS_2940,SKTGIJFO_CDS_2757,SKTGIJFO_CDS_2571,SKTGIJFO_CDS_2168,SKTGIJFO_CDS_1971,SKTGIJFO_CDS_0578,SKTGIJFO_CDS_0138
SKTGIJFO_CDS_1501	SKTGIJFO_CDS_1501
SKTGIJFO_CDS_0156	SKTGIJFO_CDS_0156,SKTGIJFO_CDS_2186,SKTGIJFO_CDS_1989,SKTGIJFO_CDS_3476,SKTGIJFO_CDS_2958
SKTGIJFO_CDS_0596	SKTGIJFO_CDS_0596,SKTGIJFO_CDS_3152
SKTGIJFO_CDS_0944	SKTGIJFO_CDS_0944
SKTGIJFO_CDS_2588	SKTGIJFO_CDS_2588,SKTGIJFO_CDS_2774
SKTGIJFO_CDS_3959	SKTGIJFO_CDS_3959,SKTGIJFO_CDS_4795,SKTGIJFO_CDS_4378
SKTGIJFO_CDS_0420	SKTGIJFO_CDS_0420
SKTGIJFO_CDS_1121	SKTGIJFO_CDS_1121
SKTGIJFO_CDS_3266	SKTGIJFO_CDS_3266
SKTGIJFO_CDS_0140	SKTGIJFO_CDS_0140,SKTGIJFO_CDS_2759,SKTGIJFO_CDS_2573,SKTGIJFO_CDS_2170,SKTGIJFO_CDS_1973,SKTGIJFO_CDS_0580,SKTGIJFO_CDS_2942,SKTGIJFO_CDS_3459,SKTGIJFO_CDS_3460
SKTGIJFO_CDS_3136	SKTGIJFO_CDS_3136
SKTGIJFO_CDS_3350	SKTGIJFO_CDS_3350
SKTGIJFO_CDS_5182	SKTGIJFO_CDS_5182
SKTGIJFO_CDS_0918	SKTGIJFO_CDS_0918
SKTGIJFO_CDS_3558	SKTGIJFO_CDS_3558,SKTGIJFO_CDS_4394,SKTGIJFO_CDS_3975
SKTGIJFO_CDS_0919	SKTGIJFO_CDS_0919
SKTGIJFO_CDS_3770	SKTGIJFO_CDS_3770,SKTGIJFO_CDS_4607,SKTGIJFO_CDS_4189
SKTGIJFO_CDS_2482	SKTGIJFO_CDS_2482
SKTGIJFO_CDS_0966	SKTGIJFO_CDS_0966
SKTGIJFO_CDS_3788	SKTGIJFO_CDS_3788,SKTGIJFO_CDS_4625,SKTGIJFO_CDS_4207
SKTGIJFO_CDS_5221	SKTGIJFO_CDS_5221
SKTGIJFO_CDS_0410	SKTGIJFO_CDS_0410,SKTGIJFO_CDS_1112
SKTGIJFO_CDS_0957	SKTGIJFO_CDS_0957
SKTGIJFO_CDS_0396	SKTGIJFO_CDS_0396
SKTGIJFO_CDS_0877	SKTGIJFO_CDS_0877,SKTGIJFO_CDS_1730,SKTGIJFO_CDS_1819
SKTGIJFO_CDS_5037	SKTGIJFO_CDS_5037
SKTGIJFO_CDS_0333	SKTGIJFO_CDS_0333,SKTGIJFO_CDS_1614,SKTGIJFO_CDS_1272,SKTGIJFO_CDS_0766,SKTGIJFO_CDS_1442
SKTGIJFO_CDS_1735	SKTGIJFO_CDS_1735
SKTGIJFO_CDS_5244	SKTGIJFO_CDS_5244
SKTGIJFO_CDS_1011	SKTGIJFO_CDS_1011,SKTGIJFO_CDS_2262
SKTGIJFO_CDS_3310	SKTGIJFO_CDS_3310
SKTGIJFO_CDS_2360	SKTGIJFO_CDS_2360
SKTGIJFO_CDS_3876	SKTGIJFO_CDS_3876,SKTGIJFO_CDS_4714,SKTGIJFO_CDS_4295
SKTGIJFO_CDS_1071	SKTGIJFO_CDS_1071
SKTGIJFO_CDS_2401	SKTGIJFO_CDS_2401
SKTGIJFO_CDS_2483	SKTGIJFO_CDS_2483
SKTGIJFO_CDS_0869	SKTGIJFO_CDS_0869,SKTGIJFO_CDS_1811,SKTGIJFO_CDS_1722
SKTGIJFO_CDS_5147	SKTGIJFO_CDS_5147
SKTGIJFO_CDS_0028	SKTGIJFO_CDS_0028,SKTGIJFO_CDS_2058
SKTGIJFO_CDS_0062	SKTGIJFO_CDS_0062,SKTGIJFO_CDS_3382,SKTGIJFO_CDS_1896,SKTGIJFO_CDS_0503,SKTGIJFO_CDS_3061,SKTGIJFO_CDS_2681,SKTGIJFO_CDS_2495,SKTGIJFO_CDS_2866,SKTGIJFO_CDS_2093
SKTGIJFO_CDS_0081	SKTGIJFO_CDS_0081,SKTGIJFO_CDS_2112,SKTGIJFO_CDS_1915,SKTGIJFO_CDS_3080,SKTGIJFO_CDS_0522,SKTGIJFO_CDS_2700,SKTGIJFO_CDS_2514
SKTGIJFO_CDS_0325	SKTGIJFO_CDS_0325,SKTGIJFO_CDS_1606,SKTGIJFO_CDS_1264,SKTGIJFO_CDS_0758,SKTGIJFO_CDS_1434
SKTGIJFO_CDS_0468	SKTGIJFO_CDS_0468,SKTGIJFO_CDS_1862,SKTGIJFO_CDS_3026
SKTGIJFO_CDS_2412	SKTGIJFO_CDS_2412
SKTGIJFO_CDS_2645	SKTGIJFO_CDS_2645,SKTGIJFO_CDS_2830
SKTGIJFO_CDS_2885	SKTGIJFO_CDS_2885,SKTGIJFO_CDS_3401
SKTGIJFO_CDS_3219	SKTGIJFO_CDS_3219
SKTGIJFO_CDS_3547	SKTGIJFO_CDS_3547
SKTGIJFO_CDS_5211	SKTGIJFO_CDS_5211
SKTGIJFO_CDS_2321	SKTGIJFO_CDS_2321
SKTGIJFO_CDS_2473	SKTGIJFO_CDS_2473
SKTGIJFO_CDS_3296	SKTGIJFO_CDS_3296
SKTGIJFO_CDS_3795	SKTGIJFO_CDS_3795,SKTGIJFO_CDS_4632,SKTGIJFO_CDS_4214
SKTGIJFO_CDS_1053	SKTGIJFO_CDS_1053,SKTGIJFO_CDS_2304
SKTGIJFO_CDS_0292	SKTGIJFO_CDS_0292,SKTGIJFO_CDS_1573,SKTGIJFO_CDS_1401,SKTGIJFO_CDS_1231,SKTGIJFO_CDS_0733
SKTGIJFO_CDS_0430	SKTGIJFO_CDS_0430
SKTGIJFO_CDS_1132	SKTGIJFO_CDS_1132
SKTGIJFO_CDS_3700	SKTGIJFO_CDS_3700,SKTGIJFO_CDS_4538,SKTGIJFO_CDS_4119
SKTGIJFO_CDS_0842	SKTGIJFO_CDS_0842,SKTGIJFO_CDS_1780,SKTGIJFO_CDS_1690
SKTGIJFO_CDS_0209	SKTGIJFO_CDS_0209,SKTGIJFO_CDS_1323,SKTGIJFO_CDS_0651,SKTGIJFO_CDS_1493,SKTGIJFO_CDS_1150
SKTGIJFO_CDS_0328	SKTGIJFO_CDS_0328,SKTGIJFO_CDS_1609,SKTGIJFO_CDS_1267,SKTGIJFO_CDS_0761,SKTGIJFO_CDS_1437
SKTGIJFO_CDS_1056	SKTGIJFO_CDS_1056,SKTGIJFO_CDS_2307
SKTGIJFO_CDS_4103	SKTGIJFO_CDS_4103,SKTGIJFO_CDS_4519,SKTGIJFO_CDS_3684
SKTGIJFO_CDS_2404	SKTGIJFO_CDS_2404
SKTGIJFO_CDS_3813	SKTGIJFO_CDS_3813,SKTGIJFO_CDS_4232,SKTGIJFO_CDS_4650
SKTGIJFO_CDS_5075	SKTGIJFO_CDS_5075
SKTGIJFO_CDS_0316	SKTGIJFO_CDS_0316,SKTGIJFO_CDS_1425,SKTGIJFO_CDS_1255,SKTGIJFO_CDS_0749,SKTGIJFO_CDS_1597
SKTGIJFO_CDS_1066	SKTGIJFO_CDS_1066,SKTGIJFO_CDS_2317
SKTGIJFO_CDS_2419	SKTGIJFO_CDS_2419
SKTGIJFO_CDS_1670	SKTGIJFO_CDS_1670,SKTGIJFO_CDS_0822,SKTGIJFO_CDS_1761
SKTGIJFO_CDS_0268	SKTGIJFO_CDS_0268,SKTGIJFO_CDS_1549,SKTGIJFO_CDS_0709,SKTGIJFO_CDS_1377,SKTGIJFO_CDS_1207
SKTGIJFO_CDS_0953	SKTGIJFO_CDS_0953
SKTGIJFO_CDS_4844	SKTGIJFO_CDS_4844
SKTGIJFO_CDS_4946	SKTGIJFO_CDS_4946
SKTGIJFO_CDS_0925	SKTGIJFO_CDS_0925
SKTGIJFO_CDS_5164	SKTGIJFO_CDS_5164
SKTGIJFO_CDS_0284	SKTGIJFO_CDS_0284,SKTGIJFO_CDS_1565,SKTGIJFO_CDS_1223,SKTGIJFO_CDS_0725,SKTGIJFO_CDS_1393
SKTGIJFO_CDS_0818	SKTGIJFO_CDS_0818,SKTGIJFO_CDS_1757
SKTGIJFO_CDS_0920	SKTGIJFO_CDS_0920
SKTGIJFO_CDS_3781	SKTGIJFO_CDS_3781,SKTGIJFO_CDS_4618,SKTGIJFO_CDS_4200
SKTGIJFO_CDS_3973	SKTGIJFO_CDS_3973,SKTGIJFO_CDS_4809,SKTGIJFO_CDS_4392
SKTGIJFO_CDS_5087	SKTGIJFO_CDS_5087
SKTGIJFO_CDS_0466	SKTGIJFO_CDS_0466,SKTGIJFO_CDS_1860
SKTGIJFO_CDS_3545	SKTGIJFO_CDS_3545
SKTGIJFO_CDS_5242	SKTGIJFO_CDS_5242
SKTGIJFO_CDS_3634	SKTGIJFO_CDS_3634,SKTGIJFO_CDS_4469,SKTGIJFO_CDS_4053
SKTGIJFO_CDS_3826	SKTGIJFO_CDS_3826,SKTGIJFO_CDS_4663,SKTGIJFO_CDS_4245
SKTGIJFO_CDS_3967	SKTGIJFO_CDS_3967,SKTGIJFO_CDS_4386,SKTGIJFO_CDS_4803
SKTGIJFO_CDS_0026	SKTGIJFO_CDS_0026,SKTGIJFO_CDS_2056,SKTGIJFO_CDS_3024,SKTGIJFO_CDS_2828,SKTGIJFO_CDS_2643,SKTGIJFO_CDS_3217
SKTGIJFO_CDS_4906	SKTGIJFO_CDS_4906
SKTGIJFO_CDS_1043	SKTGIJFO_CDS_1043,SKTGIJFO_CDS_2294
SKTGIJFO_CDS_2391	SKTGIJFO_CDS_2391
SKTGIJFO_CDS_0819	SKTGIJFO_CDS_0819,SKTGIJFO_CDS_1667,SKTGIJFO_CDS_1758
SKTGIJFO_CDS_1666	SKTGIJFO_CDS_1666
SKTGIJFO_CDS_3889	SKTGIJFO_CDS_3889,SKTGIJFO_CDS_4308,SKTGIJFO_CDS_4727
SKTGIJFO_CDS_0304	SKTGIJFO_CDS_0304,SKTGIJFO_CDS_1585,SKTGIJFO_CDS_1413,SKTGIJFO_CDS_1243
SKTGIJFO_CDS_2339	SKTGIJFO_CDS_2339,SKTGIJFO_CDS_2240,SKTGIJFO_CDS_0989
SKTGIJFO_CDS_3344	SKTGIJFO_CDS_3344
SKTGIJFO_CDS_0812	SKTGIJFO_CDS_0812,SKTGIJFO_CDS_1660,SKTGIJFO_CDS_1751
SKTGIJFO_CDS_5044	SKTGIJFO_CDS_5044
SKTGIJFO_CDS_1019	SKTGIJFO_CDS_1019,SKTGIJFO_CDS_2270
SKTGIJFO_CDS_2370	SKTGIJFO_CDS_2370
SKTGIJFO_CDS_1104	SKTGIJFO_CDS_1104,SKTGIJFO_CDS_0401
SKTGIJFO_CDS_3692	SKTGIJFO_CDS_3692,SKTGIJFO_CDS_4111
SKTGIJFO_CDS_4527	SKTGIJFO_CDS_4527
SKTGIJFO_CDS_5026	SKTGIJFO_CDS_5026
SKTGIJFO_CDS_0943	SKTGIJFO_CDS_0943
SKTGIJFO_CDS_3909	SKTGIJFO_CDS_3909,SKTGIJFO_CDS_4749,SKTGIJFO_CDS_4330
SKTGIJFO_CDS_4861	SKTGIJFO_CDS_4861
SKTGIJFO_CDS_4950	SKTGIJFO_CDS_4950
SKTGIJFO_CDS_5183	SKTGIJFO_CDS_5183
SKTGIJFO_CDS_0916	SKTGIJFO_CDS_0916
SKTGIJFO_CDS_2485	SKTGIJFO_CDS_2485
SKTGIJFO_CDS_3962	SKTGIJFO_CDS_3962,SKTGIJFO_CDS_4798
SKTGIJFO_CDS_4381	SKTGIJFO_CDS_4381
SKTGIJFO_CDS_0263	SKTGIJFO_CDS_0263,SKTGIJFO_CDS_1372,SKTGIJFO_CDS_1202,SKTGIJFO_CDS_0704,SKTGIJFO_CDS_1544
SKTGIJFO_CDS_3964	SKTGIJFO_CDS_3964,SKTGIJFO_CDS_4800,SKTGIJFO_CDS_4383
SKTGIJFO_CDS_4382	SKTGIJFO_CDS_4382,SKTGIJFO_CDS_4799,SKTGIJFO_CDS_3963
SKTGIJFO_CDS_3417	SKTGIJFO_CDS_3417
SKTGIJFO_CDS_3768	SKTGIJFO_CDS_3768,SKTGIJFO_CDS_4605,SKTGIJFO_CDS_4187
SKTGIJFO_CDS_5210	SKTGIJFO_CDS_5210
SKTGIJFO_CDS_0097	SKTGIJFO_CDS_0097
SKTGIJFO_CDS_0538	SKTGIJFO_CDS_0538,SKTGIJFO_CDS_2128,SKTGIJFO_CDS_1931,SKTGIJFO_CDS_2901,SKTGIJFO_CDS_2716,SKTGIJFO_CDS_3096,SKTGIJFO_CDS_2530
SKTGIJFO_CDS_0884	SKTGIJFO_CDS_0884,SKTGIJFO_CDS_1826
SKTGIJFO_CDS_1099	SKTGIJFO_CDS_1099
SKTGIJFO_CDS_1737	SKTGIJFO_CDS_1737
SKTGIJFO_CDS_4531	SKTGIJFO_CDS_4531
SKTGIJFO_CDS_0285	SKTGIJFO_CDS_0285,SKTGIJFO_CDS_1566,SKTGIJFO_CDS_1394,SKTGIJFO_CDS_1224,SKTGIJFO_CDS_0726
SKTGIJFO_CDS_4996	SKTGIJFO_CDS_4996
SKTGIJFO_CDS_3952	SKTGIJFO_CDS_3952,SKTGIJFO_CDS_4788,SKTGIJFO_CDS_4371
SKTGIJFO_CDS_4961	SKTGIJFO_CDS_4961
SKTGIJFO_CDS_3677	SKTGIJFO_CDS_3677,SKTGIJFO_CDS_4096,SKTGIJFO_CDS_4512
SKTGIJFO_CDS_3751	SKTGIJFO_CDS_3751
SKTGIJFO_CDS_4170	SKTGIJFO_CDS_4170,SKTGIJFO_CDS_4588
SKTGIJFO_CDS_0867	SKTGIJFO_CDS_0867,SKTGIJFO_CDS_1809,SKTGIJFO_CDS_1720
SKTGIJFO_CDS_1070	SKTGIJFO_CDS_1070,SKTGIJFO_CDS_2320
SKTGIJFO_CDS_2260	SKTGIJFO_CDS_2260,SKTGIJFO_CDS_1009
SKTGIJFO_CDS_2424	SKTGIJFO_CDS_2424
SKTGIJFO_CDS_3633	SKTGIJFO_CDS_3633,SKTGIJFO_CDS_4468,SKTGIJFO_CDS_4052
SKTGIJFO_CDS_5227	SKTGIJFO_CDS_5227
SKTGIJFO_CDS_3807	SKTGIJFO_CDS_3807,SKTGIJFO_CDS_4226,SKTGIJFO_CDS_4644
SKTGIJFO_CDS_5203	SKTGIJFO_CDS_5203
SKTGIJFO_CDS_0133	SKTGIJFO_CDS_0133,SKTGIJFO_CDS_2752,SKTGIJFO_CDS_2566,SKTGIJFO_CDS_2163,SKTGIJFO_CDS_1966,SKTGIJFO_CDS_0573,SKTGIJFO_CDS_2935,SKTGIJFO_CDS_3129
SKTGIJFO_CDS_1007	SKTGIJFO_CDS_1007,SKTGIJFO_CDS_2258
SKTGIJFO_CDS_2356	SKTGIJFO_CDS_2356
SKTGIJFO_CDS_3452	SKTGIJFO_CDS_3452
SKTGIJFO_CDS_4847	SKTGIJFO_CDS_4847
SKTGIJFO_CDS_5069	SKTGIJFO_CDS_5069
SKTGIJFO_CDS_4866	SKTGIJFO_CDS_4866
SKTGIJFO_CDS_2479	SKTGIJFO_CDS_2479
SKTGIJFO_CDS_3965	SKTGIJFO_CDS_3965,SKTGIJFO_CDS_4801,SKTGIJFO_CDS_4384
SKTGIJFO_CDS_0282	SKTGIJFO_CDS_0282,SKTGIJFO_CDS_1563,SKTGIJFO_CDS_1391,SKTGIJFO_CDS_0723,SKTGIJFO_CDS_1221
SKTGIJFO_CDS_0288	SKTGIJFO_CDS_0288,SKTGIJFO_CDS_1569,SKTGIJFO_CDS_1397,SKTGIJFO_CDS_1227,SKTGIJFO_CDS_0729
SKTGIJFO_CDS_5223	SKTGIJFO_CDS_5223
SKTGIJFO_CDS_0079	SKTGIJFO_CDS_0079,SKTGIJFO_CDS_0520,SKTGIJFO_CDS_1913,SKTGIJFO_CDS_2698,SKTGIJFO_CDS_2512,SKTGIJFO_CDS_2110,SKTGIJFO_CDS_3078,SKTGIJFO_CDS_2883
SKTGIJFO_CDS_0946	SKTGIJFO_CDS_0946
SKTGIJFO_CDS_3399	SKTGIJFO_CDS_3399
SKTGIJFO_CDS_3772	SKTGIJFO_CDS_3772,SKTGIJFO_CDS_4609,SKTGIJFO_CDS_4191
SKTGIJFO_CDS_5064	SKTGIJFO_CDS_5064
SKTGIJFO_CDS_5229	SKTGIJFO_CDS_5229
SKTGIJFO_CDS_0428	SKTGIJFO_CDS_0428
SKTGIJFO_CDS_1130	SKTGIJFO_CDS_1130
SKTGIJFO_CDS_5030	SKTGIJFO_CDS_5030
SKTGIJFO_CDS_0526	SKTGIJFO_CDS_0526,SKTGIJFO_CDS_1919,SKTGIJFO_CDS_0085,SKTGIJFO_CDS_2116,SKTGIJFO_CDS_3405,SKTGIJFO_CDS_3084,SKTGIJFO_CDS_2889,SKTGIJFO_CDS_2704,SKTGIJFO_CDS_2518
SKTGIJFO_CDS_2439	SKTGIJFO_CDS_2439
SKTGIJFO_CDS_4959	SKTGIJFO_CDS_4959
SKTGIJFO_CDS_3263	SKTGIJFO_CDS_3263
SKTGIJFO_CDS_3264	SKTGIJFO_CDS_3264
SKTGIJFO_CDS_4419	SKTGIJFO_CDS_4419,SKTGIJFO_CDS_4004
SKTGIJFO_CDS_4821	SKTGIJFO_CDS_4821
SKTGIJFO_CDS_5009	SKTGIJFO_CDS_5009
SKTGIJFO_CDS_0082	SKTGIJFO_CDS_0082,SKTGIJFO_CDS_2113,SKTGIJFO_CDS_1916,SKTGIJFO_CDS_3081,SKTGIJFO_CDS_2886,SKTGIJFO_CDS_2701,SKTGIJFO_CDS_2515,SKTGIJFO_CDS_0523,SKTGIJFO_CDS_3402
SKTGIJFO_CDS_3908	SKTGIJFO_CDS_3908,SKTGIJFO_CDS_4329,SKTGIJFO_CDS_4748
SKTGIJFO_CDS_4952	SKTGIJFO_CDS_4952
SKTGIJFO_CDS_4987	SKTGIJFO_CDS_4987
SKTGIJFO_CDS_3343	SKTGIJFO_CDS_3343
SKTGIJFO_CDS_3624	SKTGIJFO_CDS_3624,SKTGIJFO_CDS_4460,SKTGIJFO_CDS_4045
SKTGIJFO_CDS_3750	SKTGIJFO_CDS_3750
SKTGIJFO_CDS_4169	SKTGIJFO_CDS_4169,SKTGIJFO_CDS_4587
SKTGIJFO_CDS_0995	SKTGIJFO_CDS_0995,SKTGIJFO_CDS_2246
SKTGIJFO_CDS_3767	SKTGIJFO_CDS_3767,SKTGIJFO_CDS_4604,SKTGIJFO_CDS_4186
SKTGIJFO_CDS_3938	SKTGIJFO_CDS_3938,SKTGIJFO_CDS_4774,SKTGIJFO_CDS_4357
SKTGIJFO_CDS_5025	SKTGIJFO_CDS_5025
SKTGIJFO_CDS_1713	SKTGIJFO_CDS_1713,SKTGIJFO_CDS_1801,SKTGIJFO_CDS_0862
SKTGIJFO_CDS_3118	SKTGIJFO_CDS_3118,SKTGIJFO_CDS_3442
SKTGIJFO_CDS_3802	SKTGIJFO_CDS_3802,SKTGIJFO_CDS_4639,SKTGIJFO_CDS_4221
SKTGIJFO_CDS_3181	SKTGIJFO_CDS_3181
SKTGIJFO_CDS_0122	SKTGIJFO_CDS_0122,SKTGIJFO_CDS_2741,SKTGIJFO_CDS_2555,SKTGIJFO_CDS_2152,SKTGIJFO_CDS_1955,SKTGIJFO_CDS_0562
SKTGIJFO_CDS_0983	SKTGIJFO_CDS_0983
SKTGIJFO_CDS_2924	SKTGIJFO_CDS_2924
SKTGIJFO_CDS_3734	SKTGIJFO_CDS_3734,SKTGIJFO_CDS_4572,SKTGIJFO_CDS_4153
SKTGIJFO_CDS_0450	SKTGIJFO_CDS_0450,SKTGIJFO_CDS_3201,SKTGIJFO_CDS_2811,SKTGIJFO_CDS_2626
SKTGIJFO_CDS_3698	SKTGIJFO_CDS_3698,SKTGIJFO_CDS_4117,SKTGIJFO_CDS_4536
SKTGIJFO_CDS_4857	SKTGIJFO_CDS_4857
SKTGIJFO_CDS_5089	SKTGIJFO_CDS_5089
SKTGIJFO_CDS_2234	SKTGIJFO_CDS_2234
SKTGIJFO_CDS_5003	SKTGIJFO_CDS_5003
SKTGIJFO_CDS_3341	SKTGIJFO_CDS_3341
SKTGIJFO_CDS_3759	SKTGIJFO_CDS_3759,SKTGIJFO_CDS_4596,SKTGIJFO_CDS_4178
SKTGIJFO_CDS_0850	SKTGIJFO_CDS_0850,SKTGIJFO_CDS_1699,SKTGIJFO_CDS_1788
SKTGIJFO_CDS_0959	SKTGIJFO_CDS_0959
SKTGIJFO_CDS_1773	SKTGIJFO_CDS_1773
SKTGIJFO_CDS_3008	SKTGIJFO_CDS_3008,SKTGIJFO_CDS_2040,SKTGIJFO_CDS_1844,SKTGIJFO_CDS_0010
SKTGIJFO_CDS_3530	SKTGIJFO_CDS_3530
SKTGIJFO_CDS_3647	SKTGIJFO_CDS_3647,SKTGIJFO_CDS_4482,SKTGIJFO_CDS_4068
SKTGIJFO_CDS_3668	SKTGIJFO_CDS_3668
SKTGIJFO_CDS_4087	SKTGIJFO_CDS_4087,SKTGIJFO_CDS_4503
SKTGIJFO_CDS_0834	SKTGIJFO_CDS_0834,SKTGIJFO_CDS_1682
SKTGIJFO_CDS_1079	SKTGIJFO_CDS_1079
SKTGIJFO_CDS_4983	SKTGIJFO_CDS_4983
SKTGIJFO_CDS_0653	SKTGIJFO_CDS_0653,SKTGIJFO_CDS_1325,SKTGIJFO_CDS_1152
SKTGIJFO_CDS_1495	SKTGIJFO_CDS_1495
SKTGIJFO_CDS_3621	SKTGIJFO_CDS_3621,SKTGIJFO_CDS_4042,SKTGIJFO_CDS_4457
SKTGIJFO_CDS_4850	SKTGIJFO_CDS_4850
SKTGIJFO_CDS_3500	SKTGIJFO_CDS_3500,SKTGIJFO_CDS_2210,SKTGIJFO_CDS_2013,SKTGIJFO_CDS_0621,SKTGIJFO_CDS_0180,SKTGIJFO_CDS_2983
SKTGIJFO_CDS_3800	SKTGIJFO_CDS_3800,SKTGIJFO_CDS_4637,SKTGIJFO_CDS_4219
SKTGIJFO_CDS_5062	SKTGIJFO_CDS_5062
SKTGIJFO_CDS_0171	SKTGIJFO_CDS_0171,SKTGIJFO_CDS_2201,SKTGIJFO_CDS_2004,SKTGIJFO_CDS_0612,SKTGIJFO_CDS_3491,SKTGIJFO_CDS_2974,SKTGIJFO_CDS_3171
SKTGIJFO_CDS_3273	SKTGIJFO_CDS_3273
SKTGIJFO_CDS_0107	SKTGIJFO_CDS_0107,SKTGIJFO_CDS_2911
SKTGIJFO_CDS_1045	SKTGIJFO_CDS_1045,SKTGIJFO_CDS_2296
SKTGIJFO_CDS_2393	SKTGIJFO_CDS_2393
SKTGIJFO_CDS_2440	SKTGIJFO_CDS_2440
SKTGIJFO_CDS_3349	SKTGIJFO_CDS_3349
SKTGIJFO_CDS_1050	SKTGIJFO_CDS_1050,SKTGIJFO_CDS_2301
SKTGIJFO_CDS_2398	SKTGIJFO_CDS_2398
SKTGIJFO_CDS_0482	SKTGIJFO_CDS_0482,SKTGIJFO_CDS_3358,SKTGIJFO_CDS_3233,SKTGIJFO_CDS_2844,SKTGIJFO_CDS_2659,SKTGIJFO_CDS_3041,SKTGIJFO_CDS_3040
SKTGIJFO_CDS_2432	SKTGIJFO_CDS_2432
SKTGIJFO_CDS_5033	SKTGIJFO_CDS_5033
SKTGIJFO_CDS_0549	SKTGIJFO_CDS_0549,SKTGIJFO_CDS_3105,SKTGIJFO_CDS_2139,SKTGIJFO_CDS_1942,SKTGIJFO_CDS_2726,SKTGIJFO_CDS_2540
SKTGIJFO_CDS_3681	SKTGIJFO_CDS_3681,SKTGIJFO_CDS_4516,SKTGIJFO_CDS_4100
SKTGIJFO_CDS_3775	SKTGIJFO_CDS_3775,SKTGIJFO_CDS_4612,SKTGIJFO_CDS_4194
SKTGIJFO_CDS_4826	SKTGIJFO_CDS_4826
SKTGIJFO_CDS_4985	SKTGIJFO_CDS_4985
SKTGIJFO_CDS_2619	SKTGIJFO_CDS_2619,SKTGIJFO_CDS_3001,SKTGIJFO_CDS_2804
SKTGIJFO_CDS_3629	SKTGIJFO_CDS_3629,SKTGIJFO_CDS_4464,SKTGIJFO_CDS_4049
SKTGIJFO_CDS_3733	SKTGIJFO_CDS_3733,SKTGIJFO_CDS_4571,SKTGIJFO_CDS_4152
SKTGIJFO_CDS_4897	SKTGIJFO_CDS_4897
SKTGIJFO_CDS_5161	SKTGIJFO_CDS_5161
SKTGIJFO_CDS_3334	SKTGIJFO_CDS_3334
SKTGIJFO_CDS_0210	SKTGIJFO_CDS_0210,SKTGIJFO_CDS_1324,SKTGIJFO_CDS_0652
SKTGIJFO_CDS_0961	SKTGIJFO_CDS_0961
SKTGIJFO_CDS_2346	SKTGIJFO_CDS_2346
SKTGIJFO_CDS_4884	SKTGIJFO_CDS_4884
SKTGIJFO_CDS_4930	SKTGIJFO_CDS_4930
SKTGIJFO_CDS_4982	SKTGIJFO_CDS_4982
SKTGIJFO_CDS_3428	SKTGIJFO_CDS_3428
SKTGIJFO_CDS_3741	SKTGIJFO_CDS_3741,SKTGIJFO_CDS_4579,SKTGIJFO_CDS_4160
SKTGIJFO_CDS_5239	SKTGIJFO_CDS_5239
SKTGIJFO_CDS_2442	SKTGIJFO_CDS_2442
SKTGIJFO_CDS_3785	SKTGIJFO_CDS_3785,SKTGIJFO_CDS_4622,SKTGIJFO_CDS_4204
SKTGIJFO_CDS_4858	SKTGIJFO_CDS_4858
SKTGIJFO_CDS_3828	SKTGIJFO_CDS_3828,SKTGIJFO_CDS_4665,SKTGIJFO_CDS_4247
SKTGIJFO_CDS_5114	SKTGIJFO_CDS_5114
SKTGIJFO_CDS_3616	SKTGIJFO_CDS_3616,SKTGIJFO_CDS_4450,SKTGIJFO_CDS_4035
SKTGIJFO_CDS_5048	SKTGIJFO_CDS_5048
SKTGIJFO_CDS_0964	SKTGIJFO_CDS_0964
SKTGIJFO_CDS_3303	SKTGIJFO_CDS_3303
SKTGIJFO_CDS_4881	SKTGIJFO_CDS_4881
SKTGIJFO_CDS_5232	SKTGIJFO_CDS_5232
SKTGIJFO_CDS_0274	SKTGIJFO_CDS_0274,SKTGIJFO_CDS_1555,SKTGIJFO_CDS_1383,SKTGIJFO_CDS_1213,SKTGIJFO_CDS_0715
SKTGIJFO_CDS_1057	SKTGIJFO_CDS_1057,SKTGIJFO_CDS_2308
SKTGIJFO_CDS_2405	SKTGIJFO_CDS_2405
SKTGIJFO_CDS_5240	SKTGIJFO_CDS_5240
SKTGIJFO_CDS_0403	SKTGIJFO_CDS_0403
SKTGIJFO_CDS_0841	SKTGIJFO_CDS_0841,SKTGIJFO_CDS_1779,SKTGIJFO_CDS_1689
SKTGIJFO_CDS_1106	SKTGIJFO_CDS_1106
SKTGIJFO_CDS_2446	SKTGIJFO_CDS_2446
SKTGIJFO_CDS_0981	SKTGIJFO_CDS_0981,SKTGIJFO_CDS_2232
SKTGIJFO_CDS_2332	SKTGIJFO_CDS_2332
SKTGIJFO_CDS_4901	SKTGIJFO_CDS_4901
SKTGIJFO_CDS_5189	SKTGIJFO_CDS_5189
SKTGIJFO_CDS_3916	SKTGIJFO_CDS_3916,SKTGIJFO_CDS_4756,SKTGIJFO_CDS_4337
SKTGIJFO_CDS_5185	SKTGIJFO_CDS_5185
SKTGIJFO_CDS_3354	SKTGIJFO_CDS_3354
SKTGIJFO_CDS_0431	SKTGIJFO_CDS_0431
SKTGIJFO_CDS_1055	SKTGIJFO_CDS_1055,SKTGIJFO_CDS_2306
SKTGIJFO_CDS_1133	SKTGIJFO_CDS_1133
SKTGIJFO_CDS_2333	SKTGIJFO_CDS_2333
SKTGIJFO_CDS_2403	SKTGIJFO_CDS_2403
SKTGIJFO_CDS_4927	SKTGIJFO_CDS_4927
SKTGIJFO_CDS_0246	SKTGIJFO_CDS_0246,SKTGIJFO_CDS_1185,SKTGIJFO_CDS_0687,SKTGIJFO_CDS_1355,SKTGIJFO_CDS_1527
SKTGIJFO_CDS_3580	SKTGIJFO_CDS_3580
SKTGIJFO_CDS_3731	SKTGIJFO_CDS_3731,SKTGIJFO_CDS_4569,SKTGIJFO_CDS_4150
SKTGIJFO_CDS_3816	SKTGIJFO_CDS_3816,SKTGIJFO_CDS_4235,SKTGIJFO_CDS_4653
SKTGIJFO_CDS_4417	SKTGIJFO_CDS_4417
SKTGIJFO_CDS_5117	SKTGIJFO_CDS_5117
SKTGIJFO_CDS_3195	SKTGIJFO_CDS_3195
SKTGIJFO_CDS_3707	SKTGIJFO_CDS_3707,SKTGIJFO_CDS_4545,SKTGIJFO_CDS_4126
SKTGIJFO_CDS_5078	SKTGIJFO_CDS_5078
SKTGIJFO_CDS_5166	SKTGIJFO_CDS_5166
SKTGIJFO_CDS_5186	SKTGIJFO_CDS_5186
SKTGIJFO_CDS_0002	SKTGIJFO_CDS_0002,SKTGIJFO_CDS_2227,SKTGIJFO_CDS_2032,SKTGIJFO_CDS_2029,SKTGIJFO_CDS_1836,SKTGIJFO_CDS_0198,SKTGIJFO_CDS_0639,SKTGIJFO_CDS_0443,SKTGIJFO_CDS_3523
SKTGIJFO_CDS_1040	SKTGIJFO_CDS_1040,SKTGIJFO_CDS_2291
SKTGIJFO_CDS_2388	SKTGIJFO_CDS_2388
SKTGIJFO_CDS_0824	SKTGIJFO_CDS_0824,SKTGIJFO_CDS_1763,SKTGIJFO_CDS_1672
SKTGIJFO_CDS_4874	SKTGIJFO_CDS_4874
SKTGIJFO_CDS_1723	SKTGIJFO_CDS_1723
SKTGIJFO_CDS_2358	SKTGIJFO_CDS_2358
SKTGIJFO_CDS_3288	SKTGIJFO_CDS_3288
SKTGIJFO_CDS_3594	SKTGIJFO_CDS_3594,SKTGIJFO_CDS_4014,SKTGIJFO_CDS_4429
SKTGIJFO_CDS_4949	SKTGIJFO_CDS_4949
SKTGIJFO_CDS_0019	SKTGIJFO_CDS_0019,SKTGIJFO_CDS_2049,SKTGIJFO_CDS_1853
SKTGIJFO_CDS_0459	SKTGIJFO_CDS_0459,SKTGIJFO_CDS_3017,SKTGIJFO_CDS_2821,SKTGIJFO_CDS_2636,SKTGIJFO_CDS_3210
SKTGIJFO_CDS_1032	SKTGIJFO_CDS_1032,SKTGIJFO_CDS_2283
SKTGIJFO_CDS_2379	SKTGIJFO_CDS_2379
SKTGIJFO_CDS_2380	SKTGIJFO_CDS_2380
SKTGIJFO_CDS_2606	SKTGIJFO_CDS_2606,SKTGIJFO_CDS_2792,SKTGIJFO_CDS_3180
SKTGIJFO_CDS_3301	SKTGIJFO_CDS_3301
SKTGIJFO_CDS_3538	SKTGIJFO_CDS_3538
SKTGIJFO_CDS_3865	SKTGIJFO_CDS_3865,SKTGIJFO_CDS_4703,SKTGIJFO_CDS_4284
SKTGIJFO_CDS_4814	SKTGIJFO_CDS_4814
SKTGIJFO_CDS_0237	SKTGIJFO_CDS_0237,SKTGIJFO_CDS_1176,SKTGIJFO_CDS_0677
SKTGIJFO_CDS_0837	SKTGIJFO_CDS_0837,SKTGIJFO_CDS_1685,SKTGIJFO_CDS_1776
SKTGIJFO_CDS_1346	SKTGIJFO_CDS_1346,SKTGIJFO_CDS_1518
SKTGIJFO_CDS_4853	SKTGIJFO_CDS_4853
SKTGIJFO_CDS_2331	SKTGIJFO_CDS_2331
SKTGIJFO_CDS_5135	SKTGIJFO_CDS_5135
SKTGIJFO_CDS_0821	SKTGIJFO_CDS_0821,SKTGIJFO_CDS_1760,SKTGIJFO_CDS_1669
SKTGIJFO_CDS_0921	SKTGIJFO_CDS_0921
SKTGIJFO_CDS_0979	SKTGIJFO_CDS_0979,SKTGIJFO_CDS_2230
SKTGIJFO_CDS_3183	SKTGIJFO_CDS_3183,SKTGIJFO_CDS_2987,SKTGIJFO_CDS_0184,SKTGIJFO_CDS_2214,SKTGIJFO_CDS_2017,SKTGIJFO_CDS_0625,SKTGIJFO_CDS_3505
SKTGIJFO_CDS_3723	SKTGIJFO_CDS_3723,SKTGIJFO_CDS_4561,SKTGIJFO_CDS_4142
SKTGIJFO_CDS_4938	SKTGIJFO_CDS_4938
SKTGIJFO_CDS_0472	SKTGIJFO_CDS_0472
SKTGIJFO_CDS_5074	SKTGIJFO_CDS_5074
SKTGIJFO_CDS_5217	SKTGIJFO_CDS_5217
SKTGIJFO_CDS_0069	SKTGIJFO_CDS_0069,SKTGIJFO_CDS_3068,SKTGIJFO_CDS_2873,SKTGIJFO_CDS_2688,SKTGIJFO_CDS_2502,SKTGIJFO_CDS_2100,SKTGIJFO_CDS_0510,SKTGIJFO_CDS_3389,SKTGIJFO_CDS_1903
SKTGIJFO_CDS_0127	SKTGIJFO_CDS_0127,SKTGIJFO_CDS_2746,SKTGIJFO_CDS_2560,SKTGIJFO_CDS_2157,SKTGIJFO_CDS_0567,SKTGIJFO_CDS_1960
SKTGIJFO_CDS_0248	SKTGIJFO_CDS_0248,SKTGIJFO_CDS_1187,SKTGIJFO_CDS_0689,SKTGIJFO_CDS_1357,SKTGIJFO_CDS_1529
SKTGIJFO_CDS_0323	SKTGIJFO_CDS_0323,SKTGIJFO_CDS_1604,SKTGIJFO_CDS_1432,SKTGIJFO_CDS_1262,SKTGIJFO_CDS_0756
SKTGIJFO_CDS_2929	SKTGIJFO_CDS_2929
SKTGIJFO_CDS_3123	SKTGIJFO_CDS_3123
SKTGIJFO_CDS_3447	SKTGIJFO_CDS_3447
SKTGIJFO_CDS_3812	SKTGIJFO_CDS_3812,SKTGIJFO_CDS_4649,SKTGIJFO_CDS_4231
SKTGIJFO_CDS_4402	SKTGIJFO_CDS_4402
SKTGIJFO_CDS_4828	SKTGIJFO_CDS_4828
SKTGIJFO_CDS_0034	SKTGIJFO_CDS_0034,SKTGIJFO_CDS_2064,SKTGIJFO_CDS_1868,SKTGIJFO_CDS_3225,SKTGIJFO_CDS_3553,SKTGIJFO_CDS_3032,SKTGIJFO_CDS_2836,SKTGIJFO_CDS_2651,SKTGIJFO_CDS_0474
SKTGIJFO_CDS_0035	SKTGIJFO_CDS_0035,SKTGIJFO_CDS_2065,SKTGIJFO_CDS_0475,SKTGIJFO_CDS_1869,SKTGIJFO_CDS_3226,SKTGIJFO_CDS_2837,SKTGIJFO_CDS_2652,SKTGIJFO_CDS_3033,SKTGIJFO_CDS_3554
SKTGIJFO_CDS_0089	SKTGIJFO_CDS_0089,SKTGIJFO_CDS_3088,SKTGIJFO_CDS_2708,SKTGIJFO_CDS_2522,SKTGIJFO_CDS_2120,SKTGIJFO_CDS_1923,SKTGIJFO_CDS_0530,SKTGIJFO_CDS_3409,SKTGIJFO_CDS_2893
SKTGIJFO_CDS_3260	SKTGIJFO_CDS_3260
SKTGIJFO_CDS_4863	SKTGIJFO_CDS_4863
SKTGIJFO_CDS_4933	SKTGIJFO_CDS_4933
SKTGIJFO_CDS_4939	SKTGIJFO_CDS_4939
SKTGIJFO_CDS_4980	SKTGIJFO_CDS_4980
SKTGIJFO_CDS_3279	SKTGIJFO_CDS_3279
SKTGIJFO_CDS_3912	SKTGIJFO_CDS_3912,SKTGIJFO_CDS_4752,SKTGIJFO_CDS_4333
SKTGIJFO_CDS_0032	SKTGIJFO_CDS_0032,SKTGIJFO_CDS_3223,SKTGIJFO_CDS_2062,SKTGIJFO_CDS_3551,SKTGIJFO_CDS_1866,SKTGIJFO_CDS_3030,SKTGIJFO_CDS_2834,SKTGIJFO_CDS_2649
SKTGIJFO_CDS_0338	SKTGIJFO_CDS_0338,SKTGIJFO_CDS_1619,SKTGIJFO_CDS_1447,SKTGIJFO_CDS_1278,SKTGIJFO_CDS_0771
SKTGIJFO_CDS_0423	SKTGIJFO_CDS_0423,SKTGIJFO_CDS_1124
SKTGIJFO_CDS_0826	SKTGIJFO_CDS_0826,SKTGIJFO_CDS_1765,SKTGIJFO_CDS_1674
SKTGIJFO_CDS_0897	SKTGIJFO_CDS_0897
SKTGIJFO_CDS_0939	SKTGIJFO_CDS_0939
SKTGIJFO_CDS_1054	SKTGIJFO_CDS_1054
SKTGIJFO_CDS_2305	SKTGIJFO_CDS_2305
SKTGIJFO_CDS_2402	SKTGIJFO_CDS_2402
SKTGIJFO_CDS_2409	SKTGIJFO_CDS_2409
SKTGIJFO_CDS_3302	SKTGIJFO_CDS_3302
SKTGIJFO_CDS_3758	SKTGIJFO_CDS_3758,SKTGIJFO_CDS_4595
SKTGIJFO_CDS_3985	SKTGIJFO_CDS_3985
SKTGIJFO_CDS_4944	SKTGIJFO_CDS_4944
SKTGIJFO_CDS_5109	SKTGIJFO_CDS_5109
SKTGIJFO_CDS_0811	SKTGIJFO_CDS_0811,SKTGIJFO_CDS_1750,SKTGIJFO_CDS_1659
SKTGIJFO_CDS_0846	SKTGIJFO_CDS_0846,SKTGIJFO_CDS_1695,SKTGIJFO_CDS_1784
SKTGIJFO_CDS_1031	SKTGIJFO_CDS_1031,SKTGIJFO_CDS_2282
SKTGIJFO_CDS_0048	SKTGIJFO_CDS_0048,SKTGIJFO_CDS_3365,SKTGIJFO_CDS_3240,SKTGIJFO_CDS_1882,SKTGIJFO_CDS_3048,SKTGIJFO_CDS_2078,SKTGIJFO_CDS_0489,SKTGIJFO_CDS_2851,SKTGIJFO_CDS_2666
SKTGIJFO_CDS_1144	SKTGIJFO_CDS_1144,SKTGIJFO_CDS_1486,SKTGIJFO_CDS_0643,SKTGIJFO_CDS_0202,SKTGIJFO_CDS_1317,SKTGIJFO_CDS_1655,SKTGIJFO_CDS_1314,SKTGIJFO_CDS_0807,SKTGIJFO_CDS_0371,SKTGIJFO_CDS_1483,SKTGIJFO_CDS_0203,SKTGIJFO_CDS_1487,SKTGIJFO_CDS_0644
SKTGIJFO_CDS_1195	SKTGIJFO_CDS_1195,SKTGIJFO_CDS_1537,SKTGIJFO_CDS_1365,SKTGIJFO_CDS_0256,SKTGIJFO_CDS_0697
SKTGIJFO_CDS_3724	SKTGIJFO_CDS_3724,SKTGIJFO_CDS_4562,SKTGIJFO_CDS_4143
SKTGIJFO_CDS_3911	SKTGIJFO_CDS_3911,SKTGIJFO_CDS_4751,SKTGIJFO_CDS_4332
SKTGIJFO_CDS_4871	SKTGIJFO_CDS_4871
SKTGIJFO_CDS_0359	SKTGIJFO_CDS_0359,SKTGIJFO_CDS_1643,SKTGIJFO_CDS_1302,SKTGIJFO_CDS_0795,SKTGIJFO_CDS_1471
SKTGIJFO_CDS_0425	SKTGIJFO_CDS_0425
SKTGIJFO_CDS_1126	SKTGIJFO_CDS_1126
SKTGIJFO_CDS_1509	SKTGIJFO_CDS_1509
SKTGIJFO_CDS_2266	SKTGIJFO_CDS_2266,SKTGIJFO_CDS_1015
SKTGIJFO_CDS_4294	SKTGIJFO_CDS_4294,SKTGIJFO_CDS_4713,SKTGIJFO_CDS_3875
SKTGIJFO_CDS_0106	SKTGIJFO_CDS_0106,SKTGIJFO_CDS_2910
SKTGIJFO_CDS_0398	SKTGIJFO_CDS_0398
SKTGIJFO_CDS_0892	SKTGIJFO_CDS_0892,SKTGIJFO_CDS_1834,SKTGIJFO_CDS_1745
SKTGIJFO_CDS_1101	SKTGIJFO_CDS_1101
SKTGIJFO_CDS_5031	SKTGIJFO_CDS_5031
SKTGIJFO_CDS_0383	SKTGIJFO_CDS_0383
SKTGIJFO_CDS_1039	SKTGIJFO_CDS_1039,SKTGIJFO_CDS_2290
SKTGIJFO_CDS_1087	SKTGIJFO_CDS_1087
SKTGIJFO_CDS_1333	SKTGIJFO_CDS_1333
SKTGIJFO_CDS_2387	SKTGIJFO_CDS_2387
SKTGIJFO_CDS_5090	SKTGIJFO_CDS_5090
SKTGIJFO_CDS_0828	SKTGIJFO_CDS_0828,SKTGIJFO_CDS_1767,SKTGIJFO_CDS_1676
SKTGIJFO_CDS_2887	SKTGIJFO_CDS_2887,SKTGIJFO_CDS_3403,SKTGIJFO_CDS_3082,SKTGIJFO_CDS_2702,SKTGIJFO_CDS_2516,SKTGIJFO_CDS_2114,SKTGIJFO_CDS_1917,SKTGIJFO_CDS_0524,SKTGIJFO_CDS_0083
SKTGIJFO_CDS_3944	SKTGIJFO_CDS_3944,SKTGIJFO_CDS_4363,SKTGIJFO_CDS_4780
SKTGIJFO_CDS_5098	SKTGIJFO_CDS_5098
SKTGIJFO_CDS_1044	SKTGIJFO_CDS_1044,SKTGIJFO_CDS_2295
SKTGIJFO_CDS_2392	SKTGIJFO_CDS_2392
SKTGIJFO_CDS_3808	SKTGIJFO_CDS_3808,SKTGIJFO_CDS_4645,SKTGIJFO_CDS_4227
SKTGIJFO_CDS_3834	SKTGIJFO_CDS_3834,SKTGIJFO_CDS_4671,SKTGIJFO_CDS_4253
SKTGIJFO_CDS_4848	SKTGIJFO_CDS_4848
SKTGIJFO_CDS_4963	SKTGIJFO_CDS_4963
SKTGIJFO_CDS_5070	SKTGIJFO_CDS_5070
SKTGIJFO_CDS_5145	SKTGIJFO_CDS_5145
SKTGIJFO_CDS_0855	SKTGIJFO_CDS_0855,SKTGIJFO_CDS_1793,SKTGIJFO_CDS_1705,SKTGIJFO_CDS_1704
SKTGIJFO_CDS_0873	SKTGIJFO_CDS_0873,SKTGIJFO_CDS_1726,SKTGIJFO_CDS_1815
SKTGIJFO_CDS_3623	SKTGIJFO_CDS_3623,SKTGIJFO_CDS_4044,SKTGIJFO_CDS_4459
SKTGIJFO_CDS_3664	SKTGIJFO_CDS_3664,SKTGIJFO_CDS_4499
SKTGIJFO_CDS_4898	SKTGIJFO_CDS_4898
SKTGIJFO_CDS_3290	SKTGIJFO_CDS_3290
SKTGIJFO_CDS_3377	SKTGIJFO_CDS_3377
SKTGIJFO_CDS_3854	SKTGIJFO_CDS_3854,SKTGIJFO_CDS_4692,SKTGIJFO_CDS_4274
SKTGIJFO_CDS_0071	SKTGIJFO_CDS_0071,SKTGIJFO_CDS_2102,SKTGIJFO_CDS_1905,SKTGIJFO_CDS_0512,SKTGIJFO_CDS_3070,SKTGIJFO_CDS_3391,SKTGIJFO_CDS_2875,SKTGIJFO_CDS_2690,SKTGIJFO_CDS_2504
SKTGIJFO_CDS_3277	SKTGIJFO_CDS_3277
SKTGIJFO_CDS_3773	SKTGIJFO_CDS_3773,SKTGIJFO_CDS_4192,SKTGIJFO_CDS_4610
SKTGIJFO_CDS_4877	SKTGIJFO_CDS_4877
SKTGIJFO_CDS_4886	SKTGIJFO_CDS_4886
SKTGIJFO_CDS_0276	SKTGIJFO_CDS_0276,SKTGIJFO_CDS_1557,SKTGIJFO_CDS_1385,SKTGIJFO_CDS_1215,SKTGIJFO_CDS_0717
SKTGIJFO_CDS_0310	SKTGIJFO_CDS_0310,SKTGIJFO_CDS_1591,SKTGIJFO_CDS_1419,SKTGIJFO_CDS_1249,SKTGIJFO_CDS_0743
SKTGIJFO_CDS_3592	SKTGIJFO_CDS_3592,SKTGIJFO_CDS_4427
SKTGIJFO_CDS_3644	SKTGIJFO_CDS_3644,SKTGIJFO_CDS_4479,SKTGIJFO_CDS_4065
SKTGIJFO_CDS_4012	SKTGIJFO_CDS_4012
SKTGIJFO_CDS_5076	SKTGIJFO_CDS_5076
SKTGIJFO_CDS_0360	SKTGIJFO_CDS_0360,SKTGIJFO_CDS_1472,SKTGIJFO_CDS_1644,SKTGIJFO_CDS_1303,SKTGIJFO_CDS_0796
SKTGIJFO_CDS_0858	SKTGIJFO_CDS_0858,SKTGIJFO_CDS_1708,SKTGIJFO_CDS_1796
SKTGIJFO_CDS_1505	SKTGIJFO_CDS_1505
SKTGIJFO_CDS_2377	SKTGIJFO_CDS_2377
SKTGIJFO_CDS_3504	SKTGIJFO_CDS_3504
SKTGIJFO_CDS_3590	SKTGIJFO_CDS_3590
SKTGIJFO_CDS_3637	SKTGIJFO_CDS_3637,SKTGIJFO_CDS_4472,SKTGIJFO_CDS_4057
SKTGIJFO_CDS_3708	SKTGIJFO_CDS_3708,SKTGIJFO_CDS_4546,SKTGIJFO_CDS_4127
SKTGIJFO_CDS_3774	SKTGIJFO_CDS_3774,SKTGIJFO_CDS_4611,SKTGIJFO_CDS_4193
SKTGIJFO_CDS_4010	SKTGIJFO_CDS_4010,SKTGIJFO_CDS_4425
SKTGIJFO_CDS_4869	SKTGIJFO_CDS_4869
SKTGIJFO_CDS_4879	SKTGIJFO_CDS_4879
SKTGIJFO_CDS_0161	SKTGIJFO_CDS_0161,SKTGIJFO_CDS_2191,SKTGIJFO_CDS_1994
SKTGIJFO_CDS_3278	SKTGIJFO_CDS_3278
SKTGIJFO_CDS_3611	SKTGIJFO_CDS_3611,SKTGIJFO_CDS_4445,SKTGIJFO_CDS_4030
SKTGIJFO_CDS_3640	SKTGIJFO_CDS_3640,SKTGIJFO_CDS_4475,SKTGIJFO_CDS_4061
SKTGIJFO_CDS_3960	SKTGIJFO_CDS_3960,SKTGIJFO_CDS_4796
SKTGIJFO_CDS_4379	SKTGIJFO_CDS_4379
SKTGIJFO_CDS_5032	SKTGIJFO_CDS_5032
SKTGIJFO_CDS_0929	SKTGIJFO_CDS_0929
SKTGIJFO_CDS_0935	SKTGIJFO_CDS_0935
SKTGIJFO_CDS_3300	SKTGIJFO_CDS_3300
SKTGIJFO_CDS_4813	SKTGIJFO_CDS_4813
SKTGIJFO_CDS_0890	SKTGIJFO_CDS_0890,SKTGIJFO_CDS_1832,SKTGIJFO_CDS_1743
SKTGIJFO_CDS_1665	SKTGIJFO_CDS_1665,SKTGIJFO_CDS_1756
SKTGIJFO_CDS_3593	SKTGIJFO_CDS_3593,SKTGIJFO_CDS_4428,SKTGIJFO_CDS_4013
SKTGIJFO_CDS_3801	SKTGIJFO_CDS_3801,SKTGIJFO_CDS_4638,SKTGIJFO_CDS_4220
SKTGIJFO_CDS_3811	SKTGIJFO_CDS_3811,SKTGIJFO_CDS_4648,SKTGIJFO_CDS_4230
SKTGIJFO_CDS_4812	SKTGIJFO_CDS_4812
SKTGIJFO_CDS_0017	SKTGIJFO_CDS_0017,SKTGIJFO_CDS_3015,SKTGIJFO_CDS_3208,SKTGIJFO_CDS_2047,SKTGIJFO_CDS_1851,SKTGIJFO_CDS_0457,SKTGIJFO_CDS_2819,SKTGIJFO_CDS_2634
SKTGIJFO_CDS_0277	SKTGIJFO_CDS_0277,SKTGIJFO_CDS_1558,SKTGIJFO_CDS_1386,SKTGIJFO_CDS_1216,SKTGIJFO_CDS_0718
SKTGIJFO_CDS_0278	SKTGIJFO_CDS_0278,SKTGIJFO_CDS_1559,SKTGIJFO_CDS_1387,SKTGIJFO_CDS_1217,SKTGIJFO_CDS_0719
SKTGIJFO_CDS_0940	SKTGIJFO_CDS_0940
SKTGIJFO_CDS_1038	SKTGIJFO_CDS_1038,SKTGIJFO_CDS_2289
SKTGIJFO_CDS_2386	SKTGIJFO_CDS_2386
SKTGIJFO_CDS_3472	SKTGIJFO_CDS_3472
SKTGIJFO_CDS_3536	SKTGIJFO_CDS_3536
SKTGIJFO_CDS_0228	SKTGIJFO_CDS_0228,SKTGIJFO_CDS_1337,SKTGIJFO_CDS_1167,SKTGIJFO_CDS_0668
SKTGIJFO_CDS_0249	SKTGIJFO_CDS_0249,SKTGIJFO_CDS_1188,SKTGIJFO_CDS_1358,SKTGIJFO_CDS_0690,SKTGIJFO_CDS_1530
SKTGIJFO_CDS_2423	SKTGIJFO_CDS_2423
SKTGIJFO_CDS_2461	SKTGIJFO_CDS_2461
SKTGIJFO_CDS_3691	SKTGIJFO_CDS_3691,SKTGIJFO_CDS_4526,SKTGIJFO_CDS_4110
SKTGIJFO_CDS_4839	SKTGIJFO_CDS_4839
SKTGIJFO_CDS_4915	SKTGIJFO_CDS_4915
SKTGIJFO_CDS_0342	SKTGIJFO_CDS_0342,SKTGIJFO_CDS_1623,SKTGIJFO_CDS_1451,SKTGIJFO_CDS_1282,SKTGIJFO_CDS_0775
SKTGIJFO_CDS_0971	SKTGIJFO_CDS_0971
SKTGIJFO_CDS_3050	SKTGIJFO_CDS_3050,SKTGIJFO_CDS_3367,SKTGIJFO_CDS_3242,SKTGIJFO_CDS_2853,SKTGIJFO_CDS_2668,SKTGIJFO_CDS_2080,SKTGIJFO_CDS_1884,SKTGIJFO_CDS_0491,SKTGIJFO_CDS_0050
SKTGIJFO_CDS_3503	SKTGIJFO_CDS_3503
SKTGIJFO_CDS_3849	SKTGIJFO_CDS_3849,SKTGIJFO_CDS_4269,SKTGIJFO_CDS_4687
SKTGIJFO_CDS_0817	SKTGIJFO_CDS_0817
SKTGIJFO_CDS_2480	SKTGIJFO_CDS_2480
SKTGIJFO_CDS_3890	SKTGIJFO_CDS_3890,SKTGIJFO_CDS_4728,SKTGIJFO_CDS_4309
SKTGIJFO_CDS_4177	SKTGIJFO_CDS_4177
SKTGIJFO_CDS_4966	SKTGIJFO_CDS_4966
SKTGIJFO_CDS_5014	SKTGIJFO_CDS_5014
SKTGIJFO_CDS_5073	SKTGIJFO_CDS_5073
SKTGIJFO_CDS_5218	SKTGIJFO_CDS_5218
SKTGIJFO_CDS_1510	SKTGIJFO_CDS_1510
SKTGIJFO_CDS_0219	SKTGIJFO_CDS_0219,SKTGIJFO_CDS_1158,SKTGIJFO_CDS_0660
SKTGIJFO_CDS_3293	SKTGIJFO_CDS_3293
SKTGIJFO_CDS_3743	SKTGIJFO_CDS_3743,SKTGIJFO_CDS_4581,SKTGIJFO_CDS_4162
SKTGIJFO_CDS_3814	SKTGIJFO_CDS_3814,SKTGIJFO_CDS_4651,SKTGIJFO_CDS_4233
SKTGIJFO_CDS_3860	SKTGIJFO_CDS_3860,SKTGIJFO_CDS_4698,SKTGIJFO_CDS_4279
SKTGIJFO_CDS_4976	SKTGIJFO_CDS_4976
SKTGIJFO_CDS_5005	SKTGIJFO_CDS_5005
SKTGIJFO_CDS_0151	SKTGIJFO_CDS_0151,SKTGIJFO_CDS_2181,SKTGIJFO_CDS_1984,SKTGIJFO_CDS_3147,SKTGIJFO_CDS_0591,SKTGIJFO_CDS_2953
SKTGIJFO_CDS_0223	SKTGIJFO_CDS_0223,SKTGIJFO_CDS_1162,SKTGIJFO_CDS_0664
SKTGIJFO_CDS_0245	SKTGIJFO_CDS_0245,SKTGIJFO_CDS_1184,SKTGIJFO_CDS_0686,SKTGIJFO_CDS_1354,SKTGIJFO_CDS_1526
SKTGIJFO_CDS_0271	SKTGIJFO_CDS_0271,SKTGIJFO_CDS_1552,SKTGIJFO_CDS_1380,SKTGIJFO_CDS_1210,SKTGIJFO_CDS_0712
SKTGIJFO_CDS_2584	SKTGIJFO_CDS_2584,SKTGIJFO_CDS_2770
SKTGIJFO_CDS_3102	SKTGIJFO_CDS_3102,SKTGIJFO_CDS_2908,SKTGIJFO_CDS_0104
SKTGIJFO_CDS_0334	SKTGIJFO_CDS_0334,SKTGIJFO_CDS_1615,SKTGIJFO_CDS_1443,SKTGIJFO_CDS_0767,SKTGIJFO_CDS_1273,SKTGIJFO_CDS_1274
SKTGIJFO_CDS_3687	SKTGIJFO_CDS_3687
SKTGIJFO_CDS_3815	SKTGIJFO_CDS_3815,SKTGIJFO_CDS_4652,SKTGIJFO_CDS_4234
SKTGIJFO_CDS_3958	SKTGIJFO_CDS_3958,SKTGIJFO_CDS_4794,SKTGIJFO_CDS_4377
SKTGIJFO_CDS_4106	SKTGIJFO_CDS_4106,SKTGIJFO_CDS_4522
SKTGIJFO_CDS_5007	SKTGIJFO_CDS_5007
SKTGIJFO_CDS_5077	SKTGIJFO_CDS_5077
SKTGIJFO_CDS_0022	SKTGIJFO_CDS_0022,SKTGIJFO_CDS_2052,SKTGIJFO_CDS_3020,SKTGIJFO_CDS_2824,SKTGIJFO_CDS_2639,SKTGIJFO_CDS_3213,SKTGIJFO_CDS_1856,SKTGIJFO_CDS_0462
SKTGIJFO_CDS_0074	SKTGIJFO_CDS_0074,SKTGIJFO_CDS_3394,SKTGIJFO_CDS_3073,SKTGIJFO_CDS_2878,SKTGIJFO_CDS_2693,SKTGIJFO_CDS_2507,SKTGIJFO_CDS_2105,SKTGIJFO_CDS_1908,SKTGIJFO_CDS_0515
SKTGIJFO_CDS_0118	SKTGIJFO_CDS_0118,SKTGIJFO_CDS_2737,SKTGIJFO_CDS_2551
SKTGIJFO_CDS_0343	SKTGIJFO_CDS_0343,SKTGIJFO_CDS_1624,SKTGIJFO_CDS_1452,SKTGIJFO_CDS_1283,SKTGIJFO_CDS_0776
SKTGIJFO_CDS_2609	SKTGIJFO_CDS_2609,SKTGIJFO_CDS_3182
SKTGIJFO_CDS_3099	SKTGIJFO_CDS_3099,SKTGIJFO_CDS_3421,SKTGIJFO_CDS_2131,SKTGIJFO_CDS_1934,SKTGIJFO_CDS_0541,SKTGIJFO_CDS_2132,SKTGIJFO_CDS_1935,SKTGIJFO_CDS_0542,SKTGIJFO_CDS_2905,SKTGIJFO_CDS_2720,SKTGIJFO_CDS_2534
SKTGIJFO_CDS_3275	SKTGIJFO_CDS_3275
SKTGIJFO_CDS_3541	SKTGIJFO_CDS_3541
SKTGIJFO_CDS_3576	SKTGIJFO_CDS_3576,SKTGIJFO_CDS_4414,SKTGIJFO_CDS_3997
SKTGIJFO_CDS_4928	SKTGIJFO_CDS_4928
SKTGIJFO_CDS_4956	SKTGIJFO_CDS_4956
SKTGIJFO_CDS_5095	SKTGIJFO_CDS_5095
SKTGIJFO_CDS_0065	SKTGIJFO_CDS_0065,SKTGIJFO_CDS_3064,SKTGIJFO_CDS_2869,SKTGIJFO_CDS_2684,SKTGIJFO_CDS_2498,SKTGIJFO_CDS_2096,SKTGIJFO_CDS_3385,SKTGIJFO_CDS_1899,SKTGIJFO_CDS_0506
SKTGIJFO_CDS_0227	SKTGIJFO_CDS_0227,SKTGIJFO_CDS_1336,SKTGIJFO_CDS_1166,SKTGIJFO_CDS_0667
SKTGIJFO_CDS_0889	SKTGIJFO_CDS_0889,SKTGIJFO_CDS_1742,SKTGIJFO_CDS_1831
SKTGIJFO_CDS_3481	SKTGIJFO_CDS_3481
SKTGIJFO_CDS_3721	SKTGIJFO_CDS_3721,SKTGIJFO_CDS_4559,SKTGIJFO_CDS_4140
SKTGIJFO_CDS_4873	SKTGIJFO_CDS_4873
SKTGIJFO_CDS_4986	SKTGIJFO_CDS_4986
SKTGIJFO_CDS_5063	SKTGIJFO_CDS_5063
SKTGIJFO_CDS_0417	SKTGIJFO_CDS_0417
SKTGIJFO_CDS_0602	SKTGIJFO_CDS_0602,SKTGIJFO_CDS_3158,SKTGIJFO_CDS_2963,SKTGIJFO_CDS_2779,SKTGIJFO_CDS_2593
SKTGIJFO_CDS_1118	SKTGIJFO_CDS_1118
SKTGIJFO_CDS_2477	SKTGIJFO_CDS_2477
SKTGIJFO_CDS_3665	SKTGIJFO_CDS_3665,SKTGIJFO_CDS_4500
SKTGIJFO_CDS_3786	SKTGIJFO_CDS_3786,SKTGIJFO_CDS_4623,SKTGIJFO_CDS_4205
SKTGIJFO_CDS_3957	SKTGIJFO_CDS_3957,SKTGIJFO_CDS_4793,SKTGIJFO_CDS_4376
SKTGIJFO_CDS_5130	SKTGIJFO_CDS_5130
SKTGIJFO_CDS_0061	SKTGIJFO_CDS_0061,SKTGIJFO_CDS_3381,SKTGIJFO_CDS_3060,SKTGIJFO_CDS_1895,SKTGIJFO_CDS_0502,SKTGIJFO_CDS_2865,SKTGIJFO_CDS_2680,SKTGIJFO_CDS_2494,SKTGIJFO_CDS_2092
SKTGIJFO_CDS_2456	SKTGIJFO_CDS_2456
SKTGIJFO_CDS_3716	SKTGIJFO_CDS_3716,SKTGIJFO_CDS_4554,SKTGIJFO_CDS_4135
SKTGIJFO_CDS_3739	SKTGIJFO_CDS_3739,SKTGIJFO_CDS_4577,SKTGIJFO_CDS_4158
SKTGIJFO_CDS_4846	SKTGIJFO_CDS_4846
SKTGIJFO_CDS_5205	SKTGIJFO_CDS_5205
SKTGIJFO_CDS_0272	SKTGIJFO_CDS_0272,SKTGIJFO_CDS_1553,SKTGIJFO_CDS_1381,SKTGIJFO_CDS_1211,SKTGIJFO_CDS_0713
SKTGIJFO_CDS_1029	SKTGIJFO_CDS_1029,SKTGIJFO_CDS_2280
SKTGIJFO_CDS_1870	SKTGIJFO_CDS_1870
SKTGIJFO_CDS_2457	SKTGIJFO_CDS_2457
SKTGIJFO_CDS_3352	SKTGIJFO_CDS_3352
SKTGIJFO_CDS_3701	SKTGIJFO_CDS_3701,SKTGIJFO_CDS_4120,SKTGIJFO_CDS_4539
SKTGIJFO_CDS_4089	SKTGIJFO_CDS_4089,SKTGIJFO_CDS_4505
SKTGIJFO_CDS_4854	SKTGIJFO_CDS_4854
SKTGIJFO_CDS_2653	SKTGIJFO_CDS_2653,SKTGIJFO_CDS_3227,SKTGIJFO_CDS_2838
SKTGIJFO_CDS_3034	SKTGIJFO_CDS_3034
SKTGIJFO_CDS_3636	SKTGIJFO_CDS_3636,SKTGIJFO_CDS_4471,SKTGIJFO_CDS_4056,SKTGIJFO_CDS_4055
SKTGIJFO_CDS_4335	SKTGIJFO_CDS_4335,SKTGIJFO_CDS_4754
SKTGIJFO_CDS_4991	SKTGIJFO_CDS_4991
SKTGIJFO_CDS_0036	SKTGIJFO_CDS_0036,SKTGIJFO_CDS_0476,SKTGIJFO_CDS_2066
SKTGIJFO_CDS_0130	SKTGIJFO_CDS_0130,SKTGIJFO_CDS_2932,SKTGIJFO_CDS_2160,SKTGIJFO_CDS_1963,SKTGIJFO_CDS_0570,SKTGIJFO_CDS_2749,SKTGIJFO_CDS_2563,SKTGIJFO_CDS_3126
SKTGIJFO_CDS_2986	SKTGIJFO_CDS_2986
SKTGIJFO_CDS_3511	SKTGIJFO_CDS_3511
SKTGIJFO_CDS_3555	SKTGIJFO_CDS_3555
SKTGIJFO_CDS_3641	SKTGIJFO_CDS_3641,SKTGIJFO_CDS_4476,SKTGIJFO_CDS_4062
SKTGIJFO_CDS_4875	SKTGIJFO_CDS_4875
SKTGIJFO_CDS_4981	SKTGIJFO_CDS_4981
SKTGIJFO_CDS_0429	SKTGIJFO_CDS_0429,SKTGIJFO_CDS_1131
SKTGIJFO_CDS_0972	SKTGIJFO_CDS_0972
SKTGIJFO_CDS_1073	SKTGIJFO_CDS_1073
SKTGIJFO_CDS_1806	SKTGIJFO_CDS_1806
SKTGIJFO_CDS_3946	SKTGIJFO_CDS_3946,SKTGIJFO_CDS_4782,SKTGIJFO_CDS_4365
SKTGIJFO_CDS_4878	SKTGIJFO_CDS_4878
SKTGIJFO_CDS_4920	SKTGIJFO_CDS_4920
SKTGIJFO_CDS_5049	SKTGIJFO_CDS_5049
SKTGIJFO_CDS_5237	SKTGIJFO_CDS_5237
SKTGIJFO_CDS_3675	SKTGIJFO_CDS_3675,SKTGIJFO_CDS_4510,SKTGIJFO_CDS_4094
SKTGIJFO_CDS_4876	SKTGIJFO_CDS_4876
SKTGIJFO_CDS_4924	SKTGIJFO_CDS_4924
SKTGIJFO_CDS_0187	SKTGIJFO_CDS_0187,SKTGIJFO_CDS_2217,SKTGIJFO_CDS_2020,SKTGIJFO_CDS_0628,SKTGIJFO_CDS_2611,SKTGIJFO_CDS_2991,SKTGIJFO_CDS_2796
SKTGIJFO_CDS_0253	SKTGIJFO_CDS_0253
SKTGIJFO_CDS_1034	SKTGIJFO_CDS_1034,SKTGIJFO_CDS_2285
SKTGIJFO_CDS_2382	SKTGIJFO_CDS_2382
SKTGIJFO_CDS_3186	SKTGIJFO_CDS_3186
SKTGIJFO_CDS_3603	SKTGIJFO_CDS_3603,SKTGIJFO_CDS_4438,SKTGIJFO_CDS_4023
SKTGIJFO_CDS_3670	SKTGIJFO_CDS_3670
SKTGIJFO_CDS_3832	SKTGIJFO_CDS_3832,SKTGIJFO_CDS_4669,SKTGIJFO_CDS_4251
SKTGIJFO_CDS_3914	SKTGIJFO_CDS_3914
SKTGIJFO_CDS_4940	SKTGIJFO_CDS_4940
SKTGIJFO_CDS_5204	SKTGIJFO_CDS_5204
SKTGIJFO_CDS_0833	SKTGIJFO_CDS_0833,SKTGIJFO_CDS_1681,SKTGIJFO_CDS_1772
SKTGIJFO_CDS_0942	SKTGIJFO_CDS_0942
SKTGIJFO_CDS_2322	SKTGIJFO_CDS_2322,SKTGIJFO_CDS_2426
SKTGIJFO_CDS_2454	SKTGIJFO_CDS_2454
SKTGIJFO_CDS_3881	SKTGIJFO_CDS_3881,SKTGIJFO_CDS_4300,SKTGIJFO_CDS_4719
SKTGIJFO_CDS_4923	SKTGIJFO_CDS_4923
SKTGIJFO_CDS_4935	SKTGIJFO_CDS_4935
SKTGIJFO_CDS_4968	SKTGIJFO_CDS_4968
SKTGIJFO_CDS_0267	SKTGIJFO_CDS_0267,SKTGIJFO_CDS_0708,SKTGIJFO_CDS_1376,SKTGIJFO_CDS_1206,SKTGIJFO_CDS_1548
SKTGIJFO_CDS_3577	SKTGIJFO_CDS_3577
SKTGIJFO_CDS_3656	SKTGIJFO_CDS_3656,SKTGIJFO_CDS_4491,SKTGIJFO_CDS_4077
SKTGIJFO_CDS_3859	SKTGIJFO_CDS_3859,SKTGIJFO_CDS_4278,SKTGIJFO_CDS_4697
SKTGIJFO_CDS_4872	SKTGIJFO_CDS_4872
SKTGIJFO_CDS_0091	SKTGIJFO_CDS_0091,SKTGIJFO_CDS_2122,SKTGIJFO_CDS_1925,SKTGIJFO_CDS_0532,SKTGIJFO_CDS_3090,SKTGIJFO_CDS_2895,SKTGIJFO_CDS_2710,SKTGIJFO_CDS_2524,SKTGIJFO_CDS_3411
SKTGIJFO_CDS_0183	SKTGIJFO_CDS_0183,SKTGIJFO_CDS_2213,SKTGIJFO_CDS_2016,SKTGIJFO_CDS_0624
SKTGIJFO_CDS_0871	SKTGIJFO_CDS_0871,SKTGIJFO_CDS_1813,SKTGIJFO_CDS_1724
SKTGIJFO_CDS_3261	SKTGIJFO_CDS_3261
SKTGIJFO_CDS_3827	SKTGIJFO_CDS_3827,SKTGIJFO_CDS_4246,SKTGIJFO_CDS_4664
SKTGIJFO_CDS_4919	SKTGIJFO_CDS_4919
SKTGIJFO_CDS_0411	SKTGIJFO_CDS_0411
SKTGIJFO_CDS_0784	SKTGIJFO_CDS_0784,SKTGIJFO_CDS_1632,SKTGIJFO_CDS_1291
SKTGIJFO_CDS_0825	SKTGIJFO_CDS_0825,SKTGIJFO_CDS_1673,SKTGIJFO_CDS_1764
SKTGIJFO_CDS_3312	SKTGIJFO_CDS_3312
SKTGIJFO_CDS_3642	SKTGIJFO_CDS_3642,SKTGIJFO_CDS_4477,SKTGIJFO_CDS_4063
SKTGIJFO_CDS_3752	SKTGIJFO_CDS_3752
SKTGIJFO_CDS_3771	SKTGIJFO_CDS_3771,SKTGIJFO_CDS_4608,SKTGIJFO_CDS_4190
SKTGIJFO_CDS_4171	SKTGIJFO_CDS_4171,SKTGIJFO_CDS_4589
SKTGIJFO_CDS_4891	SKTGIJFO_CDS_4891
SKTGIJFO_CDS_5153	SKTGIJFO_CDS_5153
SKTGIJFO_CDS_0694	SKTGIJFO_CDS_0694,SKTGIJFO_CDS_1362,SKTGIJFO_CDS_1534,SKTGIJFO_CDS_1192
SKTGIJFO_CDS_0878	SKTGIJFO_CDS_0878,SKTGIJFO_CDS_1731,SKTGIJFO_CDS_1820
SKTGIJFO_CDS_1008	SKTGIJFO_CDS_1008,SKTGIJFO_CDS_2259
SKTGIJFO_CDS_1028	SKTGIJFO_CDS_1028,SKTGIJFO_CDS_2279
SKTGIJFO_CDS_2357	SKTGIJFO_CDS_2357
SKTGIJFO_CDS_2376	SKTGIJFO_CDS_2376
SKTGIJFO_CDS_3259	SKTGIJFO_CDS_3259
SKTGIJFO_CDS_3450	SKTGIJFO_CDS_3450
SKTGIJFO_CDS_3685	SKTGIJFO_CDS_3685,SKTGIJFO_CDS_4520,SKTGIJFO_CDS_4104
SKTGIJFO_CDS_3981	SKTGIJFO_CDS_3981
SKTGIJFO_CDS_5034	SKTGIJFO_CDS_5034
SKTGIJFO_CDS_0958	SKTGIJFO_CDS_0958
SKTGIJFO_CDS_2435	SKTGIJFO_CDS_2435
SKTGIJFO_CDS_3666	SKTGIJFO_CDS_3666,SKTGIJFO_CDS_4501,SKTGIJFO_CDS_4085
SKTGIJFO_CDS_3682	SKTGIJFO_CDS_3682,SKTGIJFO_CDS_4517,SKTGIJFO_CDS_4101
SKTGIJFO_CDS_3711	SKTGIJFO_CDS_3711,SKTGIJFO_CDS_4549,SKTGIJFO_CDS_4130
SKTGIJFO_CDS_3945	SKTGIJFO_CDS_3945,SKTGIJFO_CDS_4781,SKTGIJFO_CDS_4364
SKTGIJFO_CDS_4829	SKTGIJFO_CDS_4829
SKTGIJFO_CDS_4962	SKTGIJFO_CDS_4962
SKTGIJFO_CDS_5207	SKTGIJFO_CDS_5207
SKTGIJFO_CDS_0018	SKTGIJFO_CDS_0018,SKTGIJFO_CDS_2048,SKTGIJFO_CDS_1852,SKTGIJFO_CDS_3537
SKTGIJFO_CDS_0033	SKTGIJFO_CDS_0033,SKTGIJFO_CDS_3224,SKTGIJFO_CDS_2063,SKTGIJFO_CDS_1867,SKTGIJFO_CDS_3552,SKTGIJFO_CDS_2835,SKTGIJFO_CDS_2650
SKTGIJFO_CDS_0204	SKTGIJFO_CDS_0204,SKTGIJFO_CDS_1488,SKTGIJFO_CDS_1145,SKTGIJFO_CDS_1318,SKTGIJFO_CDS_0645,SKTGIJFO_CDS_0646
SKTGIJFO_CDS_0458	SKTGIJFO_CDS_0458
SKTGIJFO_CDS_0473	SKTGIJFO_CDS_0473
SKTGIJFO_CDS_1037	SKTGIJFO_CDS_1037,SKTGIJFO_CDS_2288
SKTGIJFO_CDS_2635	SKTGIJFO_CDS_2635,SKTGIJFO_CDS_2820,SKTGIJFO_CDS_3016,SKTGIJFO_CDS_3209
SKTGIJFO_CDS_3031	SKTGIJFO_CDS_3031
SKTGIJFO_CDS_3339	SKTGIJFO_CDS_3339
SKTGIJFO_CDS_3655	SKTGIJFO_CDS_3655,SKTGIJFO_CDS_4490,SKTGIJFO_CDS_4076
SKTGIJFO_CDS_3742	SKTGIJFO_CDS_3742,SKTGIJFO_CDS_4580,SKTGIJFO_CDS_4161
SKTGIJFO_CDS_5004	SKTGIJFO_CDS_5004
SKTGIJFO_CDS_5133	SKTGIJFO_CDS_5133
SKTGIJFO_CDS_0240	SKTGIJFO_CDS_0240,SKTGIJFO_CDS_1179,SKTGIJFO_CDS_0680
SKTGIJFO_CDS_1041	SKTGIJFO_CDS_1041,SKTGIJFO_CDS_2292
SKTGIJFO_CDS_1049	SKTGIJFO_CDS_1049,SKTGIJFO_CDS_2300
SKTGIJFO_CDS_1349	SKTGIJFO_CDS_1349
SKTGIJFO_CDS_1521	SKTGIJFO_CDS_1521
SKTGIJFO_CDS_1694	SKTGIJFO_CDS_1694
SKTGIJFO_CDS_2385	SKTGIJFO_CDS_2385
SKTGIJFO_CDS_2389	SKTGIJFO_CDS_2389
SKTGIJFO_CDS_2397	SKTGIJFO_CDS_2397
SKTGIJFO_CDS_3268	SKTGIJFO_CDS_3268
SKTGIJFO_CDS_3776	SKTGIJFO_CDS_3776,SKTGIJFO_CDS_4613,SKTGIJFO_CDS_4195
SKTGIJFO_CDS_3950	SKTGIJFO_CDS_3950,SKTGIJFO_CDS_4786,SKTGIJFO_CDS_4369
SKTGIJFO_CDS_5088	SKTGIJFO_CDS_5088
SKTGIJFO_CDS_5129	SKTGIJFO_CDS_5129
SKTGIJFO_CDS_5215	SKTGIJFO_CDS_5215
SKTGIJFO_CDS_0264	SKTGIJFO_CDS_0264,SKTGIJFO_CDS_1545,SKTGIJFO_CDS_1373,SKTGIJFO_CDS_1203,SKTGIJFO_CDS_0705
SKTGIJFO_CDS_0820	SKTGIJFO_CDS_0820,SKTGIJFO_CDS_1759,SKTGIJFO_CDS_1668
SKTGIJFO_CDS_0829	SKTGIJFO_CDS_0829,SKTGIJFO_CDS_1677,SKTGIJFO_CDS_1768
SKTGIJFO_CDS_0912	SKTGIJFO_CDS_0912
SKTGIJFO_CDS_3249	SKTGIJFO_CDS_3249
SKTGIJFO_CDS_3919	SKTGIJFO_CDS_3919,SKTGIJFO_CDS_4757
SKTGIJFO_CDS_4338	SKTGIJFO_CDS_4338
SKTGIJFO_CDS_4903	SKTGIJFO_CDS_4903
SKTGIJFO_CDS_4904	SKTGIJFO_CDS_4904
SKTGIJFO_CDS_4989	SKTGIJFO_CDS_4989
SKTGIJFO_CDS_5202	SKTGIJFO_CDS_5202
SKTGIJFO_CDS_0110	SKTGIJFO_CDS_0110,SKTGIJFO_CDS_3108,SKTGIJFO_CDS_2729,SKTGIJFO_CDS_2543,SKTGIJFO_CDS_2914,SKTGIJFO_CDS_2142,SKTGIJFO_CDS_0552,SKTGIJFO_CDS_1945
SKTGIJFO_CDS_0449	SKTGIJFO_CDS_0449,SKTGIJFO_CDS_3529,SKTGIJFO_CDS_3200,SKTGIJFO_CDS_2810,SKTGIJFO_CDS_2625,SKTGIJFO_CDS_2038,SKTGIJFO_CDS_1842,SKTGIJFO_CDS_3007,SKTGIJFO_CDS_0008
SKTGIJFO_CDS_1068	SKTGIJFO_CDS_1068
SKTGIJFO_CDS_3431	SKTGIJFO_CDS_3431
SKTGIJFO_CDS_3852	SKTGIJFO_CDS_3852,SKTGIJFO_CDS_4272,SKTGIJFO_CDS_4690
SKTGIJFO_CDS_3863	SKTGIJFO_CDS_3863,SKTGIJFO_CDS_4701,SKTGIJFO_CDS_4282
SKTGIJFO_CDS_4082	SKTGIJFO_CDS_4082
SKTGIJFO_CDS_4856	SKTGIJFO_CDS_4856
SKTGIJFO_CDS_4895	SKTGIJFO_CDS_4895
SKTGIJFO_CDS_4917	SKTGIJFO_CDS_4917
SKTGIJFO_CDS_4984	SKTGIJFO_CDS_4984
SKTGIJFO_CDS_5050	SKTGIJFO_CDS_5050
SKTGIJFO_CDS_5188	SKTGIJFO_CDS_5188
SKTGIJFO_CDS_5196	SKTGIJFO_CDS_5196
SKTGIJFO_CDS_5219	SKTGIJFO_CDS_5219
SKTGIJFO_CDS_0297	SKTGIJFO_CDS_0297,SKTGIJFO_CDS_1578,SKTGIJFO_CDS_1406,SKTGIJFO_CDS_1236,SKTGIJFO_CDS_0738
SKTGIJFO_CDS_0394	SKTGIJFO_CDS_0394
SKTGIJFO_CDS_0991	SKTGIJFO_CDS_0991,SKTGIJFO_CDS_2242,SKTGIJFO_CDS_2341,SKTGIJFO_CDS_2342
SKTGIJFO_CDS_3546	SKTGIJFO_CDS_3546
SKTGIJFO_CDS_3658	SKTGIJFO_CDS_3658,SKTGIJFO_CDS_4493,SKTGIJFO_CDS_4079
SKTGIJFO_CDS_3663	SKTGIJFO_CDS_3663,SKTGIJFO_CDS_4498
SKTGIJFO_CDS_3726	SKTGIJFO_CDS_3726,SKTGIJFO_CDS_4145,SKTGIJFO_CDS_4564
SKTGIJFO_CDS_3794	SKTGIJFO_CDS_3794,SKTGIJFO_CDS_4631,SKTGIJFO_CDS_4213
SKTGIJFO_CDS_5012	SKTGIJFO_CDS_5012
SKTGIJFO_CDS_5105	SKTGIJFO_CDS_5105
SKTGIJFO_CDS_0027	SKTGIJFO_CDS_0027,SKTGIJFO_CDS_2057
SKTGIJFO_CDS_0293	SKTGIJFO_CDS_0293,SKTGIJFO_CDS_1574,SKTGIJFO_CDS_1232,SKTGIJFO_CDS_0734,SKTGIJFO_CDS_1402
SKTGIJFO_CDS_0467	SKTGIJFO_CDS_0467,SKTGIJFO_CDS_1861
SKTGIJFO_CDS_1059	SKTGIJFO_CDS_1059,SKTGIJFO_CDS_2310
SKTGIJFO_CDS_1097	SKTGIJFO_CDS_1097
SKTGIJFO_CDS_2407	SKTGIJFO_CDS_2407
SKTGIJFO_CDS_2476	SKTGIJFO_CDS_2476
SKTGIJFO_CDS_2644	SKTGIJFO_CDS_2644,SKTGIJFO_CDS_2829,SKTGIJFO_CDS_3218
SKTGIJFO_CDS_3025	SKTGIJFO_CDS_3025
SKTGIJFO_CDS_3942	SKTGIJFO_CDS_3942,SKTGIJFO_CDS_4778,SKTGIJFO_CDS_4361
SKTGIJFO_CDS_4401	SKTGIJFO_CDS_4401
SKTGIJFO_CDS_4995	SKTGIJFO_CDS_4995
SKTGIJFO_CDS_5201	SKTGIJFO_CDS_5201
SKTGIJFO_CDS_0358	SKTGIJFO_CDS_0358,SKTGIJFO_CDS_1470,SKTGIJFO_CDS_0794,SKTGIJFO_CDS_1301,SKTGIJFO_CDS_1642
SKTGIJFO_CDS_0437	SKTGIJFO_CDS_0437
SKTGIJFO_CDS_2367	SKTGIJFO_CDS_2367
SKTGIJFO_CDS_2444	SKTGIJFO_CDS_2444
SKTGIJFO_CDS_3600	SKTGIJFO_CDS_3600,SKTGIJFO_CDS_4435,SKTGIJFO_CDS_4020
SKTGIJFO_CDS_3628	SKTGIJFO_CDS_3628,SKTGIJFO_CDS_4463,SKTGIJFO_CDS_4048
SKTGIJFO_CDS_4820	SKTGIJFO_CDS_4820
SKTGIJFO_CDS_0007	SKTGIJFO_CDS_0007,SKTGIJFO_CDS_2037,SKTGIJFO_CDS_1841,SKTGIJFO_CDS_0448,SKTGIJFO_CDS_2809,SKTGIJFO_CDS_2624
SKTGIJFO_CDS_0063	SKTGIJFO_CDS_0063,SKTGIJFO_CDS_3383,SKTGIJFO_CDS_3062,SKTGIJFO_CDS_1897,SKTGIJFO_CDS_0504,SKTGIJFO_CDS_2867,SKTGIJFO_CDS_2682,SKTGIJFO_CDS_2496,SKTGIJFO_CDS_2094
SKTGIJFO_CDS_0876	SKTGIJFO_CDS_0876,SKTGIJFO_CDS_1729,SKTGIJFO_CDS_1818
SKTGIJFO_CDS_2437	SKTGIJFO_CDS_2437
SKTGIJFO_CDS_3619	SKTGIJFO_CDS_3619,SKTGIJFO_CDS_4455,SKTGIJFO_CDS_4040
SKTGIJFO_CDS_3913	SKTGIJFO_CDS_3913,SKTGIJFO_CDS_4753,SKTGIJFO_CDS_4334
SKTGIJFO_CDS_5054	SKTGIJFO_CDS_5054
SKTGIJFO_CDS_5056	SKTGIJFO_CDS_5056
SKTGIJFO_CDS_5091	SKTGIJFO_CDS_5091
SKTGIJFO_CDS_0029	SKTGIJFO_CDS_0029,SKTGIJFO_CDS_3220,SKTGIJFO_CDS_2059,SKTGIJFO_CDS_2831,SKTGIJFO_CDS_2646,SKTGIJFO_CDS_3548,SKTGIJFO_CDS_3027,SKTGIJFO_CDS_1863,SKTGIJFO_CDS_0469
SKTGIJFO_CDS_2453	SKTGIJFO_CDS_2453
SKTGIJFO_CDS_3679	SKTGIJFO_CDS_3679,SKTGIJFO_CDS_4514,SKTGIJFO_CDS_4098
SKTGIJFO_CDS_3693	SKTGIJFO_CDS_3693,SKTGIJFO_CDS_4112,SKTGIJFO_CDS_4528
SKTGIJFO_CDS_4836	SKTGIJFO_CDS_4836
SKTGIJFO_CDS_0009	SKTGIJFO_CDS_0009,SKTGIJFO_CDS_2039,SKTGIJFO_CDS_1843
SKTGIJFO_CDS_2468	SKTGIJFO_CDS_2468
SKTGIJFO_CDS_3006	SKTGIJFO_CDS_3006,SKTGIJFO_CDS_3199,SKTGIJFO_CDS_3528
SKTGIJFO_CDS_3258	SKTGIJFO_CDS_3258
SKTGIJFO_CDS_3591	SKTGIJFO_CDS_3591,SKTGIJFO_CDS_4426,SKTGIJFO_CDS_4011
SKTGIJFO_CDS_3756	SKTGIJFO_CDS_3756,SKTGIJFO_CDS_4593
SKTGIJFO_CDS_4175	SKTGIJFO_CDS_4175
SKTGIJFO_CDS_5059	SKTGIJFO_CDS_5059
SKTGIJFO_CDS_5071	SKTGIJFO_CDS_5071
SKTGIJFO_CDS_5187	SKTGIJFO_CDS_5187
SKTGIJFO_CDS_5209	SKTGIJFO_CDS_5209
SKTGIJFO_CDS_0546	SKTGIJFO_CDS_0546,SKTGIJFO_CDS_2723,SKTGIJFO_CDS_2537,SKTGIJFO_CDS_2136,SKTGIJFO_CDS_1939
SKTGIJFO_CDS_1017	SKTGIJFO_CDS_1017,SKTGIJFO_CDS_2268
SKTGIJFO_CDS_2350	SKTGIJFO_CDS_2350
SKTGIJFO_CDS_2355	SKTGIJFO_CDS_2355
SKTGIJFO_CDS_2459	SKTGIJFO_CDS_2459
SKTGIJFO_CDS_3314	SKTGIJFO_CDS_3314
SKTGIJFO_CDS_3425	SKTGIJFO_CDS_3425
SKTGIJFO_CDS_3735	SKTGIJFO_CDS_3735,SKTGIJFO_CDS_4573,SKTGIJFO_CDS_4154
SKTGIJFO_CDS_3792	SKTGIJFO_CDS_3792,SKTGIJFO_CDS_4629,SKTGIJFO_CDS_4211
SKTGIJFO_CDS_4931	SKTGIJFO_CDS_4931
SKTGIJFO_CDS_5100	SKTGIJFO_CDS_5100
SKTGIJFO_CDS_0058	SKTGIJFO_CDS_0058,SKTGIJFO_CDS_1892,SKTGIJFO_CDS_2089
SKTGIJFO_CDS_0120	SKTGIJFO_CDS_0120,SKTGIJFO_CDS_2739,SKTGIJFO_CDS_2553,SKTGIJFO_CDS_2150,SKTGIJFO_CDS_1953,SKTGIJFO_CDS_0560,SKTGIJFO_CDS_3440,SKTGIJFO_CDS_2922
SKTGIJFO_CDS_0128	SKTGIJFO_CDS_0128,SKTGIJFO_CDS_2747,SKTGIJFO_CDS_2561,SKTGIJFO_CDS_2158,SKTGIJFO_CDS_0568,SKTGIJFO_CDS_1961,SKTGIJFO_CDS_2930
SKTGIJFO_CDS_0255	SKTGIJFO_CDS_0255,SKTGIJFO_CDS_1536,SKTGIJFO_CDS_1194,SKTGIJFO_CDS_1364,SKTGIJFO_CDS_0696
SKTGIJFO_CDS_0875	SKTGIJFO_CDS_0875,SKTGIJFO_CDS_1817,SKTGIJFO_CDS_1728
SKTGIJFO_CDS_0926	SKTGIJFO_CDS_0926
SKTGIJFO_CDS_1006	SKTGIJFO_CDS_1006,SKTGIJFO_CDS_2257
SKTGIJFO_CDS_3116	SKTGIJFO_CDS_3116
SKTGIJFO_CDS_3286	SKTGIJFO_CDS_3286
SKTGIJFO_CDS_3582	SKTGIJFO_CDS_3582
SKTGIJFO_CDS_3712	SKTGIJFO_CDS_3712,SKTGIJFO_CDS_4550,SKTGIJFO_CDS_4131
SKTGIJFO_CDS_4050	SKTGIJFO_CDS_4050
SKTGIJFO_CDS_0309	SKTGIJFO_CDS_0309,SKTGIJFO_CDS_1418,SKTGIJFO_CDS_1248,SKTGIJFO_CDS_0742,SKTGIJFO_CDS_1590
SKTGIJFO_CDS_0852	SKTGIJFO_CDS_0852
SKTGIJFO_CDS_1701	SKTGIJFO_CDS_1701
SKTGIJFO_CDS_1790	SKTGIJFO_CDS_1790
SKTGIJFO_CDS_3737	SKTGIJFO_CDS_3737,SKTGIJFO_CDS_4575,SKTGIJFO_CDS_4156
SKTGIJFO_CDS_3778	SKTGIJFO_CDS_3778,SKTGIJFO_CDS_4615,SKTGIJFO_CDS_4197
SKTGIJFO_CDS_3809	SKTGIJFO_CDS_3809,SKTGIJFO_CDS_4646,SKTGIJFO_CDS_4228
SKTGIJFO_CDS_4969	SKTGIJFO_CDS_4969
SKTGIJFO_CDS_5168	SKTGIJFO_CDS_5168
SKTGIJFO_CDS_0179	SKTGIJFO_CDS_0179,SKTGIJFO_CDS_2209,SKTGIJFO_CDS_2012,SKTGIJFO_CDS_0620
SKTGIJFO_CDS_0353	SKTGIJFO_CDS_0353,SKTGIJFO_CDS_1637,SKTGIJFO_CDS_1465,SKTGIJFO_CDS_1296,SKTGIJFO_CDS_0789
SKTGIJFO_CDS_1503	SKTGIJFO_CDS_1503
SKTGIJFO_CDS_2982	SKTGIJFO_CDS_2982
SKTGIJFO_CDS_3179	SKTGIJFO_CDS_3179
SKTGIJFO_CDS_3499	SKTGIJFO_CDS_3499
SKTGIJFO_CDS_3574	SKTGIJFO_CDS_3574,SKTGIJFO_CDS_3995,SKTGIJFO_CDS_4412
SKTGIJFO_CDS_3861	SKTGIJFO_CDS_3861,SKTGIJFO_CDS_4699,SKTGIJFO_CDS_4280
SKTGIJFO_CDS_4003	SKTGIJFO_CDS_4003
SKTGIJFO_CDS_4893	SKTGIJFO_CDS_4893
SKTGIJFO_CDS_4899	SKTGIJFO_CDS_4899
SKTGIJFO_CDS_5230	SKTGIJFO_CDS_5230
SKTGIJFO_CDS_0038	SKTGIJFO_CDS_0038,SKTGIJFO_CDS_3036,SKTGIJFO_CDS_2840,SKTGIJFO_CDS_2655,SKTGIJFO_CDS_0478,SKTGIJFO_CDS_1872,SKTGIJFO_CDS_3557,SKTGIJFO_CDS_3229,SKTGIJFO_CDS_2068
SKTGIJFO_CDS_0215	SKTGIJFO_CDS_0215,SKTGIJFO_CDS_1330,SKTGIJFO_CDS_0658,SKTGIJFO_CDS_1156
SKTGIJFO_CDS_0252	SKTGIJFO_CDS_0252,SKTGIJFO_CDS_0693,SKTGIJFO_CDS_1533,SKTGIJFO_CDS_1361,SKTGIJFO_CDS_1191
SKTGIJFO_CDS_0548	SKTGIJFO_CDS_0548,SKTGIJFO_CDS_2138,SKTGIJFO_CDS_1941,SKTGIJFO_CDS_3104,SKTGIJFO_CDS_2725,SKTGIJFO_CDS_2539
SKTGIJFO_CDS_0874	SKTGIJFO_CDS_0874,SKTGIJFO_CDS_1816,SKTGIJFO_CDS_1727
SKTGIJFO_CDS_1500	SKTGIJFO_CDS_1500
SKTGIJFO_CDS_3427	SKTGIJFO_CDS_3427
SKTGIJFO_CDS_3595	SKTGIJFO_CDS_3595,SKTGIJFO_CDS_4430,SKTGIJFO_CDS_4015
SKTGIJFO_CDS_3620	SKTGIJFO_CDS_3620,SKTGIJFO_CDS_4456,SKTGIJFO_CDS_4041
SKTGIJFO_CDS_3948	SKTGIJFO_CDS_3948,SKTGIJFO_CDS_4784,SKTGIJFO_CDS_4367
SKTGIJFO_CDS_4815	SKTGIJFO_CDS_4815
SKTGIJFO_CDS_4974	SKTGIJFO_CDS_4974
SKTGIJFO_CDS_5001	SKTGIJFO_CDS_5001
SKTGIJFO_CDS_0279	SKTGIJFO_CDS_0279,SKTGIJFO_CDS_1560,SKTGIJFO_CDS_1388,SKTGIJFO_CDS_1218,SKTGIJFO_CDS_0720
SKTGIJFO_CDS_3124	SKTGIJFO_CDS_3124
SKTGIJFO_CDS_3448	SKTGIJFO_CDS_3448
SKTGIJFO_CDS_4942	SKTGIJFO_CDS_4942
SKTGIJFO_CDS_5119	SKTGIJFO_CDS_5119
SKTGIJFO_CDS_5231	SKTGIJFO_CDS_5231
SKTGIJFO_CDS_0170	SKTGIJFO_CDS_0170,SKTGIJFO_CDS_2790,SKTGIJFO_CDS_2604,SKTGIJFO_CDS_2200,SKTGIJFO_CDS_2003,SKTGIJFO_CDS_0611,SKTGIJFO_CDS_3490,SKTGIJFO_CDS_3170,SKTGIJFO_CDS_2973
SKTGIJFO_CDS_1003	SKTGIJFO_CDS_1003,SKTGIJFO_CDS_2254
SKTGIJFO_CDS_2352	SKTGIJFO_CDS_2352
SKTGIJFO_CDS_3676	SKTGIJFO_CDS_3676,SKTGIJFO_CDS_4095,SKTGIJFO_CDS_4511
SKTGIJFO_CDS_3850	SKTGIJFO_CDS_3850,SKTGIJFO_CDS_4270,SKTGIJFO_CDS_4688
SKTGIJFO_CDS_3920	SKTGIJFO_CDS_3920,SKTGIJFO_CDS_4339
SKTGIJFO_CDS_3943	SKTGIJFO_CDS_3943,SKTGIJFO_CDS_4779,SKTGIJFO_CDS_4362
SKTGIJFO_CDS_4758	SKTGIJFO_CDS_4758
SKTGIJFO_CDS_0068	SKTGIJFO_CDS_0068,SKTGIJFO_CDS_3067,SKTGIJFO_CDS_2872,SKTGIJFO_CDS_2099,SKTGIJFO_CDS_0509,SKTGIJFO_CDS_2687,SKTGIJFO_CDS_2501,SKTGIJFO_CDS_3388,SKTGIJFO_CDS_1902
SKTGIJFO_CDS_0835	SKTGIJFO_CDS_0835,SKTGIJFO_CDS_1683
SKTGIJFO_CDS_0956	SKTGIJFO_CDS_0956
SKTGIJFO_CDS_1774	SKTGIJFO_CDS_1774
SKTGIJFO_CDS_3267	SKTGIJFO_CDS_3267
SKTGIJFO_CDS_3627	SKTGIJFO_CDS_3627,SKTGIJFO_CDS_4462,SKTGIJFO_CDS_4047
SKTGIJFO_CDS_4880	SKTGIJFO_CDS_4880
SKTGIJFO_CDS_5206	SKTGIJFO_CDS_5206
SKTGIJFO_CDS_0927	SKTGIJFO_CDS_0927
SKTGIJFO_CDS_1693	SKTGIJFO_CDS_1693,SKTGIJFO_CDS_0845
SKTGIJFO_CDS_3650	SKTGIJFO_CDS_3650,SKTGIJFO_CDS_4485,SKTGIJFO_CDS_4071
SKTGIJFO_CDS_3674	SKTGIJFO_CDS_3674,SKTGIJFO_CDS_4509,SKTGIJFO_CDS_4093
SKTGIJFO_CDS_4890	SKTGIJFO_CDS_4890
SKTGIJFO_CDS_4892	SKTGIJFO_CDS_4892
SKTGIJFO_CDS_5029	SKTGIJFO_CDS_5029
SKTGIJFO_CDS_0206	SKTGIJFO_CDS_0206,SKTGIJFO_CDS_1490,SKTGIJFO_CDS_1320,SKTGIJFO_CDS_1147,SKTGIJFO_CDS_0648
SKTGIJFO_CDS_0269	SKTGIJFO_CDS_0269,SKTGIJFO_CDS_1550,SKTGIJFO_CDS_1378,SKTGIJFO_CDS_1208,SKTGIJFO_CDS_0710
SKTGIJFO_CDS_0290	SKTGIJFO_CDS_0290,SKTGIJFO_CDS_1571,SKTGIJFO_CDS_1229,SKTGIJFO_CDS_0731,SKTGIJFO_CDS_1399
SKTGIJFO_CDS_0329	SKTGIJFO_CDS_0329,SKTGIJFO_CDS_1268,SKTGIJFO_CDS_0762,SKTGIJFO_CDS_1610,SKTGIJFO_CDS_1438
SKTGIJFO_CDS_1154	SKTGIJFO_CDS_1154,SKTGIJFO_CDS_1328,SKTGIJFO_CDS_0656,SKTGIJFO_CDS_0213
SKTGIJFO_CDS_3407	SKTGIJFO_CDS_3407
SKTGIJFO_CDS_3667	SKTGIJFO_CDS_3667,SKTGIJFO_CDS_4502,SKTGIJFO_CDS_4086
SKTGIJFO_CDS_3671	SKTGIJFO_CDS_3671
SKTGIJFO_CDS_3747	SKTGIJFO_CDS_3747,SKTGIJFO_CDS_4166,SKTGIJFO_CDS_4584
SKTGIJFO_CDS_3787	SKTGIJFO_CDS_3787,SKTGIJFO_CDS_4624,SKTGIJFO_CDS_4206
SKTGIJFO_CDS_4090	SKTGIJFO_CDS_4090,SKTGIJFO_CDS_4506
SKTGIJFO_CDS_4870	SKTGIJFO_CDS_4870
SKTGIJFO_CDS_5041	SKTGIJFO_CDS_5041
SKTGIJFO_CDS_0073	SKTGIJFO_CDS_0073,SKTGIJFO_CDS_3072,SKTGIJFO_CDS_2104,SKTGIJFO_CDS_1907,SKTGIJFO_CDS_0514,SKTGIJFO_CDS_3393,SKTGIJFO_CDS_2877,SKTGIJFO_CDS_2692,SKTGIJFO_CDS_2506
SKTGIJFO_CDS_0075	SKTGIJFO_CDS_0075,SKTGIJFO_CDS_3074,SKTGIJFO_CDS_2879,SKTGIJFO_CDS_2694,SKTGIJFO_CDS_2508,SKTGIJFO_CDS_2106,SKTGIJFO_CDS_1909,SKTGIJFO_CDS_0516,SKTGIJFO_CDS_3395
SKTGIJFO_CDS_0273	SKTGIJFO_CDS_0273,SKTGIJFO_CDS_1554,SKTGIJFO_CDS_1382,SKTGIJFO_CDS_1212,SKTGIJFO_CDS_0714
SKTGIJFO_CDS_0306	SKTGIJFO_CDS_0306,SKTGIJFO_CDS_1587,SKTGIJFO_CDS_1415,SKTGIJFO_CDS_1245
SKTGIJFO_CDS_0414	SKTGIJFO_CDS_0414
SKTGIJFO_CDS_1030	SKTGIJFO_CDS_1030,SKTGIJFO_CDS_2281
SKTGIJFO_CDS_1114	SKTGIJFO_CDS_1114
SKTGIJFO_CDS_2378	SKTGIJFO_CDS_2378
SKTGIJFO_CDS_0303	SKTGIJFO_CDS_0303,SKTGIJFO_CDS_1584,SKTGIJFO_CDS_1412,SKTGIJFO_CDS_1242
SKTGIJFO_CDS_0387	SKTGIJFO_CDS_0387
SKTGIJFO_CDS_0413	SKTGIJFO_CDS_0413
SKTGIJFO_CDS_1090	SKTGIJFO_CDS_1090
SKTGIJFO_CDS_2976	SKTGIJFO_CDS_2976,SKTGIJFO_CDS_3493
SKTGIJFO_CDS_3173	SKTGIJFO_CDS_3173
SKTGIJFO_CDS_3836	SKTGIJFO_CDS_3836,SKTGIJFO_CDS_4255
SKTGIJFO_CDS_4673	SKTGIJFO_CDS_4673
SKTGIJFO_CDS_4916	SKTGIJFO_CDS_4916
SKTGIJFO_CDS_4965	SKTGIJFO_CDS_4965
SKTGIJFO_CDS_0286	SKTGIJFO_CDS_0286,SKTGIJFO_CDS_1567,SKTGIJFO_CDS_1395,SKTGIJFO_CDS_1225,SKTGIJFO_CDS_0727
SKTGIJFO_CDS_0331	SKTGIJFO_CDS_0331,SKTGIJFO_CDS_1612,SKTGIJFO_CDS_1440,SKTGIJFO_CDS_1270,SKTGIJFO_CDS_0764
SKTGIJFO_CDS_3262	SKTGIJFO_CDS_3262
SKTGIJFO_CDS_3706	SKTGIJFO_CDS_3706,SKTGIJFO_CDS_4544,SKTGIJFO_CDS_4125
SKTGIJFO_CDS_3936	SKTGIJFO_CDS_3936,SKTGIJFO_CDS_4772,SKTGIJFO_CDS_4355
SKTGIJFO_CDS_0207	SKTGIJFO_CDS_0207,SKTGIJFO_CDS_1491,SKTGIJFO_CDS_1321,SKTGIJFO_CDS_1148,SKTGIJFO_CDS_0649
SKTGIJFO_CDS_0453	SKTGIJFO_CDS_0453,SKTGIJFO_CDS_3204,SKTGIJFO_CDS_3011,SKTGIJFO_CDS_2815,SKTGIJFO_CDS_2630,SKTGIJFO_CDS_2043,SKTGIJFO_CDS_3533,SKTGIJFO_CDS_1847
SKTGIJFO_CDS_0810	SKTGIJFO_CDS_0810,SKTGIJFO_CDS_1749,SKTGIJFO_CDS_1658
SKTGIJFO_CDS_1783	SKTGIJFO_CDS_1783
SKTGIJFO_CDS_3256	SKTGIJFO_CDS_3256
SKTGIJFO_CDS_3649	SKTGIJFO_CDS_3649,SKTGIJFO_CDS_4484,SKTGIJFO_CDS_4070
SKTGIJFO_CDS_3745	SKTGIJFO_CDS_3745,SKTGIJFO_CDS_4582,SKTGIJFO_CDS_4164
SKTGIJFO_CDS_3746	SKTGIJFO_CDS_3746
SKTGIJFO_CDS_3749	SKTGIJFO_CDS_3749
SKTGIJFO_CDS_3903	SKTGIJFO_CDS_3903,SKTGIJFO_CDS_4324,SKTGIJFO_CDS_4743
SKTGIJFO_CDS_4165	SKTGIJFO_CDS_4165,SKTGIJFO_CDS_4583
SKTGIJFO_CDS_4168	SKTGIJFO_CDS_4168,SKTGIJFO_CDS_4586
SKTGIJFO_CDS_5006	SKTGIJFO_CDS_5006
SKTGIJFO_CDS_5178	SKTGIJFO_CDS_5178
SKTGIJFO_CDS_0013	SKTGIJFO_CDS_0013
SKTGIJFO_CDS_0395	SKTGIJFO_CDS_0395,SKTGIJFO_CDS_1098
SKTGIJFO_CDS_3639	SKTGIJFO_CDS_3639,SKTGIJFO_CDS_4474,SKTGIJFO_CDS_4060
SKTGIJFO_CDS_3645	SKTGIJFO_CDS_3645,SKTGIJFO_CDS_4480
SKTGIJFO_CDS_3678	SKTGIJFO_CDS_3678,SKTGIJFO_CDS_4097,SKTGIJFO_CDS_4513
SKTGIJFO_CDS_4066	SKTGIJFO_CDS_4066
SKTGIJFO_CDS_4084	SKTGIJFO_CDS_4084
SKTGIJFO_CDS_4833	SKTGIJFO_CDS_4833
SKTGIJFO_CDS_4882	SKTGIJFO_CDS_4882
SKTGIJFO_CDS_4885	SKTGIJFO_CDS_4885
SKTGIJFO_CDS_4951	SKTGIJFO_CDS_4951
SKTGIJFO_CDS_4994	SKTGIJFO_CDS_4994
SKTGIJFO_CDS_5238	SKTGIJFO_CDS_5238
SKTGIJFO_CDS_0049	SKTGIJFO_CDS_0049,SKTGIJFO_CDS_3366,SKTGIJFO_CDS_3241,SKTGIJFO_CDS_3049,SKTGIJFO_CDS_1883,SKTGIJFO_CDS_2852,SKTGIJFO_CDS_2667,SKTGIJFO_CDS_2079,SKTGIJFO_CDS_0490
SKTGIJFO_CDS_0080	SKTGIJFO_CDS_0080,SKTGIJFO_CDS_2111,SKTGIJFO_CDS_1914,SKTGIJFO_CDS_0521,SKTGIJFO_CDS_3079,SKTGIJFO_CDS_2884,SKTGIJFO_CDS_2699,SKTGIJFO_CDS_2513
SKTGIJFO_CDS_0259	SKTGIJFO_CDS_0259,SKTGIJFO_CDS_1540,SKTGIJFO_CDS_1368,SKTGIJFO_CDS_1198,SKTGIJFO_CDS_0700
SKTGIJFO_CDS_0372	SKTGIJFO_CDS_0372,SKTGIJFO_CDS_0440,SKTGIJFO_CDS_0439
SKTGIJFO_CDS_0888	SKTGIJFO_CDS_0888,SKTGIJFO_CDS_1830,SKTGIJFO_CDS_1741
SKTGIJFO_CDS_0952	SKTGIJFO_CDS_0952
SKTGIJFO_CDS_2434	SKTGIJFO_CDS_2434
SKTGIJFO_CDS_3400	SKTGIJFO_CDS_3400
SKTGIJFO_CDS_3638	SKTGIJFO_CDS_3638,SKTGIJFO_CDS_4473,SKTGIJFO_CDS_4059
SKTGIJFO_CDS_3683	SKTGIJFO_CDS_3683,SKTGIJFO_CDS_4518,SKTGIJFO_CDS_4102
SKTGIJFO_CDS_3748	SKTGIJFO_CDS_3748
SKTGIJFO_CDS_3853	SKTGIJFO_CDS_3853,SKTGIJFO_CDS_4691,SKTGIJFO_CDS_4273
SKTGIJFO_CDS_3969	SKTGIJFO_CDS_3969,SKTGIJFO_CDS_4805,SKTGIJFO_CDS_4388
SKTGIJFO_CDS_4000	SKTGIJFO_CDS_4000
SKTGIJFO_CDS_4167	SKTGIJFO_CDS_4167,SKTGIJFO_CDS_4585
SKTGIJFO_CDS_4823	SKTGIJFO_CDS_4823
SKTGIJFO_CDS_4925	SKTGIJFO_CDS_4925
SKTGIJFO_CDS_5039	SKTGIJFO_CDS_5039
SKTGIJFO_CDS_0173	SKTGIJFO_CDS_0173,SKTGIJFO_CDS_2006,SKTGIJFO_CDS_2203
SKTGIJFO_CDS_0614	SKTGIJFO_CDS_0614
SKTGIJFO_CDS_1151	SKTGIJFO_CDS_1151,SKTGIJFO_CDS_1494
SKTGIJFO_CDS_3635	SKTGIJFO_CDS_3635,SKTGIJFO_CDS_4470,SKTGIJFO_CDS_4054
SKTGIJFO_CDS_5158	SKTGIJFO_CDS_5158
SKTGIJFO_CDS_1005	SKTGIJFO_CDS_1005,SKTGIJFO_CDS_2256
SKTGIJFO_CDS_1036	SKTGIJFO_CDS_1036,SKTGIJFO_CDS_2287
SKTGIJFO_CDS_1115	SKTGIJFO_CDS_1115
SKTGIJFO_CDS_2354	SKTGIJFO_CDS_2354
SKTGIJFO_CDS_2384	SKTGIJFO_CDS_2384
SKTGIJFO_CDS_3311	SKTGIJFO_CDS_3311
SKTGIJFO_CDS_3584	SKTGIJFO_CDS_3584
SKTGIJFO_CDS_3798	SKTGIJFO_CDS_3798,SKTGIJFO_CDS_4635,SKTGIJFO_CDS_4217
SKTGIJFO_CDS_4907	SKTGIJFO_CDS_4907
SKTGIJFO_CDS_4971	SKTGIJFO_CDS_4971
SKTGIJFO_CDS_0087	SKTGIJFO_CDS_0087,SKTGIJFO_CDS_2118,SKTGIJFO_CDS_1921,SKTGIJFO_CDS_2891,SKTGIJFO_CDS_0528,SKTGIJFO_CDS_3086,SKTGIJFO_CDS_2706,SKTGIJFO_CDS_2520
SKTGIJFO_CDS_0211	SKTGIJFO_CDS_0211,SKTGIJFO_CDS_1326,SKTGIJFO_CDS_1153,SKTGIJFO_CDS_0654,SKTGIJFO_CDS_1496
SKTGIJFO_CDS_0327	SKTGIJFO_CDS_0327,SKTGIJFO_CDS_1608,SKTGIJFO_CDS_1436,SKTGIJFO_CDS_1266,SKTGIJFO_CDS_0760
SKTGIJFO_CDS_0836	SKTGIJFO_CDS_0836,SKTGIJFO_CDS_1684,SKTGIJFO_CDS_1775
SKTGIJFO_CDS_1013	SKTGIJFO_CDS_1013,SKTGIJFO_CDS_2264
SKTGIJFO_CDS_2362	SKTGIJFO_CDS_2362
SKTGIJFO_CDS_2455	SKTGIJFO_CDS_2455
SKTGIJFO_CDS_3607	SKTGIJFO_CDS_3607,SKTGIJFO_CDS_4442,SKTGIJFO_CDS_4027
SKTGIJFO_CDS_3715	SKTGIJFO_CDS_3715,SKTGIJFO_CDS_4134,SKTGIJFO_CDS_4553
SKTGIJFO_CDS_5060	SKTGIJFO_CDS_5060
SKTGIJFO_CDS_0141	SKTGIJFO_CDS_0141,SKTGIJFO_CDS_2760,SKTGIJFO_CDS_2574,SKTGIJFO_CDS_2171,SKTGIJFO_CDS_1974,SKTGIJFO_CDS_0581
SKTGIJFO_CDS_0208	SKTGIJFO_CDS_0208,SKTGIJFO_CDS_1492,SKTGIJFO_CDS_1322,SKTGIJFO_CDS_1149,SKTGIJFO_CDS_0650
SKTGIJFO_CDS_0435	SKTGIJFO_CDS_0435,SKTGIJFO_CDS_1138
SKTGIJFO_CDS_2943	SKTGIJFO_CDS_2943,SKTGIJFO_CDS_3461,SKTGIJFO_CDS_3137
SKTGIJFO_CDS_3725	SKTGIJFO_CDS_3725,SKTGIJFO_CDS_4144,SKTGIJFO_CDS_4563
SKTGIJFO_CDS_4083	SKTGIJFO_CDS_4083
SKTGIJFO_CDS_4908	SKTGIJFO_CDS_4908
SKTGIJFO_CDS_4918	SKTGIJFO_CDS_4918
SKTGIJFO_CDS_5042	SKTGIJFO_CDS_5042
SKTGIJFO_CDS_0016	SKTGIJFO_CDS_0016,SKTGIJFO_CDS_2046,SKTGIJFO_CDS_1850,SKTGIJFO_CDS_3207,SKTGIJFO_CDS_3014,SKTGIJFO_CDS_2818,SKTGIJFO_CDS_2633
SKTGIJFO_CDS_0205	SKTGIJFO_CDS_0205,SKTGIJFO_CDS_1489,SKTGIJFO_CDS_1146,SKTGIJFO_CDS_0647,SKTGIJFO_CDS_1319
SKTGIJFO_CDS_0283	SKTGIJFO_CDS_0283,SKTGIJFO_CDS_1564,SKTGIJFO_CDS_1222,SKTGIJFO_CDS_0724,SKTGIJFO_CDS_1392
SKTGIJFO_CDS_0456	SKTGIJFO_CDS_0456,SKTGIJFO_CDS_3535
SKTGIJFO_CDS_0830	SKTGIJFO_CDS_0830,SKTGIJFO_CDS_1678,SKTGIJFO_CDS_1769
SKTGIJFO_CDS_2474	SKTGIJFO_CDS_2474
SKTGIJFO_CDS_3315	SKTGIJFO_CDS_3315
SKTGIJFO_CDS_3583	SKTGIJFO_CDS_3583
SKTGIJFO_CDS_4864	SKTGIJFO_CDS_4864
SKTGIJFO_CDS_4913	SKTGIJFO_CDS_4913
SKTGIJFO_CDS_5122	SKTGIJFO_CDS_5122
SKTGIJFO_CDS_0172	SKTGIJFO_CDS_0172,SKTGIJFO_CDS_2202,SKTGIJFO_CDS_2005
SKTGIJFO_CDS_0613	SKTGIJFO_CDS_0613,SKTGIJFO_CDS_3492,SKTGIJFO_CDS_2975,SKTGIJFO_CDS_3172
SKTGIJFO_CDS_3346	SKTGIJFO_CDS_3346
SKTGIJFO_CDS_3569	SKTGIJFO_CDS_3569,SKTGIJFO_CDS_4407,SKTGIJFO_CDS_3990
SKTGIJFO_CDS_3858	SKTGIJFO_CDS_3858,SKTGIJFO_CDS_4696,SKTGIJFO_CDS_4277
SKTGIJFO_CDS_5111	SKTGIJFO_CDS_5111
SKTGIJFO_CDS_5216	SKTGIJFO_CDS_5216
SKTGIJFO_CDS_0136	SKTGIJFO_CDS_0136,SKTGIJFO_CDS_3455,SKTGIJFO_CDS_2755,SKTGIJFO_CDS_2569,SKTGIJFO_CDS_2166,SKTGIJFO_CDS_1969,SKTGIJFO_CDS_0576
SKTGIJFO_CDS_0239	SKTGIJFO_CDS_0239,SKTGIJFO_CDS_1178,SKTGIJFO_CDS_0679
SKTGIJFO_CDS_0373	SKTGIJFO_CDS_0373
SKTGIJFO_CDS_1108	SKTGIJFO_CDS_1108
SKTGIJFO_CDS_1348	SKTGIJFO_CDS_1348,SKTGIJFO_CDS_1520
SKTGIJFO_CDS_2229	SKTGIJFO_CDS_2229
SKTGIJFO_CDS_2319	SKTGIJFO_CDS_2319,SKTGIJFO_CDS_1069
SKTGIJFO_CDS_2938	SKTGIJFO_CDS_2938,SKTGIJFO_CDS_3132
SKTGIJFO_CDS_3648	SKTGIJFO_CDS_3648,SKTGIJFO_CDS_4483,SKTGIJFO_CDS_4069
SKTGIJFO_CDS_3915	SKTGIJFO_CDS_3915,SKTGIJFO_CDS_4755,SKTGIJFO_CDS_4336
SKTGIJFO_CDS_4910	SKTGIJFO_CDS_4910
SKTGIJFO_CDS_1334	SKTGIJFO_CDS_1334
SKTGIJFO_CDS_3587	SKTGIJFO_CDS_3587
SKTGIJFO_CDS_3714	SKTGIJFO_CDS_3714,SKTGIJFO_CDS_4552,SKTGIJFO_CDS_4133
SKTGIJFO_CDS_3730	SKTGIJFO_CDS_3730,SKTGIJFO_CDS_4568,SKTGIJFO_CDS_4149
SKTGIJFO_CDS_3821	SKTGIJFO_CDS_3821,SKTGIJFO_CDS_4658,SKTGIJFO_CDS_4240
SKTGIJFO_CDS_4007	SKTGIJFO_CDS_4007,SKTGIJFO_CDS_4422
SKTGIJFO_CDS_4174	SKTGIJFO_CDS_4174
SKTGIJFO_CDS_4825	SKTGIJFO_CDS_4825
SKTGIJFO_CDS_4970	SKTGIJFO_CDS_4970
SKTGIJFO_CDS_0436	SKTGIJFO_CDS_0436,SKTGIJFO_CDS_1139
SKTGIJFO_CDS_0988	SKTGIJFO_CDS_0988,SKTGIJFO_CDS_2239
SKTGIJFO_CDS_2985	SKTGIJFO_CDS_2985,SKTGIJFO_CDS_3502
SKTGIJFO_CDS_3573	SKTGIJFO_CDS_3573,SKTGIJFO_CDS_4411,SKTGIJFO_CDS_3994
SKTGIJFO_CDS_3686	SKTGIJFO_CDS_3686,SKTGIJFO_CDS_4521,SKTGIJFO_CDS_4105
SKTGIJFO_CDS_3709	SKTGIJFO_CDS_3709,SKTGIJFO_CDS_4547,SKTGIJFO_CDS_4128
SKTGIJFO_CDS_3755	SKTGIJFO_CDS_3755,SKTGIJFO_CDS_4592
SKTGIJFO_CDS_5173	SKTGIJFO_CDS_5173
SKTGIJFO_CDS_0201	SKTGIJFO_CDS_0201,SKTGIJFO_CDS_1485,SKTGIJFO_CDS_0370,SKTGIJFO_CDS_1143,SKTGIJFO_CDS_0642,SKTGIJFO_CDS_1654,SKTGIJFO_CDS_1313,SKTGIJFO_CDS_0806
SKTGIJFO_CDS_2338	SKTGIJFO_CDS_2338
SKTGIJFO_CDS_2436	SKTGIJFO_CDS_2436
SKTGIJFO_CDS_4824	SKTGIJFO_CDS_4824
SKTGIJFO_CDS_5120	SKTGIJFO_CDS_5120
SKTGIJFO_CDS_0055	SKTGIJFO_CDS_0055,SKTGIJFO_CDS_3055,SKTGIJFO_CDS_2858,SKTGIJFO_CDS_2673,SKTGIJFO_CDS_1889,SKTGIJFO_CDS_0496,SKTGIJFO_CDS_3372,SKTGIJFO_CDS_2085,SKTGIJFO_CDS_3247
SKTGIJFO_CDS_1016	SKTGIJFO_CDS_1016,SKTGIJFO_CDS_2267
SKTGIJFO_CDS_1035	SKTGIJFO_CDS_1035,SKTGIJFO_CDS_2286
SKTGIJFO_CDS_2366	SKTGIJFO_CDS_2366
SKTGIJFO_CDS_2383	SKTGIJFO_CDS_2383
SKTGIJFO_CDS_3837	SKTGIJFO_CDS_3837,SKTGIJFO_CDS_4674,SKTGIJFO_CDS_4256,SKTGIJFO_CDS_4675,SKTGIJFO_CDS_4257
SKTGIJFO_CDS_5082	SKTGIJFO_CDS_5082
SKTGIJFO_CDS_0096	SKTGIJFO_CDS_0096,SKTGIJFO_CDS_2127,SKTGIJFO_CDS_1930,SKTGIJFO_CDS_0537,SKTGIJFO_CDS_2715,SKTGIJFO_CDS_2529,SKTGIJFO_CDS_2900
SKTGIJFO_CDS_0225	SKTGIJFO_CDS_0225,SKTGIJFO_CDS_1164
SKTGIJFO_CDS_0340	SKTGIJFO_CDS_0340,SKTGIJFO_CDS_1621,SKTGIJFO_CDS_1449,SKTGIJFO_CDS_1280,SKTGIJFO_CDS_0773
SKTGIJFO_CDS_0965	SKTGIJFO_CDS_0965
SKTGIJFO_CDS_1498	SKTGIJFO_CDS_1498
SKTGIJFO_CDS_3095	SKTGIJFO_CDS_3095
SKTGIJFO_CDS_3416	SKTGIJFO_CDS_3416
SKTGIJFO_CDS_3799	SKTGIJFO_CDS_3799,SKTGIJFO_CDS_4636,SKTGIJFO_CDS_4218
SKTGIJFO_CDS_3810	SKTGIJFO_CDS_3810,SKTGIJFO_CDS_4647,SKTGIJFO_CDS_4229
SKTGIJFO_CDS_5061	SKTGIJFO_CDS_5061
SKTGIJFO_CDS_0020	SKTGIJFO_CDS_0020,SKTGIJFO_CDS_2050
SKTGIJFO_CDS_0042	SKTGIJFO_CDS_0042,SKTGIJFO_CDS_2072,SKTGIJFO_CDS_1876,SKTGIJFO_CDS_0483,SKTGIJFO_CDS_3234,SKTGIJFO_CDS_2845,SKTGIJFO_CDS_2660,SKTGIJFO_CDS_3042,SKTGIJFO_CDS_3359
SKTGIJFO_CDS_0221	SKTGIJFO_CDS_0221,SKTGIJFO_CDS_1160,SKTGIJFO_CDS_0662
SKTGIJFO_CDS_2334	SKTGIJFO_CDS_2334
SKTGIJFO_CDS_3255	SKTGIJFO_CDS_3255
SKTGIJFO_CDS_3281	SKTGIJFO_CDS_3281
SKTGIJFO_CDS_3705	SKTGIJFO_CDS_3705,SKTGIJFO_CDS_4543,SKTGIJFO_CDS_4124
SKTGIJFO_CDS_3956	SKTGIJFO_CDS_3956,SKTGIJFO_CDS_4792,SKTGIJFO_CDS_4375
SKTGIJFO_CDS_4275	SKTGIJFO_CDS_4275
SKTGIJFO_CDS_0094	SKTGIJFO_CDS_0094,SKTGIJFO_CDS_3414,SKTGIJFO_CDS_3093,SKTGIJFO_CDS_2898,SKTGIJFO_CDS_2713,SKTGIJFO_CDS_2527,SKTGIJFO_CDS_2125,SKTGIJFO_CDS_1928,SKTGIJFO_CDS_0535
SKTGIJFO_CDS_0148	SKTGIJFO_CDS_0148,SKTGIJFO_CDS_2178,SKTGIJFO_CDS_1981,SKTGIJFO_CDS_2767,SKTGIJFO_CDS_2581,SKTGIJFO_CDS_3144,SKTGIJFO_CDS_2950,SKTGIJFO_CDS_0588
SKTGIJFO_CDS_1140	SKTGIJFO_CDS_1140
SKTGIJFO_CDS_2979	SKTGIJFO_CDS_2979
SKTGIJFO_CDS_3469	SKTGIJFO_CDS_3469
SKTGIJFO_CDS_4990	SKTGIJFO_CDS_4990
SKTGIJFO_CDS_0012	SKTGIJFO_CDS_0012
SKTGIJFO_CDS_0452	SKTGIJFO_CDS_0452
SKTGIJFO_CDS_0460	SKTGIJFO_CDS_0460,SKTGIJFO_CDS_3018,SKTGIJFO_CDS_2822,SKTGIJFO_CDS_2637,SKTGIJFO_CDS_1854,SKTGIJFO_CDS_3211,SKTGIJFO_CDS_3539
SKTGIJFO_CDS_0544	SKTGIJFO_CDS_0544,SKTGIJFO_CDS_2134,SKTGIJFO_CDS_1937
SKTGIJFO_CDS_0984	SKTGIJFO_CDS_0984,SKTGIJFO_CDS_2235
SKTGIJFO_CDS_1110	SKTGIJFO_CDS_1110
SKTGIJFO_CDS_1316	SKTGIJFO_CDS_1316,SKTGIJFO_CDS_1482
SKTGIJFO_CDS_1846	SKTGIJFO_CDS_1846,SKTGIJFO_CDS_2042,SKTGIJFO_CDS_3532,SKTGIJFO_CDS_3203,SKTGIJFO_CDS_3010,SKTGIJFO_CDS_2814,SKTGIJFO_CDS_2629
SKTGIJFO_CDS_2364	SKTGIJFO_CDS_2364
SKTGIJFO_CDS_2445	SKTGIJFO_CDS_2445
SKTGIJFO_CDS_3415	SKTGIJFO_CDS_3415
SKTGIJFO_CDS_4905	SKTGIJFO_CDS_4905
SKTGIJFO_CDS_5027	SKTGIJFO_CDS_5027
SKTGIJFO_CDS_5040	SKTGIJFO_CDS_5040
SKTGIJFO_CDS_0095	SKTGIJFO_CDS_0095,SKTGIJFO_CDS_2126,SKTGIJFO_CDS_0536,SKTGIJFO_CDS_1929
SKTGIJFO_CDS_0167	SKTGIJFO_CDS_0167,SKTGIJFO_CDS_2197,SKTGIJFO_CDS_2000
SKTGIJFO_CDS_0176	SKTGIJFO_CDS_0176,SKTGIJFO_CDS_2206,SKTGIJFO_CDS_2009,SKTGIJFO_CDS_0617
SKTGIJFO_CDS_0608	SKTGIJFO_CDS_0608,SKTGIJFO_CDS_3487,SKTGIJFO_CDS_2969,SKTGIJFO_CDS_2786,SKTGIJFO_CDS_2600,SKTGIJFO_CDS_3166
SKTGIJFO_CDS_2328	SKTGIJFO_CDS_2328
SKTGIJFO_CDS_2447	SKTGIJFO_CDS_2447
SKTGIJFO_CDS_2528	SKTGIJFO_CDS_2528,SKTGIJFO_CDS_2714
SKTGIJFO_CDS_2899	SKTGIJFO_CDS_2899,SKTGIJFO_CDS_3094
SKTGIJFO_CDS_3325	SKTGIJFO_CDS_3325
SKTGIJFO_CDS_3336	SKTGIJFO_CDS_3336
SKTGIJFO_CDS_0093	SKTGIJFO_CDS_0093,SKTGIJFO_CDS_3092,SKTGIJFO_CDS_2897,SKTGIJFO_CDS_2712,SKTGIJFO_CDS_2526,SKTGIJFO_CDS_2124,SKTGIJFO_CDS_1927,SKTGIJFO_CDS_0534,SKTGIJFO_CDS_3413
SKTGIJFO_CDS_0432	SKTGIJFO_CDS_0432
SKTGIJFO_CDS_0674	SKTGIJFO_CDS_0674,SKTGIJFO_CDS_1343,SKTGIJFO_CDS_1173,SKTGIJFO_CDS_0234
SKTGIJFO_CDS_1134	SKTGIJFO_CDS_1134
SKTGIJFO_CDS_2989	SKTGIJFO_CDS_2989
SKTGIJFO_CDS_3465	SKTGIJFO_CDS_3465
SKTGIJFO_CDS_3570	SKTGIJFO_CDS_3570,SKTGIJFO_CDS_4408,SKTGIJFO_CDS_3991
SKTGIJFO_CDS_3760	SKTGIJFO_CDS_3760,SKTGIJFO_CDS_4179,SKTGIJFO_CDS_4597
SKTGIJFO_CDS_3839	SKTGIJFO_CDS_3839,SKTGIJFO_CDS_4677,SKTGIJFO_CDS_4259
SKTGIJFO_CDS_3954	SKTGIJFO_CDS_3954,SKTGIJFO_CDS_4790,SKTGIJFO_CDS_4373
SKTGIJFO_CDS_4957	SKTGIJFO_CDS_4957
SKTGIJFO_CDS_5112	SKTGIJFO_CDS_5112
SKTGIJFO_CDS_5228	SKTGIJFO_CDS_5228
SKTGIJFO_CDS_0109	SKTGIJFO_CDS_0109,SKTGIJFO_CDS_2728,SKTGIJFO_CDS_2542,SKTGIJFO_CDS_2141,SKTGIJFO_CDS_1944,SKTGIJFO_CDS_0551,SKTGIJFO_CDS_2913
SKTGIJFO_CDS_0262	SKTGIJFO_CDS_0262,SKTGIJFO_CDS_1371,SKTGIJFO_CDS_0703,SKTGIJFO_CDS_1543,SKTGIJFO_CDS_1201
SKTGIJFO_CDS_0996	SKTGIJFO_CDS_0996,SKTGIJFO_CDS_2247
SKTGIJFO_CDS_2347	SKTGIJFO_CDS_2347
SKTGIJFO_CDS_2470	SKTGIJFO_CDS_2470
SKTGIJFO_CDS_3430	SKTGIJFO_CDS_3430
SKTGIJFO_CDS_3652	SKTGIJFO_CDS_3652,SKTGIJFO_CDS_4487,SKTGIJFO_CDS_4073
SKTGIJFO_CDS_3654	SKTGIJFO_CDS_3654,SKTGIJFO_CDS_4489,SKTGIJFO_CDS_4075
SKTGIJFO_CDS_5152	SKTGIJFO_CDS_5152
SKTGIJFO_CDS_5222	SKTGIJFO_CDS_5222
SKTGIJFO_CDS_0232	SKTGIJFO_CDS_0232,SKTGIJFO_CDS_1341,SKTGIJFO_CDS_1171,SKTGIJFO_CDS_0672
SKTGIJFO_CDS_0295	SKTGIJFO_CDS_0295,SKTGIJFO_CDS_1576,SKTGIJFO_CDS_1404,SKTGIJFO_CDS_1234,SKTGIJFO_CDS_0736
SKTGIJFO_CDS_0348	SKTGIJFO_CDS_0348,SKTGIJFO_CDS_1629,SKTGIJFO_CDS_1457,SKTGIJFO_CDS_1288,SKTGIJFO_CDS_0781
SKTGIJFO_CDS_2022	SKTGIJFO_CDS_2022,SKTGIJFO_CDS_2797,SKTGIJFO_CDS_2612,SKTGIJFO_CDS_3187,SKTGIJFO_CDS_2219,SKTGIJFO_CDS_0630,SKTGIJFO_CDS_0189,SKTGIJFO_CDS_2993
SKTGIJFO_CDS_2460	SKTGIJFO_CDS_2460
SKTGIJFO_CDS_3272	SKTGIJFO_CDS_3272
SKTGIJFO_CDS_3643	SKTGIJFO_CDS_3643,SKTGIJFO_CDS_4478,SKTGIJFO_CDS_4064
SKTGIJFO_CDS_3718	SKTGIJFO_CDS_3718,SKTGIJFO_CDS_4556,SKTGIJFO_CDS_4137
SKTGIJFO_CDS_4888	SKTGIJFO_CDS_4888
SKTGIJFO_CDS_0145	SKTGIJFO_CDS_0145,SKTGIJFO_CDS_3141,SKTGIJFO_CDS_2947,SKTGIJFO_CDS_2764,SKTGIJFO_CDS_2578,SKTGIJFO_CDS_2175,SKTGIJFO_CDS_1978,SKTGIJFO_CDS_0585
SKTGIJFO_CDS_0305	SKTGIJFO_CDS_0305,SKTGIJFO_CDS_1586,SKTGIJFO_CDS_1414,SKTGIJFO_CDS_1244
SKTGIJFO_CDS_2452	SKTGIJFO_CDS_2452
SKTGIJFO_CDS_3107	SKTGIJFO_CDS_3107
SKTGIJFO_CDS_3176	SKTGIJFO_CDS_3176
SKTGIJFO_CDS_3324	SKTGIJFO_CDS_3324
SKTGIJFO_CDS_3496	SKTGIJFO_CDS_3496
SKTGIJFO_CDS_3657	SKTGIJFO_CDS_3657,SKTGIJFO_CDS_4492,SKTGIJFO_CDS_4078
SKTGIJFO_CDS_5174	SKTGIJFO_CDS_5174
SKTGIJFO_CDS_0046	SKTGIJFO_CDS_0046,SKTGIJFO_CDS_3363,SKTGIJFO_CDS_3238,SKTGIJFO_CDS_3046,SKTGIJFO_CDS_2076,SKTGIJFO_CDS_2849,SKTGIJFO_CDS_2664,SKTGIJFO_CDS_1880,SKTGIJFO_CDS_0487
SKTGIJFO_CDS_0393	SKTGIJFO_CDS_0393
SKTGIJFO_CDS_0454	SKTGIJFO_CDS_0454
SKTGIJFO_CDS_0840	SKTGIJFO_CDS_0840,SKTGIJFO_CDS_1778,SKTGIJFO_CDS_1688
SKTGIJFO_CDS_1094	SKTGIJFO_CDS_1094
SKTGIJFO_CDS_1096	SKTGIJFO_CDS_1096
SKTGIJFO_CDS_2490	SKTGIJFO_CDS_2490
SKTGIJFO_CDS_2631	SKTGIJFO_CDS_2631,SKTGIJFO_CDS_3205,SKTGIJFO_CDS_2816,SKTGIJFO_CDS_3012
SKTGIJFO_CDS_3604	SKTGIJFO_CDS_3604,SKTGIJFO_CDS_4024,SKTGIJFO_CDS_4439
SKTGIJFO_CDS_3690	SKTGIJFO_CDS_3690,SKTGIJFO_CDS_4525,SKTGIJFO_CDS_4109
SKTGIJFO_CDS_3697	SKTGIJFO_CDS_3697,SKTGIJFO_CDS_4535,SKTGIJFO_CDS_4116
SKTGIJFO_CDS_4896	SKTGIJFO_CDS_4896
SKTGIJFO_CDS_4992	SKTGIJFO_CDS_4992
SKTGIJFO_CDS_0220	SKTGIJFO_CDS_0220,SKTGIJFO_CDS_1159,SKTGIJFO_CDS_0661
SKTGIJFO_CDS_3308	SKTGIJFO_CDS_3308
SKTGIJFO_CDS_3318	SKTGIJFO_CDS_3318
SKTGIJFO_CDS_3613	SKTGIJFO_CDS_3613,SKTGIJFO_CDS_4447,SKTGIJFO_CDS_4032
SKTGIJFO_CDS_3704	SKTGIJFO_CDS_3704,SKTGIJFO_CDS_4542,SKTGIJFO_CDS_4123
SKTGIJFO_CDS_4909	SKTGIJFO_CDS_4909
SKTGIJFO_CDS_4914	SKTGIJFO_CDS_4914
SKTGIJFO_CDS_0164	SKTGIJFO_CDS_0164,SKTGIJFO_CDS_2194,SKTGIJFO_CDS_1997,SKTGIJFO_CDS_3484,SKTGIJFO_CDS_2966,SKTGIJFO_CDS_0605
SKTGIJFO_CDS_0296	SKTGIJFO_CDS_0296,SKTGIJFO_CDS_1577,SKTGIJFO_CDS_1405,SKTGIJFO_CDS_1235,SKTGIJFO_CDS_0737
SKTGIJFO_CDS_0391	SKTGIJFO_CDS_0391
SKTGIJFO_CDS_2597	SKTGIJFO_CDS_2597,SKTGIJFO_CDS_2783
SKTGIJFO_CDS_3162	SKTGIJFO_CDS_3162
SKTGIJFO_CDS_3512	SKTGIJFO_CDS_3512
SKTGIJFO_CDS_3571	SKTGIJFO_CDS_3571
SKTGIJFO_CDS_3606	SKTGIJFO_CDS_3606,SKTGIJFO_CDS_4026,SKTGIJFO_CDS_4441
SKTGIJFO_CDS_3955	SKTGIJFO_CDS_3955,SKTGIJFO_CDS_4791,SKTGIJFO_CDS_4374
SKTGIJFO_CDS_3992	SKTGIJFO_CDS_3992,SKTGIJFO_CDS_4409
SKTGIJFO_CDS_5053	SKTGIJFO_CDS_5053
SKTGIJFO_CDS_5225	SKTGIJFO_CDS_5225
SKTGIJFO_CDS_0014	SKTGIJFO_CDS_0014,SKTGIJFO_CDS_2044,SKTGIJFO_CDS_1848
SKTGIJFO_CDS_0381	SKTGIJFO_CDS_0381,SKTGIJFO_CDS_1085
SKTGIJFO_CDS_0405	SKTGIJFO_CDS_0405
SKTGIJFO_CDS_0851	SKTGIJFO_CDS_0851,SKTGIJFO_CDS_1789,SKTGIJFO_CDS_1700
SKTGIJFO_CDS_0934	SKTGIJFO_CDS_0934
SKTGIJFO_CDS_0941	SKTGIJFO_CDS_0941
SKTGIJFO_CDS_2533	SKTGIJFO_CDS_2533,SKTGIJFO_CDS_2719,SKTGIJFO_CDS_2904,SKTGIJFO_CDS_0100
SKTGIJFO_CDS_3000	SKTGIJFO_CDS_3000,SKTGIJFO_CDS_2803,SKTGIJFO_CDS_2618,SKTGIJFO_CDS_1835,SKTGIJFO_CDS_0442,SKTGIJFO_CDS_0001,SKTGIJFO_CDS_2031,SKTGIJFO_CDS_2226,SKTGIJFO_CDS_2028,SKTGIJFO_CDS_3521,SKTGIJFO_CDS_0637,SKTGIJFO_CDS_0196,SKTGIJFO_CDS_3193
SKTGIJFO_CDS_3846	SKTGIJFO_CDS_3846,SKTGIJFO_CDS_4684,SKTGIJFO_CDS_4266
SKTGIJFO_CDS_5110	SKTGIJFO_CDS_5110
SKTGIJFO_CDS_0185	SKTGIJFO_CDS_0185,SKTGIJFO_CDS_2215,SKTGIJFO_CDS_2018,SKTGIJFO_CDS_0626,SKTGIJFO_CDS_2988,SKTGIJFO_CDS_3506
SKTGIJFO_CDS_0909	SKTGIJFO_CDS_0909
SKTGIJFO_CDS_1502	SKTGIJFO_CDS_1502
SKTGIJFO_CDS_2448	SKTGIJFO_CDS_2448
SKTGIJFO_CDS_3531	SKTGIJFO_CDS_3531,SKTGIJFO_CDS_3202,SKTGIJFO_CDS_3009,SKTGIJFO_CDS_2041,SKTGIJFO_CDS_1845,SKTGIJFO_CDS_0011,SKTGIJFO_CDS_2813,SKTGIJFO_CDS_2628,SKTGIJFO_CDS_2812,SKTGIJFO_CDS_2627
SKTGIJFO_CDS_4941	SKTGIJFO_CDS_4941
SKTGIJFO_CDS_5124	SKTGIJFO_CDS_5124
SKTGIJFO_CDS_0043	SKTGIJFO_CDS_0043,SKTGIJFO_CDS_3235,SKTGIJFO_CDS_2846,SKTGIJFO_CDS_2661,SKTGIJFO_CDS_2073,SKTGIJFO_CDS_1877,SKTGIJFO_CDS_0484,SKTGIJFO_CDS_3043
SKTGIJFO_CDS_0044	SKTGIJFO_CDS_0044,SKTGIJFO_CDS_3361,SKTGIJFO_CDS_3044,SKTGIJFO_CDS_2847,SKTGIJFO_CDS_2662,SKTGIJFO_CDS_2074,SKTGIJFO_CDS_1878,SKTGIJFO_CDS_0485,SKTGIJFO_CDS_3236
SKTGIJFO_CDS_0235	SKTGIJFO_CDS_0235,SKTGIJFO_CDS_1174,SKTGIJFO_CDS_0675,SKTGIJFO_CDS_1344
SKTGIJFO_CDS_0243	SKTGIJFO_CDS_0243,SKTGIJFO_CDS_1182,SKTGIJFO_CDS_0683,SKTGIJFO_CDS_0684
SKTGIJFO_CDS_0356	SKTGIJFO_CDS_0356,SKTGIJFO_CDS_1640,SKTGIJFO_CDS_1468,SKTGIJFO_CDS_1299,SKTGIJFO_CDS_0792
SKTGIJFO_CDS_0451	SKTGIJFO_CDS_0451
SKTGIJFO_CDS_0854	SKTGIJFO_CDS_0854,SKTGIJFO_CDS_1703,SKTGIJFO_CDS_1792
SKTGIJFO_CDS_1352	SKTGIJFO_CDS_1352
SKTGIJFO_CDS_1516	SKTGIJFO_CDS_1516
SKTGIJFO_CDS_1524	SKTGIJFO_CDS_1524
SKTGIJFO_CDS_3360	SKTGIJFO_CDS_3360
SKTGIJFO_CDS_3659	SKTGIJFO_CDS_3659,SKTGIJFO_CDS_4494,SKTGIJFO_CDS_4080
SKTGIJFO_CDS_4176	SKTGIJFO_CDS_4176
SKTGIJFO_CDS_0030	SKTGIJFO_CDS_0030,SKTGIJFO_CDS_3549,SKTGIJFO_CDS_3221,SKTGIJFO_CDS_3028,SKTGIJFO_CDS_2060,SKTGIJFO_CDS_1864
SKTGIJFO_CDS_0318	SKTGIJFO_CDS_0318,SKTGIJFO_CDS_1599,SKTGIJFO_CDS_1427,SKTGIJFO_CDS_1257,SKTGIJFO_CDS_0751
SKTGIJFO_CDS_0470	SKTGIJFO_CDS_0470
SKTGIJFO_CDS_0864	SKTGIJFO_CDS_0864,SKTGIJFO_CDS_1717
SKTGIJFO_CDS_1506	SKTGIJFO_CDS_1506
SKTGIJFO_CDS_2348	SKTGIJFO_CDS_2348
SKTGIJFO_CDS_2647	SKTGIJFO_CDS_2647,SKTGIJFO_CDS_2832
SKTGIJFO_CDS_3307	SKTGIJFO_CDS_3307
SKTGIJFO_CDS_3337	SKTGIJFO_CDS_3337
SKTGIJFO_CDS_3841	SKTGIJFO_CDS_3841,SKTGIJFO_CDS_4679,SKTGIJFO_CDS_4261
SKTGIJFO_CDS_3848	SKTGIJFO_CDS_3848,SKTGIJFO_CDS_4268,SKTGIJFO_CDS_4686
SKTGIJFO_CDS_0067	SKTGIJFO_CDS_0067,SKTGIJFO_CDS_2686,SKTGIJFO_CDS_2500,SKTGIJFO_CDS_3066,SKTGIJFO_CDS_2871,SKTGIJFO_CDS_2098
SKTGIJFO_CDS_0251	SKTGIJFO_CDS_0251,SKTGIJFO_CDS_1532,SKTGIJFO_CDS_1190,SKTGIJFO_CDS_0692,SKTGIJFO_CDS_1360
SKTGIJFO_CDS_0508	SKTGIJFO_CDS_0508,SKTGIJFO_CDS_3387,SKTGIJFO_CDS_1901
SKTGIJFO_CDS_0665	SKTGIJFO_CDS_0665
SKTGIJFO_CDS_3898	SKTGIJFO_CDS_3898,SKTGIJFO_CDS_4735,SKTGIJFO_CDS_4316
SKTGIJFO_CDS_4926	SKTGIJFO_CDS_4926
SKTGIJFO_CDS_0041	SKTGIJFO_CDS_0041,SKTGIJFO_CDS_3232,SKTGIJFO_CDS_3039,SKTGIJFO_CDS_2843,SKTGIJFO_CDS_2658,SKTGIJFO_CDS_1875,SKTGIJFO_CDS_0481,SKTGIJFO_CDS_2071
SKTGIJFO_CDS_0162	SKTGIJFO_CDS_0162,SKTGIJFO_CDS_2192,SKTGIJFO_CDS_1995
SKTGIJFO_CDS_0603	SKTGIJFO_CDS_0603,SKTGIJFO_CDS_3160
SKTGIJFO_CDS_0853	SKTGIJFO_CDS_0853,SKTGIJFO_CDS_1791,SKTGIJFO_CDS_1702
SKTGIJFO_CDS_3468	SKTGIJFO_CDS_3468
SKTGIJFO_CDS_4887	SKTGIJFO_CDS_4887
SKTGIJFO_CDS_0006	SKTGIJFO_CDS_0006,SKTGIJFO_CDS_2808,SKTGIJFO_CDS_2623,SKTGIJFO_CDS_1840
SKTGIJFO_CDS_0175	SKTGIJFO_CDS_0175,SKTGIJFO_CDS_2205,SKTGIJFO_CDS_2008,SKTGIJFO_CDS_0616
SKTGIJFO_CDS_0178	SKTGIJFO_CDS_0178,SKTGIJFO_CDS_2208,SKTGIJFO_CDS_2011,SKTGIJFO_CDS_0619,SKTGIJFO_CDS_3498
SKTGIJFO_CDS_0190	SKTGIJFO_CDS_0190,SKTGIJFO_CDS_2994,SKTGIJFO_CDS_2220,SKTGIJFO_CDS_0631
SKTGIJFO_CDS_0254	SKTGIJFO_CDS_0254,SKTGIJFO_CDS_1535,SKTGIJFO_CDS_1363,SKTGIJFO_CDS_1193,SKTGIJFO_CDS_0695
SKTGIJFO_CDS_0302	SKTGIJFO_CDS_0302,SKTGIJFO_CDS_1583,SKTGIJFO_CDS_1411,SKTGIJFO_CDS_1241
SKTGIJFO_CDS_0311	SKTGIJFO_CDS_0311,SKTGIJFO_CDS_1592,SKTGIJFO_CDS_1420,SKTGIJFO_CDS_1250,SKTGIJFO_CDS_0744
SKTGIJFO_CDS_0319	SKTGIJFO_CDS_0319,SKTGIJFO_CDS_1600,SKTGIJFO_CDS_1428,SKTGIJFO_CDS_1258,SKTGIJFO_CDS_0752
SKTGIJFO_CDS_2414	SKTGIJFO_CDS_2414
SKTGIJFO_CDS_2595	SKTGIJFO_CDS_2595,SKTGIJFO_CDS_2781
SKTGIJFO_CDS_2964	SKTGIJFO_CDS_2964
SKTGIJFO_CDS_2981	SKTGIJFO_CDS_2981
SKTGIJFO_CDS_3005	SKTGIJFO_CDS_3005,SKTGIJFO_CDS_3198
SKTGIJFO_CDS_3178	SKTGIJFO_CDS_3178
SKTGIJFO_CDS_3482	SKTGIJFO_CDS_3482
SKTGIJFO_CDS_3562	SKTGIJFO_CDS_3562,SKTGIJFO_CDS_4398
SKTGIJFO_CDS_3782	SKTGIJFO_CDS_3782,SKTGIJFO_CDS_4619,SKTGIJFO_CDS_4201
SKTGIJFO_CDS_3979	SKTGIJFO_CDS_3979
SKTGIJFO_CDS_3982	SKTGIJFO_CDS_3982
SKTGIJFO_CDS_4958	SKTGIJFO_CDS_4958
SKTGIJFO_CDS_5045	SKTGIJFO_CDS_5045
SKTGIJFO_CDS_5103	SKTGIJFO_CDS_5103
SKTGIJFO_CDS_5106	SKTGIJFO_CDS_5106
SKTGIJFO_CDS_0182	SKTGIJFO_CDS_0182,SKTGIJFO_CDS_2212,SKTGIJFO_CDS_2015,SKTGIJFO_CDS_0623
SKTGIJFO_CDS_0335	SKTGIJFO_CDS_0335,SKTGIJFO_CDS_1616,SKTGIJFO_CDS_1444,SKTGIJFO_CDS_1275,SKTGIJFO_CDS_0768
SKTGIJFO_CDS_0354	SKTGIJFO_CDS_0354,SKTGIJFO_CDS_1638,SKTGIJFO_CDS_1466,SKTGIJFO_CDS_1297,SKTGIJFO_CDS_0790
SKTGIJFO_CDS_0908	SKTGIJFO_CDS_0908
SKTGIJFO_CDS_1513	SKTGIJFO_CDS_1513
SKTGIJFO_CDS_3680	SKTGIJFO_CDS_3680,SKTGIJFO_CDS_4515,SKTGIJFO_CDS_4099
SKTGIJFO_CDS_3847	SKTGIJFO_CDS_3847,SKTGIJFO_CDS_4685,SKTGIJFO_CDS_4267
SKTGIJFO_CDS_3357	SKTGIJFO_CDS_3357
SKTGIJFO_CDS_3586	SKTGIJFO_CDS_3586,SKTGIJFO_CDS_4421,SKTGIJFO_CDS_4006
SKTGIJFO_CDS_4894	SKTGIJFO_CDS_4894
SKTGIJFO_CDS_4953	SKTGIJFO_CDS_4953
SKTGIJFO_CDS_4955	SKTGIJFO_CDS_4955
SKTGIJFO_CDS_5170	SKTGIJFO_CDS_5170
SKTGIJFO_CDS_0229	SKTGIJFO_CDS_0229,SKTGIJFO_CDS_1338,SKTGIJFO_CDS_1168,SKTGIJFO_CDS_0669
SKTGIJFO_CDS_0471	SKTGIJFO_CDS_0471
SKTGIJFO_CDS_0847	SKTGIJFO_CDS_0847
SKTGIJFO_CDS_1014	SKTGIJFO_CDS_1014,SKTGIJFO_CDS_2265
SKTGIJFO_CDS_1696	SKTGIJFO_CDS_1696,SKTGIJFO_CDS_1785
SKTGIJFO_CDS_2237	SKTGIJFO_CDS_2237,SKTGIJFO_CDS_0986
SKTGIJFO_CDS_2363	SKTGIJFO_CDS_2363
SKTGIJFO_CDS_3567	SKTGIJFO_CDS_3567,SKTGIJFO_CDS_4405,SKTGIJFO_CDS_3988
SKTGIJFO_CDS_3589	SKTGIJFO_CDS_3589
SKTGIJFO_CDS_3699	SKTGIJFO_CDS_3699,SKTGIJFO_CDS_4537,SKTGIJFO_CDS_4118
SKTGIJFO_CDS_0499	SKTGIJFO_CDS_0499,SKTGIJFO_CDS_3378,SKTGIJFO_CDS_3252,SKTGIJFO_CDS_3057,SKTGIJFO_CDS_2862,SKTGIJFO_CDS_2677
SKTGIJFO_CDS_0547	SKTGIJFO_CDS_0547,SKTGIJFO_CDS_3103,SKTGIJFO_CDS_2724,SKTGIJFO_CDS_2538,SKTGIJFO_CDS_2137,SKTGIJFO_CDS_1940
SKTGIJFO_CDS_0913	SKTGIJFO_CDS_0913
SKTGIJFO_CDS_3331	SKTGIJFO_CDS_3331
SKTGIJFO_CDS_3426	SKTGIJFO_CDS_3426
SKTGIJFO_CDS_4978	SKTGIJFO_CDS_4978
SKTGIJFO_CDS_5126	SKTGIJFO_CDS_5126
SKTGIJFO_CDS_0154	SKTGIJFO_CDS_0154,SKTGIJFO_CDS_3150,SKTGIJFO_CDS_2184,SKTGIJFO_CDS_1987,SKTGIJFO_CDS_0594,SKTGIJFO_CDS_2956,SKTGIJFO_CDS_2773,SKTGIJFO_CDS_2587,SKTGIJFO_CDS_3475
SKTGIJFO_CDS_0416	SKTGIJFO_CDS_0416,SKTGIJFO_CDS_1117
SKTGIJFO_CDS_0564	SKTGIJFO_CDS_0564,SKTGIJFO_CDS_2154,SKTGIJFO_CDS_1957,SKTGIJFO_CDS_2743,SKTGIJFO_CDS_2557
SKTGIJFO_CDS_0911	SKTGIJFO_CDS_0911
SKTGIJFO_CDS_0992	SKTGIJFO_CDS_0992,SKTGIJFO_CDS_2243,SKTGIJFO_CDS_2343
SKTGIJFO_CDS_1051	SKTGIJFO_CDS_1051,SKTGIJFO_CDS_2302
SKTGIJFO_CDS_2399	SKTGIJFO_CDS_2399
SKTGIJFO_CDS_2462	SKTGIJFO_CDS_2462
SKTGIJFO_CDS_2491	SKTGIJFO_CDS_2491
SKTGIJFO_CDS_2601	SKTGIJFO_CDS_2601,SKTGIJFO_CDS_2970,SKTGIJFO_CDS_2787,SKTGIJFO_CDS_3167
SKTGIJFO_CDS_2607	SKTGIJFO_CDS_2607,SKTGIJFO_CDS_2793
SKTGIJFO_CDS_3313	SKTGIJFO_CDS_3313
SKTGIJFO_CDS_3319	SKTGIJFO_CDS_3319
SKTGIJFO_CDS_3326	SKTGIJFO_CDS_3326
SKTGIJFO_CDS_3753	SKTGIJFO_CDS_3753
SKTGIJFO_CDS_3851	SKTGIJFO_CDS_3851,SKTGIJFO_CDS_4689,SKTGIJFO_CDS_4271
SKTGIJFO_CDS_4172	SKTGIJFO_CDS_4172,SKTGIJFO_CDS_4590
SKTGIJFO_CDS_0150	SKTGIJFO_CDS_0150,SKTGIJFO_CDS_2180,SKTGIJFO_CDS_1983,SKTGIJFO_CDS_2952,SKTGIJFO_CDS_3146,SKTGIJFO_CDS_0590,SKTGIJFO_CDS_2769,SKTGIJFO_CDS_2583
SKTGIJFO_CDS_0247	SKTGIJFO_CDS_0247,SKTGIJFO_CDS_1186,SKTGIJFO_CDS_0688,SKTGIJFO_CDS_1356,SKTGIJFO_CDS_1528
SKTGIJFO_CDS_0260	SKTGIJFO_CDS_0260,SKTGIJFO_CDS_1369,SKTGIJFO_CDS_0701,SKTGIJFO_CDS_1541,SKTGIJFO_CDS_1199
SKTGIJFO_CDS_0606	SKTGIJFO_CDS_0606,SKTGIJFO_CDS_3485,SKTGIJFO_CDS_2967,SKTGIJFO_CDS_2784,SKTGIJFO_CDS_2598,SKTGIJFO_CDS_2195,SKTGIJFO_CDS_1998,SKTGIJFO_CDS_0165,SKTGIJFO_CDS_3164,SKTGIJFO_CDS_3163
SKTGIJFO_CDS_0905	SKTGIJFO_CDS_0905
SKTGIJFO_CDS_0962	SKTGIJFO_CDS_0962
SKTGIJFO_CDS_2471	SKTGIJFO_CDS_2471
SKTGIJFO_CDS_2608	SKTGIJFO_CDS_2608,SKTGIJFO_CDS_2794
SKTGIJFO_CDS_4001	SKTGIJFO_CDS_4001
SKTGIJFO_CDS_4840	SKTGIJFO_CDS_4840
SKTGIJFO_CDS_4960	SKTGIJFO_CDS_4960
SKTGIJFO_CDS_0114	SKTGIJFO_CDS_0114,SKTGIJFO_CDS_2918,SKTGIJFO_CDS_3112,SKTGIJFO_CDS_2733,SKTGIJFO_CDS_2547,SKTGIJFO_CDS_2146,SKTGIJFO_CDS_1949,SKTGIJFO_CDS_0556
SKTGIJFO_CDS_0181	SKTGIJFO_CDS_0181,SKTGIJFO_CDS_2211,SKTGIJFO_CDS_2014,SKTGIJFO_CDS_0622
SKTGIJFO_CDS_0447	SKTGIJFO_CDS_0447,SKTGIJFO_CDS_2036,SKTGIJFO_CDS_3527
SKTGIJFO_CDS_0838	SKTGIJFO_CDS_0838
SKTGIJFO_CDS_1504	SKTGIJFO_CDS_1504
SKTGIJFO_CDS_1686	SKTGIJFO_CDS_1686
SKTGIJFO_CDS_1777	SKTGIJFO_CDS_1777
SKTGIJFO_CDS_1807	SKTGIJFO_CDS_1807,SKTGIJFO_CDS_1718
SKTGIJFO_CDS_2984	SKTGIJFO_CDS_2984,SKTGIJFO_CDS_3501
SKTGIJFO_CDS_3434	SKTGIJFO_CDS_3434
SKTGIJFO_CDS_3471	SKTGIJFO_CDS_3471
SKTGIJFO_CDS_3514	SKTGIJFO_CDS_3514,SKTGIJFO_CDS_3188,SKTGIJFO_CDS_2798,SKTGIJFO_CDS_2613,SKTGIJFO_CDS_2023,SKTGIJFO_CDS_2995
SKTGIJFO_CDS_0129	SKTGIJFO_CDS_0129,SKTGIJFO_CDS_2748,SKTGIJFO_CDS_2562,SKTGIJFO_CDS_2159,SKTGIJFO_CDS_1962,SKTGIJFO_CDS_0569
SKTGIJFO_CDS_0257	SKTGIJFO_CDS_0257,SKTGIJFO_CDS_1366,SKTGIJFO_CDS_0698,SKTGIJFO_CDS_1538,SKTGIJFO_CDS_1196
SKTGIJFO_CDS_2431	SKTGIJFO_CDS_2431
SKTGIJFO_CDS_2458	SKTGIJFO_CDS_2458
SKTGIJFO_CDS_3125	SKTGIJFO_CDS_3125,SKTGIJFO_CDS_2931
SKTGIJFO_CDS_3295	SKTGIJFO_CDS_3295
SKTGIJFO_CDS_3757	SKTGIJFO_CDS_3757,SKTGIJFO_CDS_4594
SKTGIJFO_CDS_3983	SKTGIJFO_CDS_3983,SKTGIJFO_CDS_5107
SKTGIJFO_CDS_5220	SKTGIJFO_CDS_5220
SKTGIJFO_CDS_0090	SKTGIJFO_CDS_0090,SKTGIJFO_CDS_2121,SKTGIJFO_CDS_1924,SKTGIJFO_CDS_0531,SKTGIJFO_CDS_3410,SKTGIJFO_CDS_3089,SKTGIJFO_CDS_2894,SKTGIJFO_CDS_2709,SKTGIJFO_CDS_2523
SKTGIJFO_CDS_0153	SKTGIJFO_CDS_0153,SKTGIJFO_CDS_2183,SKTGIJFO_CDS_1986
SKTGIJFO_CDS_0593	SKTGIJFO_CDS_0593,SKTGIJFO_CDS_3149
SKTGIJFO_CDS_2486	SKTGIJFO_CDS_2486
SKTGIJFO_CDS_2586	SKTGIJFO_CDS_2586,SKTGIJFO_CDS_2772
SKTGIJFO_CDS_2955	SKTGIJFO_CDS_2955
SKTGIJFO_CDS_3646	SKTGIJFO_CDS_3646,SKTGIJFO_CDS_4481,SKTGIJFO_CDS_4067
SKTGIJFO_CDS_3673	SKTGIJFO_CDS_3673,SKTGIJFO_CDS_4508,SKTGIJFO_CDS_4092
SKTGIJFO_CDS_4912	SKTGIJFO_CDS_4912
SKTGIJFO_CDS_5169	SKTGIJFO_CDS_5169
SKTGIJFO_CDS_0031	SKTGIJFO_CDS_0031,SKTGIJFO_CDS_3550,SKTGIJFO_CDS_3222,SKTGIJFO_CDS_3029,SKTGIJFO_CDS_2061,SKTGIJFO_CDS_1865
SKTGIJFO_CDS_0039	SKTGIJFO_CDS_0039,SKTGIJFO_CDS_3037,SKTGIJFO_CDS_2069,SKTGIJFO_CDS_1873,SKTGIJFO_CDS_0479,SKTGIJFO_CDS_2841,SKTGIJFO_CDS_2656,SKTGIJFO_CDS_3230
SKTGIJFO_CDS_0147	SKTGIJFO_CDS_0147,SKTGIJFO_CDS_3143,SKTGIJFO_CDS_2766,SKTGIJFO_CDS_2580,SKTGIJFO_CDS_2177,SKTGIJFO_CDS_1980,SKTGIJFO_CDS_0587,SKTGIJFO_CDS_2949
SKTGIJFO_CDS_0238	SKTGIJFO_CDS_0238,SKTGIJFO_CDS_1177,SKTGIJFO_CDS_0678
SKTGIJFO_CDS_0355	SKTGIJFO_CDS_0355,SKTGIJFO_CDS_1639,SKTGIJFO_CDS_1467,SKTGIJFO_CDS_1298,SKTGIJFO_CDS_0791
SKTGIJFO_CDS_0392	SKTGIJFO_CDS_0392
SKTGIJFO_CDS_1095	SKTGIJFO_CDS_1095
SKTGIJFO_CDS_2335	SKTGIJFO_CDS_2335
SKTGIJFO_CDS_2648	SKTGIJFO_CDS_2648,SKTGIJFO_CDS_2833
SKTGIJFO_CDS_3467	SKTGIJFO_CDS_3467
SKTGIJFO_CDS_3722	SKTGIJFO_CDS_3722,SKTGIJFO_CDS_4560,SKTGIJFO_CDS_4141
SKTGIJFO_CDS_4009	SKTGIJFO_CDS_4009,SKTGIJFO_CDS_4424
SKTGIJFO_CDS_4868	SKTGIJFO_CDS_4868
SKTGIJFO_CDS_4900	SKTGIJFO_CDS_4900
SKTGIJFO_CDS_0124	SKTGIJFO_CDS_0124,SKTGIJFO_CDS_3120,SKTGIJFO_CDS_2926
SKTGIJFO_CDS_0146	SKTGIJFO_CDS_0146,SKTGIJFO_CDS_3142,SKTGIJFO_CDS_2948,SKTGIJFO_CDS_2765,SKTGIJFO_CDS_2579,SKTGIJFO_CDS_2176,SKTGIJFO_CDS_1979,SKTGIJFO_CDS_0586
SKTGIJFO_CDS_0337	SKTGIJFO_CDS_0337,SKTGIJFO_CDS_1618,SKTGIJFO_CDS_1446,SKTGIJFO_CDS_0770,SKTGIJFO_CDS_1277
SKTGIJFO_CDS_0350	SKTGIJFO_CDS_0350,SKTGIJFO_CDS_1459
SKTGIJFO_CDS_0783	SKTGIJFO_CDS_0783,SKTGIJFO_CDS_1631,SKTGIJFO_CDS_1290
SKTGIJFO_CDS_0885	SKTGIJFO_CDS_0885,SKTGIJFO_CDS_1827
SKTGIJFO_CDS_0931	SKTGIJFO_CDS_0931
SKTGIJFO_CDS_1080	SKTGIJFO_CDS_1080,SKTGIJFO_CDS_0374,SKTGIJFO_CDS_0375
SKTGIJFO_CDS_1738	SKTGIJFO_CDS_1738
SKTGIJFO_CDS_3184	SKTGIJFO_CDS_3184
SKTGIJFO_CDS_3327	SKTGIJFO_CDS_3327
SKTGIJFO_CDS_3420	SKTGIJFO_CDS_3420
SKTGIJFO_CDS_3444	SKTGIJFO_CDS_3444
SKTGIJFO_CDS_3660	SKTGIJFO_CDS_3660,SKTGIJFO_CDS_4495,SKTGIJFO_CDS_4081
SKTGIJFO_CDS_0188	SKTGIJFO_CDS_0188,SKTGIJFO_CDS_2218,SKTGIJFO_CDS_2021,SKTGIJFO_CDS_0629,SKTGIJFO_CDS_2992
SKTGIJFO_CDS_0217	SKTGIJFO_CDS_0217
SKTGIJFO_CDS_0336	SKTGIJFO_CDS_0336,SKTGIJFO_CDS_1617,SKTGIJFO_CDS_1445,SKTGIJFO_CDS_0769,SKTGIJFO_CDS_1276
SKTGIJFO_CDS_0872	SKTGIJFO_CDS_0872,SKTGIJFO_CDS_1814,SKTGIJFO_CDS_1725
SKTGIJFO_CDS_1064	SKTGIJFO_CDS_1064
SKTGIJFO_CDS_1497	SKTGIJFO_CDS_1497
SKTGIJFO_CDS_2315	SKTGIJFO_CDS_2315
SKTGIJFO_CDS_2417	SKTGIJFO_CDS_2417
SKTGIJFO_CDS_3298	SKTGIJFO_CDS_3298
SKTGIJFO_CDS_3328	SKTGIJFO_CDS_3328
SKTGIJFO_CDS_3474	SKTGIJFO_CDS_3474
SKTGIJFO_CDS_3513	SKTGIJFO_CDS_3513
SKTGIJFO_CDS_3669	SKTGIJFO_CDS_3669
SKTGIJFO_CDS_4088	SKTGIJFO_CDS_4088,SKTGIJFO_CDS_4504
SKTGIJFO_CDS_4883	SKTGIJFO_CDS_4883
SKTGIJFO_CDS_5212	SKTGIJFO_CDS_5212
SKTGIJFO_CDS_0169	SKTGIJFO_CDS_0169,SKTGIJFO_CDS_2199,SKTGIJFO_CDS_2002,SKTGIJFO_CDS_3489,SKTGIJFO_CDS_3169,SKTGIJFO_CDS_2789,SKTGIJFO_CDS_2603,SKTGIJFO_CDS_0610,SKTGIJFO_CDS_2972
SKTGIJFO_CDS_0218	SKTGIJFO_CDS_0218
SKTGIJFO_CDS_0299	SKTGIJFO_CDS_0299,SKTGIJFO_CDS_1580,SKTGIJFO_CDS_1408,SKTGIJFO_CDS_1238
SKTGIJFO_CDS_0382	SKTGIJFO_CDS_0382,SKTGIJFO_CDS_1086
SKTGIJFO_CDS_0388	SKTGIJFO_CDS_0388,SKTGIJFO_CDS_1091
SKTGIJFO_CDS_1347	SKTGIJFO_CDS_1347,SKTGIJFO_CDS_1519
SKTGIJFO_CDS_2336	SKTGIJFO_CDS_2336
SKTGIJFO_CDS_3845	SKTGIJFO_CDS_3845,SKTGIJFO_CDS_4683,SKTGIJFO_CDS_4265
SKTGIJFO_CDS_0177	SKTGIJFO_CDS_0177,SKTGIJFO_CDS_2207,SKTGIJFO_CDS_2010,SKTGIJFO_CDS_0618
SKTGIJFO_CDS_0212	SKTGIJFO_CDS_0212,SKTGIJFO_CDS_1327,SKTGIJFO_CDS_0655
SKTGIJFO_CDS_0326	SKTGIJFO_CDS_0326,SKTGIJFO_CDS_1607,SKTGIJFO_CDS_1435,SKTGIJFO_CDS_1265,SKTGIJFO_CDS_0759
SKTGIJFO_CDS_0565	SKTGIJFO_CDS_0565,SKTGIJFO_CDS_2744,SKTGIJFO_CDS_2558,SKTGIJFO_CDS_2155,SKTGIJFO_CDS_1958
SKTGIJFO_CDS_0797	SKTGIJFO_CDS_0797,SKTGIJFO_CDS_1645,SKTGIJFO_CDS_1473,SKTGIJFO_CDS_1304,SKTGIJFO_CDS_0361
SKTGIJFO_CDS_0848	SKTGIJFO_CDS_0848,SKTGIJFO_CDS_1697
SKTGIJFO_CDS_0849	SKTGIJFO_CDS_0849,SKTGIJFO_CDS_1698,SKTGIJFO_CDS_1787
SKTGIJFO_CDS_0987	SKTGIJFO_CDS_0987
SKTGIJFO_CDS_0997	SKTGIJFO_CDS_0997,SKTGIJFO_CDS_2248
SKTGIJFO_CDS_1507	SKTGIJFO_CDS_1507
SKTGIJFO_CDS_1786	SKTGIJFO_CDS_1786
SKTGIJFO_CDS_2238	SKTGIJFO_CDS_2238
SKTGIJFO_CDS_2337	SKTGIJFO_CDS_2337
SKTGIJFO_CDS_2980	SKTGIJFO_CDS_2980
SKTGIJFO_CDS_3177	SKTGIJFO_CDS_3177
SKTGIJFO_CDS_3282	SKTGIJFO_CDS_3282
SKTGIJFO_CDS_3304	SKTGIJFO_CDS_3304
SKTGIJFO_CDS_3445	SKTGIJFO_CDS_3445
SKTGIJFO_CDS_3497	SKTGIJFO_CDS_3497
SKTGIJFO_CDS_5213	SKTGIJFO_CDS_5213
SKTGIJFO_CDS_5236	SKTGIJFO_CDS_5236
SKTGIJFO_CDS_0125	SKTGIJFO_CDS_0125
SKTGIJFO_CDS_0280	SKTGIJFO_CDS_0280,SKTGIJFO_CDS_1561,SKTGIJFO_CDS_1389,SKTGIJFO_CDS_1219,SKTGIJFO_CDS_0721
SKTGIJFO_CDS_0300	SKTGIJFO_CDS_0300,SKTGIJFO_CDS_1581,SKTGIJFO_CDS_1409,SKTGIJFO_CDS_1239
SKTGIJFO_CDS_0924	SKTGIJFO_CDS_0924
SKTGIJFO_CDS_0985	SKTGIJFO_CDS_0985
SKTGIJFO_CDS_1081	SKTGIJFO_CDS_1081
SKTGIJFO_CDS_2236	SKTGIJFO_CDS_2236
SKTGIJFO_CDS_2610	SKTGIJFO_CDS_2610,SKTGIJFO_CDS_3185
SKTGIJFO_CDS_2927	SKTGIJFO_CDS_2927,SKTGIJFO_CDS_3121
SKTGIJFO_CDS_3322	SKTGIJFO_CDS_3322
SKTGIJFO_CDS_3466	SKTGIJFO_CDS_3466
SKTGIJFO_CDS_3605	SKTGIJFO_CDS_3605,SKTGIJFO_CDS_4440,SKTGIJFO_CDS_4025
SKTGIJFO_CDS_0025	SKTGIJFO_CDS_0025,SKTGIJFO_CDS_3023,SKTGIJFO_CDS_2827,SKTGIJFO_CDS_2642,SKTGIJFO_CDS_2055,SKTGIJFO_CDS_3216
SKTGIJFO_CDS_0194	SKTGIJFO_CDS_0194,SKTGIJFO_CDS_2224,SKTGIJFO_CDS_2026,SKTGIJFO_CDS_0635,SKTGIJFO_CDS_3518
SKTGIJFO_CDS_0365	SKTGIJFO_CDS_0365,SKTGIJFO_CDS_1649,SKTGIJFO_CDS_1477,SKTGIJFO_CDS_1308,SKTGIJFO_CDS_0801
SKTGIJFO_CDS_0366	SKTGIJFO_CDS_0366,SKTGIJFO_CDS_1650,SKTGIJFO_CDS_1478,SKTGIJFO_CDS_1309,SKTGIJFO_CDS_0802
SKTGIJFO_CDS_0376	SKTGIJFO_CDS_0376
SKTGIJFO_CDS_0407	SKTGIJFO_CDS_0407
SKTGIJFO_CDS_0465	SKTGIJFO_CDS_0465,SKTGIJFO_CDS_1859,SKTGIJFO_CDS_3544
SKTGIJFO_CDS_0843	SKTGIJFO_CDS_0843,SKTGIJFO_CDS_1691,SKTGIJFO_CDS_1781
SKTGIJFO_CDS_0899	SKTGIJFO_CDS_0899
SKTGIJFO_CDS_0914	SKTGIJFO_CDS_0914
SKTGIJFO_CDS_0915	SKTGIJFO_CDS_0915
SKTGIJFO_CDS_0947	SKTGIJFO_CDS_0947
SKTGIJFO_CDS_1004	SKTGIJFO_CDS_1004,SKTGIJFO_CDS_2255
SKTGIJFO_CDS_1062	SKTGIJFO_CDS_1062,SKTGIJFO_CDS_2313
SKTGIJFO_CDS_1063	SKTGIJFO_CDS_1063,SKTGIJFO_CDS_2314
SKTGIJFO_CDS_1129	SKTGIJFO_CDS_1129
SKTGIJFO_CDS_1744	SKTGIJFO_CDS_1744,SKTGIJFO_CDS_1833,SKTGIJFO_CDS_0891
SKTGIJFO_CDS_2353	SKTGIJFO_CDS_2353
SKTGIJFO_CDS_2415	SKTGIJFO_CDS_2415
SKTGIJFO_CDS_2416	SKTGIJFO_CDS_2416
SKTGIJFO_CDS_2487	SKTGIJFO_CDS_2487
SKTGIJFO_CDS_3321	SKTGIJFO_CDS_3321
SKTGIJFO_CDS_5010	SKTGIJFO_CDS_5010
SKTGIJFO_CDS_0015	SKTGIJFO_CDS_0015,SKTGIJFO_CDS_2045,SKTGIJFO_CDS_1849,SKTGIJFO_CDS_3206,SKTGIJFO_CDS_3013,SKTGIJFO_CDS_2817,SKTGIJFO_CDS_2632
SKTGIJFO_CDS_0324	SKTGIJFO_CDS_0324,SKTGIJFO_CDS_1605,SKTGIJFO_CDS_1263,SKTGIJFO_CDS_0757,SKTGIJFO_CDS_1433
SKTGIJFO_CDS_0455	SKTGIJFO_CDS_0455
SKTGIJFO_CDS_3534	SKTGIJFO_CDS_3534
SKTGIJFO_CDS_3564	SKTGIJFO_CDS_3564
SKTGIJFO_CDS_3565	SKTGIJFO_CDS_3565,SKTGIJFO_CDS_4403,SKTGIJFO_CDS_3986
SKTGIJFO_CDS_3719	SKTGIJFO_CDS_3719,SKTGIJFO_CDS_4557,SKTGIJFO_CDS_4138
SKTGIJFO_CDS_4225	SKTGIJFO_CDS_4225,SKTGIJFO_CDS_4643,SKTGIJFO_CDS_3806
SKTGIJFO_CDS_4834	SKTGIJFO_CDS_4834
SKTGIJFO_CDS_4911	SKTGIJFO_CDS_4911
SKTGIJFO_CDS_0040	SKTGIJFO_CDS_0040,SKTGIJFO_CDS_3231,SKTGIJFO_CDS_3038,SKTGIJFO_CDS_2842,SKTGIJFO_CDS_2657,SKTGIJFO_CDS_2070,SKTGIJFO_CDS_1874,SKTGIJFO_CDS_0480
SKTGIJFO_CDS_0298	SKTGIJFO_CDS_0298,SKTGIJFO_CDS_1579,SKTGIJFO_CDS_1407,SKTGIJFO_CDS_1237,SKTGIJFO_CDS_0739
SKTGIJFO_CDS_0345	SKTGIJFO_CDS_0345,SKTGIJFO_CDS_1626,SKTGIJFO_CDS_1454,SKTGIJFO_CDS_1285,SKTGIJFO_CDS_0778
SKTGIJFO_CDS_0930	SKTGIJFO_CDS_0930
SKTGIJFO_CDS_1803	SKTGIJFO_CDS_1803
SKTGIJFO_CDS_3338	SKTGIJFO_CDS_3338
SKTGIJFO_CDS_3356	SKTGIJFO_CDS_3356
SKTGIJFO_CDS_3651	SKTGIJFO_CDS_3651,SKTGIJFO_CDS_4486,SKTGIJFO_CDS_4072
SKTGIJFO_CDS_3661	SKTGIJFO_CDS_3661,SKTGIJFO_CDS_4496
SKTGIJFO_CDS_3843	SKTGIJFO_CDS_3843,SKTGIJFO_CDS_4681,SKTGIJFO_CDS_4263
SKTGIJFO_CDS_4008	SKTGIJFO_CDS_4008,SKTGIJFO_CDS_4423
SKTGIJFO_CDS_5241	SKTGIJFO_CDS_5241
SKTGIJFO_CDS_0135	SKTGIJFO_CDS_0135,SKTGIJFO_CDS_3454,SKTGIJFO_CDS_2937,SKTGIJFO_CDS_2754,SKTGIJFO_CDS_2568,SKTGIJFO_CDS_2165,SKTGIJFO_CDS_1968,SKTGIJFO_CDS_0575
SKTGIJFO_CDS_0231	SKTGIJFO_CDS_0231,SKTGIJFO_CDS_1340,SKTGIJFO_CDS_1170,SKTGIJFO_CDS_0671
SKTGIJFO_CDS_0666	SKTGIJFO_CDS_0666
SKTGIJFO_CDS_0863	SKTGIJFO_CDS_0863,SKTGIJFO_CDS_1802
SKTGIJFO_CDS_0948	SKTGIJFO_CDS_0948
SKTGIJFO_CDS_1714	SKTGIJFO_CDS_1714
SKTGIJFO_CDS_1715	SKTGIJFO_CDS_1715
SKTGIJFO_CDS_2411	SKTGIJFO_CDS_2411
SKTGIJFO_CDS_2620	SKTGIJFO_CDS_2620,SKTGIJFO_CDS_2805,SKTGIJFO_CDS_3524,SKTGIJFO_CDS_3002,SKTGIJFO_CDS_0640,SKTGIJFO_CDS_0444
SKTGIJFO_CDS_3572	SKTGIJFO_CDS_3572,SKTGIJFO_CDS_3993,SKTGIJFO_CDS_4410
SKTGIJFO_CDS_3588	SKTGIJFO_CDS_3588
SKTGIJFO_CDS_3939	SKTGIJFO_CDS_3939,SKTGIJFO_CDS_4775,SKTGIJFO_CDS_4358
SKTGIJFO_CDS_3984	SKTGIJFO_CDS_3984
SKTGIJFO_CDS_4865	SKTGIJFO_CDS_4865
SKTGIJFO_CDS_4977	SKTGIJFO_CDS_4977
SKTGIJFO_CDS_5108	SKTGIJFO_CDS_5108
SKTGIJFO_CDS_0241	SKTGIJFO_CDS_0241,SKTGIJFO_CDS_1180,SKTGIJFO_CDS_0681
SKTGIJFO_CDS_0314	SKTGIJFO_CDS_0314,SKTGIJFO_CDS_1595,SKTGIJFO_CDS_1423,SKTGIJFO_CDS_1253,SKTGIJFO_CDS_0747
SKTGIJFO_CDS_0832	SKTGIJFO_CDS_0832,SKTGIJFO_CDS_1680,SKTGIJFO_CDS_1771
SKTGIJFO_CDS_0886	SKTGIJFO_CDS_0886,SKTGIJFO_CDS_1828,SKTGIJFO_CDS_1739
SKTGIJFO_CDS_0949	SKTGIJFO_CDS_0949
SKTGIJFO_CDS_1020	SKTGIJFO_CDS_1020,SKTGIJFO_CDS_2271
SKTGIJFO_CDS_1350	SKTGIJFO_CDS_1350,SKTGIJFO_CDS_1522
SKTGIJFO_CDS_2371	SKTGIJFO_CDS_2371
SKTGIJFO_CDS_2413	SKTGIJFO_CDS_2413
SKTGIJFO_CDS_2449	SKTGIJFO_CDS_2449
SKTGIJFO_CDS_3131	SKTGIJFO_CDS_3131
SKTGIJFO_CDS_3449	SKTGIJFO_CDS_3449
SKTGIJFO_CDS_3777	SKTGIJFO_CDS_3777,SKTGIJFO_CDS_4614,SKTGIJFO_CDS_4196
SKTGIJFO_CDS_0160	SKTGIJFO_CDS_0160,SKTGIJFO_CDS_2190,SKTGIJFO_CDS_1993
SKTGIJFO_CDS_0168	SKTGIJFO_CDS_0168,SKTGIJFO_CDS_2198,SKTGIJFO_CDS_2001,SKTGIJFO_CDS_3488,SKTGIJFO_CDS_0609,SKTGIJFO_CDS_3168,SKTGIJFO_CDS_2971,SKTGIJFO_CDS_2788,SKTGIJFO_CDS_2602
SKTGIJFO_CDS_0222	SKTGIJFO_CDS_0222,SKTGIJFO_CDS_1161,SKTGIJFO_CDS_0663
SKTGIJFO_CDS_0601	SKTGIJFO_CDS_0601,SKTGIJFO_CDS_3157,SKTGIJFO_CDS_2962,SKTGIJFO_CDS_2778,SKTGIJFO_CDS_2592
SKTGIJFO_CDS_0879	SKTGIJFO_CDS_0879,SKTGIJFO_CDS_1821,SKTGIJFO_CDS_1732
SKTGIJFO_CDS_2365	SKTGIJFO_CDS_2365
SKTGIJFO_CDS_3254	SKTGIJFO_CDS_3254
SKTGIJFO_CDS_3323	SKTGIJFO_CDS_3323
SKTGIJFO_CDS_3480	SKTGIJFO_CDS_3480
SKTGIJFO_CDS_3966	SKTGIJFO_CDS_3966,SKTGIJFO_CDS_4802,SKTGIJFO_CDS_4385
SKTGIJFO_CDS_4862	SKTGIJFO_CDS_4862
SKTGIJFO_CDS_0301	SKTGIJFO_CDS_0301,SKTGIJFO_CDS_1582,SKTGIJFO_CDS_1410,SKTGIJFO_CDS_1240
SKTGIJFO_CDS_0347	SKTGIJFO_CDS_0347,SKTGIJFO_CDS_1628,SKTGIJFO_CDS_1456,SKTGIJFO_CDS_1287,SKTGIJFO_CDS_0780
SKTGIJFO_CDS_1515	SKTGIJFO_CDS_1515
SKTGIJFO_CDS_1716	SKTGIJFO_CDS_1716,SKTGIJFO_CDS_1805
SKTGIJFO_CDS_2084	SKTGIJFO_CDS_2084,SKTGIJFO_CDS_3371,SKTGIJFO_CDS_1888,SKTGIJFO_CDS_0495,SKTGIJFO_CDS_0054,SKTGIJFO_CDS_3246,SKTGIJFO_CDS_3054,SKTGIJFO_CDS_2857,SKTGIJFO_CDS_2672
SKTGIJFO_CDS_3470	SKTGIJFO_CDS_3470
SKTGIJFO_CDS_3696	SKTGIJFO_CDS_3696,SKTGIJFO_CDS_4534,SKTGIJFO_CDS_4115
SKTGIJFO_CDS_5013	SKTGIJFO_CDS_5013
SKTGIJFO_CDS_5125	SKTGIJFO_CDS_5125
SKTGIJFO_CDS_5172	SKTGIJFO_CDS_5172
SKTGIJFO_CDS_0023	SKTGIJFO_CDS_0023,SKTGIJFO_CDS_3214,SKTGIJFO_CDS_3021,SKTGIJFO_CDS_2053,SKTGIJFO_CDS_2825,SKTGIJFO_CDS_2640
SKTGIJFO_CDS_0103	SKTGIJFO_CDS_0103,SKTGIJFO_CDS_2907,SKTGIJFO_CDS_2722,SKTGIJFO_CDS_2536
SKTGIJFO_CDS_0434	SKTGIJFO_CDS_0434,SKTGIJFO_CDS_1137
SKTGIJFO_CDS_0463	SKTGIJFO_CDS_0463,SKTGIJFO_CDS_1857,SKTGIJFO_CDS_3542
SKTGIJFO_CDS_0545	SKTGIJFO_CDS_0545,SKTGIJFO_CDS_2135,SKTGIJFO_CDS_1938
SKTGIJFO_CDS_0676	SKTGIJFO_CDS_0676,SKTGIJFO_CDS_1175,SKTGIJFO_CDS_0236
SKTGIJFO_CDS_0936	SKTGIJFO_CDS_0936
SKTGIJFO_CDS_1512	SKTGIJFO_CDS_1512
SKTGIJFO_CDS_2083	SKTGIJFO_CDS_2083
SKTGIJFO_CDS_2400	SKTGIJFO_CDS_2400,SKTGIJFO_CDS_2303,SKTGIJFO_CDS_1052
SKTGIJFO_CDS_2469	SKTGIJFO_CDS_2469
SKTGIJFO_CDS_3101	SKTGIJFO_CDS_3101
SKTGIJFO_CDS_3424	SKTGIJFO_CDS_3424
SKTGIJFO_CDS_3765	SKTGIJFO_CDS_3765,SKTGIJFO_CDS_4602,SKTGIJFO_CDS_4184
SKTGIJFO_CDS_0152	SKTGIJFO_CDS_0152,SKTGIJFO_CDS_2182,SKTGIJFO_CDS_1985,SKTGIJFO_CDS_2954,SKTGIJFO_CDS_3473,SKTGIJFO_CDS_3148,SKTGIJFO_CDS_0592,SKTGIJFO_CDS_2771,SKTGIJFO_CDS_2585
SKTGIJFO_CDS_0174	SKTGIJFO_CDS_0174,SKTGIJFO_CDS_2204,SKTGIJFO_CDS_2007,SKTGIJFO_CDS_0615
SKTGIJFO_CDS_0191	SKTGIJFO_CDS_0191,SKTGIJFO_CDS_2221,SKTGIJFO_CDS_0632
SKTGIJFO_CDS_0226	SKTGIJFO_CDS_0226,SKTGIJFO_CDS_1335,SKTGIJFO_CDS_1165
SKTGIJFO_CDS_0317	SKTGIJFO_CDS_0317,SKTGIJFO_CDS_1598,SKTGIJFO_CDS_1426,SKTGIJFO_CDS_1256,SKTGIJFO_CDS_0750
SKTGIJFO_CDS_0438	SKTGIJFO_CDS_0438
SKTGIJFO_CDS_0441	SKTGIJFO_CDS_0441
SKTGIJFO_CDS_1000	SKTGIJFO_CDS_1000,SKTGIJFO_CDS_2251
SKTGIJFO_CDS_1141	SKTGIJFO_CDS_1141
SKTGIJFO_CDS_1508	SKTGIJFO_CDS_1508
SKTGIJFO_CDS_2535	SKTGIJFO_CDS_2535,SKTGIJFO_CDS_2721,SKTGIJFO_CDS_2906,SKTGIJFO_CDS_0102,SKTGIJFO_CDS_3100
SKTGIJFO_CDS_2978	SKTGIJFO_CDS_2978,SKTGIJFO_CDS_3495,SKTGIJFO_CDS_3175
SKTGIJFO_CDS_3174	SKTGIJFO_CDS_3174
SKTGIJFO_CDS_3305	SKTGIJFO_CDS_3305
SKTGIJFO_CDS_3508	SKTGIJFO_CDS_3508
SKTGIJFO_CDS_3896	SKTGIJFO_CDS_3896,SKTGIJFO_CDS_4733,SKTGIJFO_CDS_4314
SKTGIJFO_CDS_4046	SKTGIJFO_CDS_4046,SKTGIJFO_CDS_4461
SKTGIJFO_CDS_4921	SKTGIJFO_CDS_4921
SKTGIJFO_CDS_4973	SKTGIJFO_CDS_4973
SKTGIJFO_CDS_5023	SKTGIJFO_CDS_5023
SKTGIJFO_CDS_0113	SKTGIJFO_CDS_0113
SKTGIJFO_CDS_0242	SKTGIJFO_CDS_0242,SKTGIJFO_CDS_1181,SKTGIJFO_CDS_0682
SKTGIJFO_CDS_0418	SKTGIJFO_CDS_0418,SKTGIJFO_CDS_1119
SKTGIJFO_CDS_0555	SKTGIJFO_CDS_0555,SKTGIJFO_CDS_3111,SKTGIJFO_CDS_2732,SKTGIJFO_CDS_2546,SKTGIJFO_CDS_2145,SKTGIJFO_CDS_1948
SKTGIJFO_CDS_0932	SKTGIJFO_CDS_0932
SKTGIJFO_CDS_0963	SKTGIJFO_CDS_0963
SKTGIJFO_CDS_0968	SKTGIJFO_CDS_0968
SKTGIJFO_CDS_2917	SKTGIJFO_CDS_2917,SKTGIJFO_CDS_3433
SKTGIJFO_CDS_3280	SKTGIJFO_CDS_3280
SKTGIJFO_CDS_3285	SKTGIJFO_CDS_3285
SKTGIJFO_CDS_3329	SKTGIJFO_CDS_3329
SKTGIJFO_CDS_3720	SKTGIJFO_CDS_3720,SKTGIJFO_CDS_4558,SKTGIJFO_CDS_4139
SKTGIJFO_CDS_3897	SKTGIJFO_CDS_3897
SKTGIJFO_CDS_4315	SKTGIJFO_CDS_4315,SKTGIJFO_CDS_4734
SKTGIJFO_CDS_0214	SKTGIJFO_CDS_0214,SKTGIJFO_CDS_1329,SKTGIJFO_CDS_1155,SKTGIJFO_CDS_1499,SKTGIJFO_CDS_0657
SKTGIJFO_CDS_0951	SKTGIJFO_CDS_0951
SKTGIJFO_CDS_0994	SKTGIJFO_CDS_0994,SKTGIJFO_CDS_2245
SKTGIJFO_CDS_1025	SKTGIJFO_CDS_1025,SKTGIJFO_CDS_2276
SKTGIJFO_CDS_1351	SKTGIJFO_CDS_1351,SKTGIJFO_CDS_1523
SKTGIJFO_CDS_2345	SKTGIJFO_CDS_2345
SKTGIJFO_CDS_3617	SKTGIJFO_CDS_3617,SKTGIJFO_CDS_4451,SKTGIJFO_CDS_4036
SKTGIJFO_CDS_3631	SKTGIJFO_CDS_3631,SKTGIJFO_CDS_4466
SKTGIJFO_CDS_5171	SKTGIJFO_CDS_5171
SKTGIJFO_CDS_5191	SKTGIJFO_CDS_5191
SKTGIJFO_CDS_0045	SKTGIJFO_CDS_0045,SKTGIJFO_CDS_3362,SKTGIJFO_CDS_3045,SKTGIJFO_CDS_2848,SKTGIJFO_CDS_2663,SKTGIJFO_CDS_2075,SKTGIJFO_CDS_1879,SKTGIJFO_CDS_0486,SKTGIJFO_CDS_3237
SKTGIJFO_CDS_0047	SKTGIJFO_CDS_0047,SKTGIJFO_CDS_3364,SKTGIJFO_CDS_3239,SKTGIJFO_CDS_2850,SKTGIJFO_CDS_2665,SKTGIJFO_CDS_2077,SKTGIJFO_CDS_1881,SKTGIJFO_CDS_0488,SKTGIJFO_CDS_3047
SKTGIJFO_CDS_0115	SKTGIJFO_CDS_0115,SKTGIJFO_CDS_3113,SKTGIJFO_CDS_2919,SKTGIJFO_CDS_2734,SKTGIJFO_CDS_2548,SKTGIJFO_CDS_3435,SKTGIJFO_CDS_2147,SKTGIJFO_CDS_1950,SKTGIJFO_CDS_0557
SKTGIJFO_CDS_0149	SKTGIJFO_CDS_0149,SKTGIJFO_CDS_3145,SKTGIJFO_CDS_2951,SKTGIJFO_CDS_2179,SKTGIJFO_CDS_1982,SKTGIJFO_CDS_0589,SKTGIJFO_CDS_2768,SKTGIJFO_CDS_2582
SKTGIJFO_CDS_0308	SKTGIJFO_CDS_0308,SKTGIJFO_CDS_1589,SKTGIJFO_CDS_1417,SKTGIJFO_CDS_1247,SKTGIJFO_CDS_0741
SKTGIJFO_CDS_0315	SKTGIJFO_CDS_0315,SKTGIJFO_CDS_1596,SKTGIJFO_CDS_1424,SKTGIJFO_CDS_0748,SKTGIJFO_CDS_1254
SKTGIJFO_CDS_0389	SKTGIJFO_CDS_0389,SKTGIJFO_CDS_1092
SKTGIJFO_CDS_0990	SKTGIJFO_CDS_0990,SKTGIJFO_CDS_2340,SKTGIJFO_CDS_2241
SKTGIJFO_CDS_0993	SKTGIJFO_CDS_0993,SKTGIJFO_CDS_2244,SKTGIJFO_CDS_2344
SKTGIJFO_CDS_1075	SKTGIJFO_CDS_1075
SKTGIJFO_CDS_1804	SKTGIJFO_CDS_1804
SKTGIJFO_CDS_2324	SKTGIJFO_CDS_2324,SKTGIJFO_CDS_2428
SKTGIJFO_CDS_3257	SKTGIJFO_CDS_3257
SKTGIJFO_CDS_3297	SKTGIJFO_CDS_3297
SKTGIJFO_CDS_3612	SKTGIJFO_CDS_3612,SKTGIJFO_CDS_4446,SKTGIJFO_CDS_4031
SKTGIJFO_CDS_3921	SKTGIJFO_CDS_3921,SKTGIJFO_CDS_4761,SKTGIJFO_CDS_4342
SKTGIJFO_CDS_0132	SKTGIJFO_CDS_0132,SKTGIJFO_CDS_2751,SKTGIJFO_CDS_2565,SKTGIJFO_CDS_2162,SKTGIJFO_CDS_1965,SKTGIJFO_CDS_0572
SKTGIJFO_CDS_0134	SKTGIJFO_CDS_0134,SKTGIJFO_CDS_3453,SKTGIJFO_CDS_2936,SKTGIJFO_CDS_2753,SKTGIJFO_CDS_2567,SKTGIJFO_CDS_2164,SKTGIJFO_CDS_1967,SKTGIJFO_CDS_0574
SKTGIJFO_CDS_0945	SKTGIJFO_CDS_0945
SKTGIJFO_CDS_1641	SKTGIJFO_CDS_1641
SKTGIJFO_CDS_2934	SKTGIJFO_CDS_2934,SKTGIJFO_CDS_3128
SKTGIJFO_CDS_2977	SKTGIJFO_CDS_2977,SKTGIJFO_CDS_3494
SKTGIJFO_CDS_3130	SKTGIJFO_CDS_3130
SKTGIJFO_CDS_3191	SKTGIJFO_CDS_3191,SKTGIJFO_CDS_2998,SKTGIJFO_CDS_2801,SKTGIJFO_CDS_2616
SKTGIJFO_CDS_3626	SKTGIJFO_CDS_3626
SKTGIJFO_CDS_3688	SKTGIJFO_CDS_3688
SKTGIJFO_CDS_3917	SKTGIJFO_CDS_3917
SKTGIJFO_CDS_3972	SKTGIJFO_CDS_3972,SKTGIJFO_CDS_4808,SKTGIJFO_CDS_4391
SKTGIJFO_CDS_4972	SKTGIJFO_CDS_4972
SKTGIJFO_CDS_0369	SKTGIJFO_CDS_0369,SKTGIJFO_CDS_1481,SKTGIJFO_CDS_1484,SKTGIJFO_CDS_1142,SKTGIJFO_CDS_0641,SKTGIJFO_CDS_0200,SKTGIJFO_CDS_1315
SKTGIJFO_CDS_0390	SKTGIJFO_CDS_0390
SKTGIJFO_CDS_0397	SKTGIJFO_CDS_0397,SKTGIJFO_CDS_1100
SKTGIJFO_CDS_1093	SKTGIJFO_CDS_1093
SKTGIJFO_CDS_1345	SKTGIJFO_CDS_1345,SKTGIJFO_CDS_1517
SKTGIJFO_CDS_2478	SKTGIJFO_CDS_2478
SKTGIJFO_CDS_3618	SKTGIJFO_CDS_3618
SKTGIJFO_CDS_3710	SKTGIJFO_CDS_3710,SKTGIJFO_CDS_4548,SKTGIJFO_CDS_4129
SKTGIJFO_CDS_3736	SKTGIJFO_CDS_3736,SKTGIJFO_CDS_4574,SKTGIJFO_CDS_4155
SKTGIJFO_CDS_3779	SKTGIJFO_CDS_3779,SKTGIJFO_CDS_4616,SKTGIJFO_CDS_4198
SKTGIJFO_CDS_3791	SKTGIJFO_CDS_3791,SKTGIJFO_CDS_4210,SKTGIJFO_CDS_4628
SKTGIJFO_CDS_4002	SKTGIJFO_CDS_4002
SKTGIJFO_CDS_4039	SKTGIJFO_CDS_4039,SKTGIJFO_CDS_4454
SKTGIJFO_CDS_4842	SKTGIJFO_CDS_4842
SKTGIJFO_CDS_4934	SKTGIJFO_CDS_4934
SKTGIJFO_CDS_0158	SKTGIJFO_CDS_0158,SKTGIJFO_CDS_2188,SKTGIJFO_CDS_1991,SKTGIJFO_CDS_3478,SKTGIJFO_CDS_2960
SKTGIJFO_CDS_0322	SKTGIJFO_CDS_0322,SKTGIJFO_CDS_1603,SKTGIJFO_CDS_1431,SKTGIJFO_CDS_1261,SKTGIJFO_CDS_0755
SKTGIJFO_CDS_0339	SKTGIJFO_CDS_0339,SKTGIJFO_CDS_1620,SKTGIJFO_CDS_1448,SKTGIJFO_CDS_1279,SKTGIJFO_CDS_0772
SKTGIJFO_CDS_0598	SKTGIJFO_CDS_0598,SKTGIJFO_CDS_3154
SKTGIJFO_CDS_2590	SKTGIJFO_CDS_2590,SKTGIJFO_CDS_2776
SKTGIJFO_CDS_3269	SKTGIJFO_CDS_3269
SKTGIJFO_CDS_3309	SKTGIJFO_CDS_3309
SKTGIJFO_CDS_3744	SKTGIJFO_CDS_3744,SKTGIJFO_CDS_4163
SKTGIJFO_CDS_5038	SKTGIJFO_CDS_5038
SKTGIJFO_CDS_0131	SKTGIJFO_CDS_0131,SKTGIJFO_CDS_2750,SKTGIJFO_CDS_2564,SKTGIJFO_CDS_2161,SKTGIJFO_CDS_1964,SKTGIJFO_CDS_0571,SKTGIJFO_CDS_3451
SKTGIJFO_CDS_0186	SKTGIJFO_CDS_0186,SKTGIJFO_CDS_2216,SKTGIJFO_CDS_2019,SKTGIJFO_CDS_0627
SKTGIJFO_CDS_0362	SKTGIJFO_CDS_0362,SKTGIJFO_CDS_1646,SKTGIJFO_CDS_1474,SKTGIJFO_CDS_1305,SKTGIJFO_CDS_0798
SKTGIJFO_CDS_0896	SKTGIJFO_CDS_0896
SKTGIJFO_CDS_0910	SKTGIJFO_CDS_0910
SKTGIJFO_CDS_1747	SKTGIJFO_CDS_1747
SKTGIJFO_CDS_2933	SKTGIJFO_CDS_2933,SKTGIJFO_CDS_3127
SKTGIJFO_CDS_3270	SKTGIJFO_CDS_3270
SKTGIJFO_CDS_3332	SKTGIJFO_CDS_3332
SKTGIJFO_CDS_3515	SKTGIJFO_CDS_3515
SKTGIJFO_CDS_3790	SKTGIJFO_CDS_3790,SKTGIJFO_CDS_4209,SKTGIJFO_CDS_4627
SKTGIJFO_CDS_4831	SKTGIJFO_CDS_4831
SKTGIJFO_CDS_4922	SKTGIJFO_CDS_4922
SKTGIJFO_CDS_0121	SKTGIJFO_CDS_0121,SKTGIJFO_CDS_2740,SKTGIJFO_CDS_2554,SKTGIJFO_CDS_2151,SKTGIJFO_CDS_1954,SKTGIJFO_CDS_0561,SKTGIJFO_CDS_3441,SKTGIJFO_CDS_3117,SKTGIJFO_CDS_2923
SKTGIJFO_CDS_0137	SKTGIJFO_CDS_0137,SKTGIJFO_CDS_3456,SKTGIJFO_CDS_2167,SKTGIJFO_CDS_1970,SKTGIJFO_CDS_0577,SKTGIJFO_CDS_2756,SKTGIJFO_CDS_2570,SKTGIJFO_CDS_3133,SKTGIJFO_CDS_2939
SKTGIJFO_CDS_0233	SKTGIJFO_CDS_0233,SKTGIJFO_CDS_1342,SKTGIJFO_CDS_1172,SKTGIJFO_CDS_0673
SKTGIJFO_CDS_0341	SKTGIJFO_CDS_0341,SKTGIJFO_CDS_1622,SKTGIJFO_CDS_1450,SKTGIJFO_CDS_1281,SKTGIJFO_CDS_0774
SKTGIJFO_CDS_0865	SKTGIJFO_CDS_0865,SKTGIJFO_CDS_1808,SKTGIJFO_CDS_1719
SKTGIJFO_CDS_1078	SKTGIJFO_CDS_1078
SKTGIJFO_CDS_1084	SKTGIJFO_CDS_1084,SKTGIJFO_CDS_0380
SKTGIJFO_CDS_2475	SKTGIJFO_CDS_2475
SKTGIJFO_CDS_3106	SKTGIJFO_CDS_3106,SKTGIJFO_CDS_2912,SKTGIJFO_CDS_2727,SKTGIJFO_CDS_2541,SKTGIJFO_CDS_2140,SKTGIJFO_CDS_1943,SKTGIJFO_CDS_0550,SKTGIJFO_CDS_0108
SKTGIJFO_CDS_3355	SKTGIJFO_CDS_3355
SKTGIJFO_CDS_3429	SKTGIJFO_CDS_3429
SKTGIJFO_CDS_3727	SKTGIJFO_CDS_3727,SKTGIJFO_CDS_4565,SKTGIJFO_CDS_4146
SKTGIJFO_CDS_0101	SKTGIJFO_CDS_0101,SKTGIJFO_CDS_2133,SKTGIJFO_CDS_1936,SKTGIJFO_CDS_0543,SKTGIJFO_CDS_3422
SKTGIJFO_CDS_0224	SKTGIJFO_CDS_0224,SKTGIJFO_CDS_1163
SKTGIJFO_CDS_0933	SKTGIJFO_CDS_0933
SKTGIJFO_CDS_0999	SKTGIJFO_CDS_0999,SKTGIJFO_CDS_2250
SKTGIJFO_CDS_2349	SKTGIJFO_CDS_2349
SKTGIJFO_CDS_2902	SKTGIJFO_CDS_2902
SKTGIJFO_CDS_3418	SKTGIJFO_CDS_3418
SKTGIJFO_CDS_3509	SKTGIJFO_CDS_3509
SKTGIJFO_CDS_3728	SKTGIJFO_CDS_3728,SKTGIJFO_CDS_4566,SKTGIJFO_CDS_4147
SKTGIJFO_CDS_4344	SKTGIJFO_CDS_4344,SKTGIJFO_CDS_4763
SKTGIJFO_CDS_4348	SKTGIJFO_CDS_4348
SKTGIJFO_CDS_4967	SKTGIJFO_CDS_4967
SKTGIJFO_CDS_5131	SKTGIJFO_CDS_5131
SKTGIJFO_CDS_0321	SKTGIJFO_CDS_0321,SKTGIJFO_CDS_1602,SKTGIJFO_CDS_1430,SKTGIJFO_CDS_1260,SKTGIJFO_CDS_0754
SKTGIJFO_CDS_1332	SKTGIJFO_CDS_1332
SKTGIJFO_CDS_3844	SKTGIJFO_CDS_3844,SKTGIJFO_CDS_4682,SKTGIJFO_CDS_4264
SKTGIJFO_CDS_3856	SKTGIJFO_CDS_3856,SKTGIJFO_CDS_4694
SKTGIJFO_CDS_4276	SKTGIJFO_CDS_4276
SKTGIJFO_CDS_4988	SKTGIJFO_CDS_4988
SKTGIJFO_CDS_0193	SKTGIJFO_CDS_0193,SKTGIJFO_CDS_2997,SKTGIJFO_CDS_2223,SKTGIJFO_CDS_0634,SKTGIJFO_CDS_3517,SKTGIJFO_CDS_2800,SKTGIJFO_CDS_2615,SKTGIJFO_CDS_2025,SKTGIJFO_CDS_3190
SKTGIJFO_CDS_0346	SKTGIJFO_CDS_0346,SKTGIJFO_CDS_1627,SKTGIJFO_CDS_1455,SKTGIJFO_CDS_1286,SKTGIJFO_CDS_0779
SKTGIJFO_CDS_0539	SKTGIJFO_CDS_0539,SKTGIJFO_CDS_2129,SKTGIJFO_CDS_1932
SKTGIJFO_CDS_1706	SKTGIJFO_CDS_1706,SKTGIJFO_CDS_1794,SKTGIJFO_CDS_0856
SKTGIJFO_CDS_2531	SKTGIJFO_CDS_2531,SKTGIJFO_CDS_3097,SKTGIJFO_CDS_2717
SKTGIJFO_CDS_3563	SKTGIJFO_CDS_3563,SKTGIJFO_CDS_4399
SKTGIJFO_CDS_0098	SKTGIJFO_CDS_0098
SKTGIJFO_CDS_0906	SKTGIJFO_CDS_0906
SKTGIJFO_CDS_0976	SKTGIJFO_CDS_0976
SKTGIJFO_CDS_1664	SKTGIJFO_CDS_1664,SKTGIJFO_CDS_0816
SKTGIJFO_CDS_1755	SKTGIJFO_CDS_1755
SKTGIJFO_CDS_2433	SKTGIJFO_CDS_2433
SKTGIJFO_CDS_3585	SKTGIJFO_CDS_3585
SKTGIJFO_CDS_4346	SKTGIJFO_CDS_4346
SKTGIJFO_CDS_5123	SKTGIJFO_CDS_5123
SKTGIJFO_CDS_0053	SKTGIJFO_CDS_0053,SKTGIJFO_CDS_3245,SKTGIJFO_CDS_3053,SKTGIJFO_CDS_1887,SKTGIJFO_CDS_0494,SKTGIJFO_CDS_3370,SKTGIJFO_CDS_2856,SKTGIJFO_CDS_2671
SKTGIJFO_CDS_0077	SKTGIJFO_CDS_0077,SKTGIJFO_CDS_3397,SKTGIJFO_CDS_3076,SKTGIJFO_CDS_2881,SKTGIJFO_CDS_2696,SKTGIJFO_CDS_2510,SKTGIJFO_CDS_2108,SKTGIJFO_CDS_1911,SKTGIJFO_CDS_0518
SKTGIJFO_CDS_0870	SKTGIJFO_CDS_0870,SKTGIJFO_CDS_1812
SKTGIJFO_CDS_0982	SKTGIJFO_CDS_0982,SKTGIJFO_CDS_2233
SKTGIJFO_CDS_2087	SKTGIJFO_CDS_2087,SKTGIJFO_CDS_3251
SKTGIJFO_CDS_3653	SKTGIJFO_CDS_3653,SKTGIJFO_CDS_4488,SKTGIJFO_CDS_4074
SKTGIJFO_CDS_4038	SKTGIJFO_CDS_4038,SKTGIJFO_CDS_4453
SKTGIJFO_CDS_5102	SKTGIJFO_CDS_5102
SKTGIJFO_CDS_5121	SKTGIJFO_CDS_5121
SKTGIJFO_CDS_0021	SKTGIJFO_CDS_0021,SKTGIJFO_CDS_2051,SKTGIJFO_CDS_3540,SKTGIJFO_CDS_3212,SKTGIJFO_CDS_1855,SKTGIJFO_CDS_0461,SKTGIJFO_CDS_3019,SKTGIJFO_CDS_2823,SKTGIJFO_CDS_2638
SKTGIJFO_CDS_0195	SKTGIJFO_CDS_0195,SKTGIJFO_CDS_2027,SKTGIJFO_CDS_0636,SKTGIJFO_CDS_2225
SKTGIJFO_CDS_0230	SKTGIJFO_CDS_0230,SKTGIJFO_CDS_1339,SKTGIJFO_CDS_1169,SKTGIJFO_CDS_0670
SKTGIJFO_CDS_0803	SKTGIJFO_CDS_0803,SKTGIJFO_CDS_1651,SKTGIJFO_CDS_1310
SKTGIJFO_CDS_1511	SKTGIJFO_CDS_1511
SKTGIJFO_CDS_2088	SKTGIJFO_CDS_2088,SKTGIJFO_CDS_3376
SKTGIJFO_CDS_2327	SKTGIJFO_CDS_2327
SKTGIJFO_CDS_2451	SKTGIJFO_CDS_2451
SKTGIJFO_CDS_3192	SKTGIJFO_CDS_3192,SKTGIJFO_CDS_2999
SKTGIJFO_CDS_3299	SKTGIJFO_CDS_3299
SKTGIJFO_CDS_3320	SKTGIJFO_CDS_3320
SKTGIJFO_CDS_3622	SKTGIJFO_CDS_3622,SKTGIJFO_CDS_4458,SKTGIJFO_CDS_4043
SKTGIJFO_CDS_4005	SKTGIJFO_CDS_4005,SKTGIJFO_CDS_4420
SKTGIJFO_CDS_4340	SKTGIJFO_CDS_4340,SKTGIJFO_CDS_4759
SKTGIJFO_CDS_4830	SKTGIJFO_CDS_4830
SKTGIJFO_CDS_5198	SKTGIJFO_CDS_5198
SKTGIJFO_CDS_0902	SKTGIJFO_CDS_0902
SKTGIJFO_CDS_0907	SKTGIJFO_CDS_0907
SKTGIJFO_CDS_3510	SKTGIJFO_CDS_3510
SKTGIJFO_CDS_3520	SKTGIJFO_CDS_3520
SKTGIJFO_CDS_3522	SKTGIJFO_CDS_3522
SKTGIJFO_CDS_3602	SKTGIJFO_CDS_3602,SKTGIJFO_CDS_4437,SKTGIJFO_CDS_4022
SKTGIJFO_CDS_3907	SKTGIJFO_CDS_3907,SKTGIJFO_CDS_4747,SKTGIJFO_CDS_4328
SKTGIJFO_CDS_4867	SKTGIJFO_CDS_4867
SKTGIJFO_CDS_4997	SKTGIJFO_CDS_4997
SKTGIJFO_CDS_5157	SKTGIJFO_CDS_5157
SKTGIJFO_CDS_0003	SKTGIJFO_CDS_0003,SKTGIJFO_CDS_2033,SKTGIJFO_CDS_1837,SKTGIJFO_CDS_2228,SKTGIJFO_CDS_2030,SKTGIJFO_CDS_0199,SKTGIJFO_CDS_3196
SKTGIJFO_CDS_0163	SKTGIJFO_CDS_0163,SKTGIJFO_CDS_2193,SKTGIJFO_CDS_1996
SKTGIJFO_CDS_0349	SKTGIJFO_CDS_0349,SKTGIJFO_CDS_1630,SKTGIJFO_CDS_1458,SKTGIJFO_CDS_1289,SKTGIJFO_CDS_0782
SKTGIJFO_CDS_0604	SKTGIJFO_CDS_0604,SKTGIJFO_CDS_2965,SKTGIJFO_CDS_3161,SKTGIJFO_CDS_2782,SKTGIJFO_CDS_2596
SKTGIJFO_CDS_0898	SKTGIJFO_CDS_0898
SKTGIJFO_CDS_2329	SKTGIJFO_CDS_2329
SKTGIJFO_CDS_2430	SKTGIJFO_CDS_2430
SKTGIJFO_CDS_3575	SKTGIJFO_CDS_3575,SKTGIJFO_CDS_3996,SKTGIJFO_CDS_4413
SKTGIJFO_CDS_3842	SKTGIJFO_CDS_3842,SKTGIJFO_CDS_4680
SKTGIJFO_CDS_3895	SKTGIJFO_CDS_3895,SKTGIJFO_CDS_4732,SKTGIJFO_CDS_4313
SKTGIJFO_CDS_3980	SKTGIJFO_CDS_3980
SKTGIJFO_CDS_4262	SKTGIJFO_CDS_4262
SKTGIJFO_CDS_5035	SKTGIJFO_CDS_5035
SKTGIJFO_CDS_5096	SKTGIJFO_CDS_5096
SKTGIJFO_CDS_5104	SKTGIJFO_CDS_5104
SKTGIJFO_CDS_5132	SKTGIJFO_CDS_5132
SKTGIJFO_CDS_0294	SKTGIJFO_CDS_0294,SKTGIJFO_CDS_1575,SKTGIJFO_CDS_1403,SKTGIJFO_CDS_1233,SKTGIJFO_CDS_0735
SKTGIJFO_CDS_0406	SKTGIJFO_CDS_0406
SKTGIJFO_CDS_0900	SKTGIJFO_CDS_0900
SKTGIJFO_CDS_1021	SKTGIJFO_CDS_1021,SKTGIJFO_CDS_2272
SKTGIJFO_CDS_1023	SKTGIJFO_CDS_1023,SKTGIJFO_CDS_2274
SKTGIJFO_CDS_2372	SKTGIJFO_CDS_2372
SKTGIJFO_CDS_3287	SKTGIJFO_CDS_3287
SKTGIJFO_CDS_3483	SKTGIJFO_CDS_3483
SKTGIJFO_CDS_3568	SKTGIJFO_CDS_3568,SKTGIJFO_CDS_4406,SKTGIJFO_CDS_3989
SKTGIJFO_CDS_5115	SKTGIJFO_CDS_5115
SKTGIJFO_CDS_0066	SKTGIJFO_CDS_0066,SKTGIJFO_CDS_3386,SKTGIJFO_CDS_3065,SKTGIJFO_CDS_2870,SKTGIJFO_CDS_2685,SKTGIJFO_CDS_2499,SKTGIJFO_CDS_2097,SKTGIJFO_CDS_1900,SKTGIJFO_CDS_0507
SKTGIJFO_CDS_0192	SKTGIJFO_CDS_0192,SKTGIJFO_CDS_2222,SKTGIJFO_CDS_0633
SKTGIJFO_CDS_0363	SKTGIJFO_CDS_0363,SKTGIJFO_CDS_1647,SKTGIJFO_CDS_1475,SKTGIJFO_CDS_1306,SKTGIJFO_CDS_0799
SKTGIJFO_CDS_0893	SKTGIJFO_CDS_0893,SKTGIJFO_CDS_0974
SKTGIJFO_CDS_0973	SKTGIJFO_CDS_0973
SKTGIJFO_CDS_3194	SKTGIJFO_CDS_3194
SKTGIJFO_CDS_3330	SKTGIJFO_CDS_3330
SKTGIJFO_CDS_3335	SKTGIJFO_CDS_3335
SKTGIJFO_CDS_3894	SKTGIJFO_CDS_3894,SKTGIJFO_CDS_4312
SKTGIJFO_CDS_4107	SKTGIJFO_CDS_4107,SKTGIJFO_CDS_4523
SKTGIJFO_CDS_4418	SKTGIJFO_CDS_4418,SKTGIJFO_CDS_5118
SKTGIJFO_CDS_0352	SKTGIJFO_CDS_0352,SKTGIJFO_CDS_1636,SKTGIJFO_CDS_1464,SKTGIJFO_CDS_1295,SKTGIJFO_CDS_0788
SKTGIJFO_CDS_0805	SKTGIJFO_CDS_0805,SKTGIJFO_CDS_1653,SKTGIJFO_CDS_1312
SKTGIJFO_CDS_0901	SKTGIJFO_CDS_0901
SKTGIJFO_CDS_2024	SKTGIJFO_CDS_2024,SKTGIJFO_CDS_3189,SKTGIJFO_CDS_2996,SKTGIJFO_CDS_2799,SKTGIJFO_CDS_2614
SKTGIJFO_CDS_2368	SKTGIJFO_CDS_2368
SKTGIJFO_CDS_3516	SKTGIJFO_CDS_3516
SKTGIJFO_CDS_3625	SKTGIJFO_CDS_3625
SKTGIJFO_CDS_3662	SKTGIJFO_CDS_3662,SKTGIJFO_CDS_4497
SKTGIJFO_CDS_3927	SKTGIJFO_CDS_3927
SKTGIJFO_CDS_4341	SKTGIJFO_CDS_4341,SKTGIJFO_CDS_4760
SKTGIJFO_CDS_5226	SKTGIJFO_CDS_5226
SKTGIJFO_CDS_0092	SKTGIJFO_CDS_0092,SKTGIJFO_CDS_2123,SKTGIJFO_CDS_1926,SKTGIJFO_CDS_0533,SKTGIJFO_CDS_3412,SKTGIJFO_CDS_3091,SKTGIJFO_CDS_2896,SKTGIJFO_CDS_2711,SKTGIJFO_CDS_2525
SKTGIJFO_CDS_0368	SKTGIJFO_CDS_0368,SKTGIJFO_CDS_1480,SKTGIJFO_CDS_1652,SKTGIJFO_CDS_1311,SKTGIJFO_CDS_0804
SKTGIJFO_CDS_0498	SKTGIJFO_CDS_0498,SKTGIJFO_CDS_1891,SKTGIJFO_CDS_3250,SKTGIJFO_CDS_0057,SKTGIJFO_CDS_3056,SKTGIJFO_CDS_2861,SKTGIJFO_CDS_2676,SKTGIJFO_CDS_3375
SKTGIJFO_CDS_1077	SKTGIJFO_CDS_1077
SKTGIJFO_CDS_3566	SKTGIJFO_CDS_3566,SKTGIJFO_CDS_4404,SKTGIJFO_CDS_3987
SKTGIJFO_CDS_4347	SKTGIJFO_CDS_4347
SKTGIJFO_CDS_4838	SKTGIJFO_CDS_4838
SKTGIJFO_CDS_5072	SKTGIJFO_CDS_5072
SKTGIJFO_CDS_0112	SKTGIJFO_CDS_0112
SKTGIJFO_CDS_0166	SKTGIJFO_CDS_0166,SKTGIJFO_CDS_2196,SKTGIJFO_CDS_1999,SKTGIJFO_CDS_2785,SKTGIJFO_CDS_2599,SKTGIJFO_CDS_0607
SKTGIJFO_CDS_0367	SKTGIJFO_CDS_0367,SKTGIJFO_CDS_1479
SKTGIJFO_CDS_0554	SKTGIJFO_CDS_0554,SKTGIJFO_CDS_3110,SKTGIJFO_CDS_2731,SKTGIJFO_CDS_2545,SKTGIJFO_CDS_2144,SKTGIJFO_CDS_1947,SKTGIJFO_CDS_3432,SKTGIJFO_CDS_2916
SKTGIJFO_CDS_0917	SKTGIJFO_CDS_0917
SKTGIJFO_CDS_0975	SKTGIJFO_CDS_0975
SKTGIJFO_CDS_2968	SKTGIJFO_CDS_2968,SKTGIJFO_CDS_3486,SKTGIJFO_CDS_3165
SKTGIJFO_CDS_3423	SKTGIJFO_CDS_3423
SKTGIJFO_CDS_4849	SKTGIJFO_CDS_4849
SKTGIJFO_CDS_4859	SKTGIJFO_CDS_4859
SKTGIJFO_CDS_5224	SKTGIJFO_CDS_5224
SKTGIJFO_CDS_0076	SKTGIJFO_CDS_0076,SKTGIJFO_CDS_3396,SKTGIJFO_CDS_3075,SKTGIJFO_CDS_2880,SKTGIJFO_CDS_2695,SKTGIJFO_CDS_2509,SKTGIJFO_CDS_2107,SKTGIJFO_CDS_1910,SKTGIJFO_CDS_0517
SKTGIJFO_CDS_0261	SKTGIJFO_CDS_0261,SKTGIJFO_CDS_1370,SKTGIJFO_CDS_0702,SKTGIJFO_CDS_1542,SKTGIJFO_CDS_1200
SKTGIJFO_CDS_0980	SKTGIJFO_CDS_0980,SKTGIJFO_CDS_2231
SKTGIJFO_CDS_1022	SKTGIJFO_CDS_1022,SKTGIJFO_CDS_2273
SKTGIJFO_CDS_2330	SKTGIJFO_CDS_2330
SKTGIJFO_CDS_3581	SKTGIJFO_CDS_3581
SKTGIJFO_CDS_3729	SKTGIJFO_CDS_3729,SKTGIJFO_CDS_4567,SKTGIJFO_CDS_4148
SKTGIJFO_CDS_3862	SKTGIJFO_CDS_3862,SKTGIJFO_CDS_4700,SKTGIJFO_CDS_4281
SKTGIJFO_CDS_3929	SKTGIJFO_CDS_3929
SKTGIJFO_CDS_3953	SKTGIJFO_CDS_3953,SKTGIJFO_CDS_4372,SKTGIJFO_CDS_4789
SKTGIJFO_CDS_4852	SKTGIJFO_CDS_4852
SKTGIJFO_CDS_5200	SKTGIJFO_CDS_5200
SKTGIJFO_CDS_0005	SKTGIJFO_CDS_0005,SKTGIJFO_CDS_3197,SKTGIJFO_CDS_3004,SKTGIJFO_CDS_2807,SKTGIJFO_CDS_2622,SKTGIJFO_CDS_1839
SKTGIJFO_CDS_0051	SKTGIJFO_CDS_0051,SKTGIJFO_CDS_3368,SKTGIJFO_CDS_3051,SKTGIJFO_CDS_2854,SKTGIJFO_CDS_2669,SKTGIJFO_CDS_1885,SKTGIJFO_CDS_0492,SKTGIJFO_CDS_3243
SKTGIJFO_CDS_0386	SKTGIJFO_CDS_0386
SKTGIJFO_CDS_0903	SKTGIJFO_CDS_0903
SKTGIJFO_CDS_3477	SKTGIJFO_CDS_3477
SKTGIJFO_CDS_3615	SKTGIJFO_CDS_3615,SKTGIJFO_CDS_4449,SKTGIJFO_CDS_4034
SKTGIJFO_CDS_3689	SKTGIJFO_CDS_3689,SKTGIJFO_CDS_4524,SKTGIJFO_CDS_4108
SKTGIJFO_CDS_4033	SKTGIJFO_CDS_4033,SKTGIJFO_CDS_4448
SKTGIJFO_CDS_0056	SKTGIJFO_CDS_0056,SKTGIJFO_CDS_1890,SKTGIJFO_CDS_0497,SKTGIJFO_CDS_3374,SKTGIJFO_CDS_2860,SKTGIJFO_CDS_2675
SKTGIJFO_CDS_0385	SKTGIJFO_CDS_0385
SKTGIJFO_CDS_0600	SKTGIJFO_CDS_0600,SKTGIJFO_CDS_3156,SKTGIJFO_CDS_3479,SKTGIJFO_CDS_2961,SKTGIJFO_CDS_2777,SKTGIJFO_CDS_2591,SKTGIJFO_CDS_2189,SKTGIJFO_CDS_1992,SKTGIJFO_CDS_0159
SKTGIJFO_CDS_0978	SKTGIJFO_CDS_0978
SKTGIJFO_CDS_1089	SKTGIJFO_CDS_1089
SKTGIJFO_CDS_3694	SKTGIJFO_CDS_3694,SKTGIJFO_CDS_4113,SKTGIJFO_CDS_4529
SKTGIJFO_CDS_3902	SKTGIJFO_CDS_3902,SKTGIJFO_CDS_4742,SKTGIJFO_CDS_4323
SKTGIJFO_CDS_5021	SKTGIJFO_CDS_5021
SKTGIJFO_CDS_5214	SKTGIJFO_CDS_5214
SKTGIJFO_CDS_5234	SKTGIJFO_CDS_5234
SKTGIJFO_CDS_0111	SKTGIJFO_CDS_0111
SKTGIJFO_CDS_0553	SKTGIJFO_CDS_0553,SKTGIJFO_CDS_3109,SKTGIJFO_CDS_2730,SKTGIJFO_CDS_2544,SKTGIJFO_CDS_2143,SKTGIJFO_CDS_1946
SKTGIJFO_CDS_2374	SKTGIJFO_CDS_2374
SKTGIJFO_CDS_2443	SKTGIJFO_CDS_2443
SKTGIJFO_CDS_2450	SKTGIJFO_CDS_2450
SKTGIJFO_CDS_2915	SKTGIJFO_CDS_2915
SKTGIJFO_CDS_3614	SKTGIJFO_CDS_3614
SKTGIJFO_CDS_3803	SKTGIJFO_CDS_3803,SKTGIJFO_CDS_4640,SKTGIJFO_CDS_4222
SKTGIJFO_CDS_3857	SKTGIJFO_CDS_3857,SKTGIJFO_CDS_4695
SKTGIJFO_CDS_3884	SKTGIJFO_CDS_3884,SKTGIJFO_CDS_4722,SKTGIJFO_CDS_4303
SKTGIJFO_CDS_3923	SKTGIJFO_CDS_3923
SKTGIJFO_CDS_3925	SKTGIJFO_CDS_3925,SKTGIJFO_CDS_4345,SKTGIJFO_CDS_4764
SKTGIJFO_CDS_3932	SKTGIJFO_CDS_3932,SKTGIJFO_CDS_4768,SKTGIJFO_CDS_4351
SKTGIJFO_CDS_4400	SKTGIJFO_CDS_4400
SKTGIJFO_CDS_4902	SKTGIJFO_CDS_4902
SKTGIJFO_CDS_5036	SKTGIJFO_CDS_5036
SKTGIJFO_CDS_5160	SKTGIJFO_CDS_5160
SKTGIJFO_CDS_0052	SKTGIJFO_CDS_0052,SKTGIJFO_CDS_3369,SKTGIJFO_CDS_3244,SKTGIJFO_CDS_3052,SKTGIJFO_CDS_2855,SKTGIJFO_CDS_2670,SKTGIJFO_CDS_1886,SKTGIJFO_CDS_0493
SKTGIJFO_CDS_0377	SKTGIJFO_CDS_0377
SKTGIJFO_CDS_0399	SKTGIJFO_CDS_0399,SKTGIJFO_CDS_1102
SKTGIJFO_CDS_1083	SKTGIJFO_CDS_1083
SKTGIJFO_CDS_2082	SKTGIJFO_CDS_2082
SKTGIJFO_CDS_4948	SKTGIJFO_CDS_4948
SKTGIJFO_CDS_0105	SKTGIJFO_CDS_0105,SKTGIJFO_CDS_2909
SKTGIJFO_CDS_0364	SKTGIJFO_CDS_0364,SKTGIJFO_CDS_1648,SKTGIJFO_CDS_1476,SKTGIJFO_CDS_1307,SKTGIJFO_CDS_0800
SKTGIJFO_CDS_0857	SKTGIJFO_CDS_0857,SKTGIJFO_CDS_1795,SKTGIJFO_CDS_1707
SKTGIJFO_CDS_1012	SKTGIJFO_CDS_1012,SKTGIJFO_CDS_2263
SKTGIJFO_CDS_1024	SKTGIJFO_CDS_1024,SKTGIJFO_CDS_2275
SKTGIJFO_CDS_2326	SKTGIJFO_CDS_2326
SKTGIJFO_CDS_2361	SKTGIJFO_CDS_2361
SKTGIJFO_CDS_3373	SKTGIJFO_CDS_3373
SKTGIJFO_CDS_3610	SKTGIJFO_CDS_3610,SKTGIJFO_CDS_4444,SKTGIJFO_CDS_4029
SKTGIJFO_CDS_3703	SKTGIJFO_CDS_3703,SKTGIJFO_CDS_4541,SKTGIJFO_CDS_4122
SKTGIJFO_CDS_3893	SKTGIJFO_CDS_3893,SKTGIJFO_CDS_4730,SKTGIJFO_CDS_4311
SKTGIJFO_CDS_4320	SKTGIJFO_CDS_4320,SKTGIJFO_CDS_4739
SKTGIJFO_CDS_4321	SKTGIJFO_CDS_4321,SKTGIJFO_CDS_4740
SKTGIJFO_CDS_4532	SKTGIJFO_CDS_4532
SKTGIJFO_CDS_4889	SKTGIJFO_CDS_4889
SKTGIJFO_CDS_4932	SKTGIJFO_CDS_4932
SKTGIJFO_CDS_4936	SKTGIJFO_CDS_4936
SKTGIJFO_CDS_5008	SKTGIJFO_CDS_5008
SKTGIJFO_CDS_5128	SKTGIJFO_CDS_5128
SKTGIJFO_CDS_5159	SKTGIJFO_CDS_5159
SKTGIJFO_CDS_0446	SKTGIJFO_CDS_0446,SKTGIJFO_CDS_2035,SKTGIJFO_CDS_3526
SKTGIJFO_CDS_0894	SKTGIJFO_CDS_0894
SKTGIJFO_CDS_0977	SKTGIJFO_CDS_0977
SKTGIJFO_CDS_2373	SKTGIJFO_CDS_2373
SKTGIJFO_CDS_2420	SKTGIJFO_CDS_2420
SKTGIJFO_CDS_3464	SKTGIJFO_CDS_3464
SKTGIJFO_CDS_3507	SKTGIJFO_CDS_3507
SKTGIJFO_CDS_3672	SKTGIJFO_CDS_3672
SKTGIJFO_CDS_3935	SKTGIJFO_CDS_3935,SKTGIJFO_CDS_4771,SKTGIJFO_CDS_4354
SKTGIJFO_CDS_4037	SKTGIJFO_CDS_4037,SKTGIJFO_CDS_4452
SKTGIJFO_CDS_4091	SKTGIJFO_CDS_4091,SKTGIJFO_CDS_4507
SKTGIJFO_CDS_4343	SKTGIJFO_CDS_4343,SKTGIJFO_CDS_4762
SKTGIJFO_CDS_4822	SKTGIJFO_CDS_4822
SKTGIJFO_CDS_5192	SKTGIJFO_CDS_5192
SKTGIJFO_CDS_0258	SKTGIJFO_CDS_0258,SKTGIJFO_CDS_1367,SKTGIJFO_CDS_0699,SKTGIJFO_CDS_1539,SKTGIJFO_CDS_1197
SKTGIJFO_CDS_0332	SKTGIJFO_CDS_0332,SKTGIJFO_CDS_1613,SKTGIJFO_CDS_1441,SKTGIJFO_CDS_1271,SKTGIJFO_CDS_0765
SKTGIJFO_CDS_0445	SKTGIJFO_CDS_0445,SKTGIJFO_CDS_3525,SKTGIJFO_CDS_2034
SKTGIJFO_CDS_1088	SKTGIJFO_CDS_1088
SKTGIJFO_CDS_1514	SKTGIJFO_CDS_1514
SKTGIJFO_CDS_2086	SKTGIJFO_CDS_2086
SKTGIJFO_CDS_2463	SKTGIJFO_CDS_2463
SKTGIJFO_CDS_3820	SKTGIJFO_CDS_3820,SKTGIJFO_CDS_4657,SKTGIJFO_CDS_4239
SKTGIJFO_CDS_3855	SKTGIJFO_CDS_3855,SKTGIJFO_CDS_4693
SKTGIJFO_CDS_3924	SKTGIJFO_CDS_3924
SKTGIJFO_CDS_4816	SKTGIJFO_CDS_4816
SKTGIJFO_CDS_0384	SKTGIJFO_CDS_0384
SKTGIJFO_CDS_0597	SKTGIJFO_CDS_0597,SKTGIJFO_CDS_3153,SKTGIJFO_CDS_2775,SKTGIJFO_CDS_2589,SKTGIJFO_CDS_2959,SKTGIJFO_CDS_2187,SKTGIJFO_CDS_1990,SKTGIJFO_CDS_0157
SKTGIJFO_CDS_0904	SKTGIJFO_CDS_0904
SKTGIJFO_CDS_4058	SKTGIJFO_CDS_4058
SKTGIJFO_CDS_4835	SKTGIJFO_CDS_4835
SKTGIJFO_CDS_0004	SKTGIJFO_CDS_0004,SKTGIJFO_CDS_3003,SKTGIJFO_CDS_2806,SKTGIJFO_CDS_2621,SKTGIJFO_CDS_1838
SKTGIJFO_CDS_0400	SKTGIJFO_CDS_0400
SKTGIJFO_CDS_0866	SKTGIJFO_CDS_0866
SKTGIJFO_CDS_0998	SKTGIJFO_CDS_0998,SKTGIJFO_CDS_2249
SKTGIJFO_CDS_1072	SKTGIJFO_CDS_1072
SKTGIJFO_CDS_1103	SKTGIJFO_CDS_1103
SKTGIJFO_CDS_2081	SKTGIJFO_CDS_2081
SKTGIJFO_CDS_2422	SKTGIJFO_CDS_2422
SKTGIJFO_CDS_2594	SKTGIJFO_CDS_2594,SKTGIJFO_CDS_3159,SKTGIJFO_CDS_2780
SKTGIJFO_CDS_2617	SKTGIJFO_CDS_2617,SKTGIJFO_CDS_2802
SKTGIJFO_CDS_3316	SKTGIJFO_CDS_3316
SKTGIJFO_CDS_3317	SKTGIJFO_CDS_3317
SKTGIJFO_CDS_3713	SKTGIJFO_CDS_3713,SKTGIJFO_CDS_4551,SKTGIJFO_CDS_4132
SKTGIJFO_CDS_3951	SKTGIJFO_CDS_3951,SKTGIJFO_CDS_4787,SKTGIJFO_CDS_4370
SKTGIJFO_CDS_4832	SKTGIJFO_CDS_4832
SKTGIJFO_CDS_4855	SKTGIJFO_CDS_4855
SKTGIJFO_CDS_4937	SKTGIJFO_CDS_4937
SKTGIJFO_CDS_5015	SKTGIJFO_CDS_5015
SKTGIJFO_CDS_5146	SKTGIJFO_CDS_5146
SKTGIJFO_CDS_0197	SKTGIJFO_CDS_0197,SKTGIJFO_CDS_0638
SKTGIJFO_CDS_0344	SKTGIJFO_CDS_0344,SKTGIJFO_CDS_1625,SKTGIJFO_CDS_1453,SKTGIJFO_CDS_1284,SKTGIJFO_CDS_0777
SKTGIJFO_CDS_0357	SKTGIJFO_CDS_0357,SKTGIJFO_CDS_1469,SKTGIJFO_CDS_1300,SKTGIJFO_CDS_0793
SKTGIJFO_CDS_0938	SKTGIJFO_CDS_0938
SKTGIJFO_CDS_0950	SKTGIJFO_CDS_0950
SKTGIJFO_CDS_1010	SKTGIJFO_CDS_1010,SKTGIJFO_CDS_2261
SKTGIJFO_CDS_2359	SKTGIJFO_CDS_2359
SKTGIJFO_CDS_2605	SKTGIJFO_CDS_2605,SKTGIJFO_CDS_2791
SKTGIJFO_CDS_3340	SKTGIJFO_CDS_3340
SKTGIJFO_CDS_3438	SKTGIJFO_CDS_3438
SKTGIJFO_CDS_3519	SKTGIJFO_CDS_3519
SKTGIJFO_CDS_3598	SKTGIJFO_CDS_3598,SKTGIJFO_CDS_4433,SKTGIJFO_CDS_4018
SKTGIJFO_CDS_3892	SKTGIJFO_CDS_3892
SKTGIJFO_CDS_3931	SKTGIJFO_CDS_3931,SKTGIJFO_CDS_4350,SKTGIJFO_CDS_4767
SKTGIJFO_CDS_3947	SKTGIJFO_CDS_3947,SKTGIJFO_CDS_4366,SKTGIJFO_CDS_4783
SKTGIJFO_CDS_4841	SKTGIJFO_CDS_4841
SKTGIJFO_CDS_4851	SKTGIJFO_CDS_4851
SKTGIJFO_CDS_4929	SKTGIJFO_CDS_4929
SKTGIJFO_CDS_4964	SKTGIJFO_CDS_4964
SKTGIJFO_CDS_4975	SKTGIJFO_CDS_4975
SKTGIJFO_CDS_4999	SKTGIJFO_CDS_4999
SKTGIJFO_CDS_5127	SKTGIJFO_CDS_5127
SKTGIJFO_CDS_0139	SKTGIJFO_CDS_0139,SKTGIJFO_CDS_2758,SKTGIJFO_CDS_2572,SKTGIJFO_CDS_2169,SKTGIJFO_CDS_1972,SKTGIJFO_CDS_0579,SKTGIJFO_CDS_3135,SKTGIJFO_CDS_2941
SKTGIJFO_CDS_0379	SKTGIJFO_CDS_0379
SKTGIJFO_CDS_0599	SKTGIJFO_CDS_0599,SKTGIJFO_CDS_3155
SKTGIJFO_CDS_0808	SKTGIJFO_CDS_0808,SKTGIJFO_CDS_1656
SKTGIJFO_CDS_0839	SKTGIJFO_CDS_0839,SKTGIJFO_CDS_1687
SKTGIJFO_CDS_0895	SKTGIJFO_CDS_0895
SKTGIJFO_CDS_2441	SKTGIJFO_CDS_2441
SKTGIJFO_CDS_2795	SKTGIJFO_CDS_2795
SKTGIJFO_CDS_2990	SKTGIJFO_CDS_2990
SKTGIJFO_CDS_3276	SKTGIJFO_CDS_3276
SKTGIJFO_CDS_3458	SKTGIJFO_CDS_3458
SKTGIJFO_CDS_3596	SKTGIJFO_CDS_3596,SKTGIJFO_CDS_4431,SKTGIJFO_CDS_4016
SKTGIJFO_CDS_3630	SKTGIJFO_CDS_3630,SKTGIJFO_CDS_4465
SKTGIJFO_CDS_3702	SKTGIJFO_CDS_3702,SKTGIJFO_CDS_4540,SKTGIJFO_CDS_4121
SKTGIJFO_CDS_3796	SKTGIJFO_CDS_3796,SKTGIJFO_CDS_4633,SKTGIJFO_CDS_4215
SKTGIJFO_CDS_3868	SKTGIJFO_CDS_3868,SKTGIJFO_CDS_4706,SKTGIJFO_CDS_4287
SKTGIJFO_CDS_3918	SKTGIJFO_CDS_3918
SKTGIJFO_CDS_3922	SKTGIJFO_CDS_3922
SKTGIJFO_CDS_3928	SKTGIJFO_CDS_3928
SKTGIJFO_CDS_3941	SKTGIJFO_CDS_3941,SKTGIJFO_CDS_4777,SKTGIJFO_CDS_4360
SKTGIJFO_CDS_3971	SKTGIJFO_CDS_3971,SKTGIJFO_CDS_4807,SKTGIJFO_CDS_4390
SKTGIJFO_CDS_4731	SKTGIJFO_CDS_4731
SKTGIJFO_CDS_4837	SKTGIJFO_CDS_4837
SKTGIJFO_CDS_4843	SKTGIJFO_CDS_4843
SKTGIJFO_CDS_0072	SKTGIJFO_CDS_0072,SKTGIJFO_CDS_3392,SKTGIJFO_CDS_3071,SKTGIJFO_CDS_2876,SKTGIJFO_CDS_2103,SKTGIJFO_CDS_1906,SKTGIJFO_CDS_0513,SKTGIJFO_CDS_2691,SKTGIJFO_CDS_2505
SKTGIJFO_CDS_0144	SKTGIJFO_CDS_0144,SKTGIJFO_CDS_2946,SKTGIJFO_CDS_2763,SKTGIJFO_CDS_2577,SKTGIJFO_CDS_2174,SKTGIJFO_CDS_1977,SKTGIJFO_CDS_3140,SKTGIJFO_CDS_0584
SKTGIJFO_CDS_0155	SKTGIJFO_CDS_0155,SKTGIJFO_CDS_2957,SKTGIJFO_CDS_2185,SKTGIJFO_CDS_1988,SKTGIJFO_CDS_3151,SKTGIJFO_CDS_0595
SKTGIJFO_CDS_0378	SKTGIJFO_CDS_0378,SKTGIJFO_CDS_1082
SKTGIJFO_CDS_0422	SKTGIJFO_CDS_0422,SKTGIJFO_CDS_1123
SKTGIJFO_CDS_0868	SKTGIJFO_CDS_0868,SKTGIJFO_CDS_1810,SKTGIJFO_CDS_1721
SKTGIJFO_CDS_1001	SKTGIJFO_CDS_1001,SKTGIJFO_CDS_2252
SKTGIJFO_CDS_1746	SKTGIJFO_CDS_1746
SKTGIJFO_CDS_2464	SKTGIJFO_CDS_2464
SKTGIJFO_CDS_2674	SKTGIJFO_CDS_2674,SKTGIJFO_CDS_2859
SKTGIJFO_CDS_3248	SKTGIJFO_CDS_3248
SKTGIJFO_CDS_3333	SKTGIJFO_CDS_3333
SKTGIJFO_CDS_3578	SKTGIJFO_CDS_3578
SKTGIJFO_CDS_3838	SKTGIJFO_CDS_3838,SKTGIJFO_CDS_4676,SKTGIJFO_CDS_4258
SKTGIJFO_CDS_3840	SKTGIJFO_CDS_3840,SKTGIJFO_CDS_4678,SKTGIJFO_CDS_4260
SKTGIJFO_CDS_3885	SKTGIJFO_CDS_3885,SKTGIJFO_CDS_4723,SKTGIJFO_CDS_4304
SKTGIJFO_CDS_3934	SKTGIJFO_CDS_3934,SKTGIJFO_CDS_4770,SKTGIJFO_CDS_4353
SKTGIJFO_CDS_3961	SKTGIJFO_CDS_3961,SKTGIJFO_CDS_4797,SKTGIJFO_CDS_4380
SKTGIJFO_CDS_4818	SKTGIJFO_CDS_4818
SKTGIJFO_CDS_4998	SKTGIJFO_CDS_4998
SKTGIJFO_CDS_5067	SKTGIJFO_CDS_5067
SKTGIJFO_CDS_5165	SKTGIJFO_CDS_5165
