SKTGIJFO_CDS_0002	LN610587.1	96.1279
SKTGIJFO_CDS_0002	LN610586.1	96.1279
SKTGIJFO_CDS_0002	LN610572.1	96.1279
SKTGIJFO_CDS_0002	LN610586.1	96.1279
SKTGIJFO_CDS_0002	LN610587.1	96.1279
SKTGIJFO_CDS_0002	LN610572.1	96.1279
SKTGIJFO_CDS_0002	LN610575.1	83.5017
SKTGIJFO_CDS_0002	LN610575.1	83.5017
SKTGIJFO_CDS_0003	LN610587.1	93.75
SKTGIJFO_CDS_0003	LN610572.1	93.75
SKTGIJFO_CDS_0003	LN610586.1	93.75
SKTGIJFO_CDS_0003	LN610587.1	82.6389
SKTGIJFO_CDS_0003	LN610586.1	82.6389
SKTGIJFO_CDS_0003	LN610572.1	82.6389
SKTGIJFO_CDS_0003	OQ411628.1	77.7778
SKTGIJFO_CDS_0003	OM870970.1	69.4444
SKTGIJFO_CDS_0004	LN610572.1	90.9091
SKTGIJFO_CDS_0004	OM870969.1	82.8283
SKTGIJFO_CDS_0004	LN610586.1	82.8283
SKTGIJFO_CDS_0004	OM870967.1	82.8283
SKTGIJFO_CDS_0004	OM870968.1	82.8283
SKTGIJFO_CDS_0005	LN610572.1	83.7398
SKTGIJFO_CDS_0005	LN610586.1	76.4228
SKTGIJFO_CDS_0005	OM870968.1	76.4228
SKTGIJFO_CDS_0005	OM870967.1	76.4228
SKTGIJFO_CDS_0005	OM870969.1	76.4228
SKTGIJFO_CDS_0005	OM870970.1	76.4228
SKTGIJFO_CDS_0006	LN610572.1	92.8839
SKTGIJFO_CDS_0007	LN610572.1	95.8637
SKTGIJFO_CDS_0007	LN610587.1	95.8637
SKTGIJFO_CDS_0007	LN610575.1	95.8637
SKTGIJFO_CDS_0007	LN610586.1	95.8637
SKTGIJFO_CDS_0007	OM870967.1	92.2141
SKTGIJFO_CDS_0007	OM870968.1	92.2141
SKTGIJFO_CDS_0009	LN610587.1	95.5556
SKTGIJFO_CDS_0009	LN610572.1	95.5556
SKTGIJFO_CDS_0009	LN610586.1	95.5556
SKTGIJFO_CDS_0012	LN610572.1	95.5128
SKTGIJFO_CDS_0013	LN610572.1	93.8889
SKTGIJFO_CDS_0014	LN610586.1	94.7368
SKTGIJFO_CDS_0014	LN610572.1	94.7368
SKTGIJFO_CDS_0014	LN610587.1	94.7368
SKTGIJFO_CDS_0015	LN610572.1	98.6111
SKTGIJFO_CDS_0015	LN610587.1	98.6111
SKTGIJFO_CDS_0015	LN610586.1	98.6111
SKTGIJFO_CDS_0016	LN610572.1	93.8596
SKTGIJFO_CDS_0017	LN610572.1	98.4127
SKTGIJFO_CDS_0018	LN610572.1	96.5278
SKTGIJFO_CDS_0019	LN610587.1	96.2199
SKTGIJFO_CDS_0019	LN610572.1	96.2199
SKTGIJFO_CDS_0019	LN610586.1	96.2199
SKTGIJFO_CDS_0020	LN610572.1	94.6541
SKTGIJFO_CDS_0020	LN610587.1	94.6541
SKTGIJFO_CDS_0021	LN610587.1	95.3333
SKTGIJFO_CDS_0021	LN610572.1	95.3333
SKTGIJFO_CDS_0022	LN610587.1	94.375
SKTGIJFO_CDS_0022	LN610572.1	94.375
SKTGIJFO_CDS_0022	OM870969.1	83.5417
SKTGIJFO_CDS_0022	OM870967.1	79.5833
SKTGIJFO_CDS_0022	OM870968.1	79.5833
SKTGIJFO_CDS_0023	LN610587.1	84.8485
SKTGIJFO_CDS_0023	LN610572.1	84.8485
SKTGIJFO_CDS_0023	OM870969.1	84.8485
SKTGIJFO_CDS_0023	OM870970.1	84.8485
SKTGIJFO_CDS_0023	OM870968.1	72.7273
SKTGIJFO_CDS_0023	OM870967.1	72.7273
SKTGIJFO_CDS_0024	LN610587.1	99.1711
SKTGIJFO_CDS_0024	LN610572.1	99.1711
SKTGIJFO_CDS_0024	OM870970.1	93.6649
SKTGIJFO_CDS_0024	OM870969.1	92.3031
SKTGIJFO_CDS_0024	OM870968.1	80.2842
SKTGIJFO_CDS_0024	OM870967.1	80.2842
SKTGIJFO_CDS_0025	LN610587.1	90.411
SKTGIJFO_CDS_0025	OM870969.1	90.411
SKTGIJFO_CDS_0025	OM870967.1	90.411
SKTGIJFO_CDS_0025	OM870968.1	90.411
SKTGIJFO_CDS_0025	LN610572.1	90.411
SKTGIJFO_CDS_0025	OM870970.1	75.7991
SKTGIJFO_CDS_0026	LN610587.1	96.3091
SKTGIJFO_CDS_0026	LN610572.1	96.3091
SKTGIJFO_CDS_0027	LN610587.1	98.801
SKTGIJFO_CDS_0027	LN610572.1	98.801
SKTGIJFO_CDS_0028	LN610572.1	98.9107
SKTGIJFO_CDS_0028	LN610587.1	98.9107
SKTGIJFO_CDS_0029	LN610587.1	96.5686
SKTGIJFO_CDS_0029	OM870970.1	96.5686
SKTGIJFO_CDS_0029	LN610572.1	96.5686
SKTGIJFO_CDS_0030	OM870970.1	94.5652
SKTGIJFO_CDS_0030	LN610587.1	94.5652
SKTGIJFO_CDS_0030	LN610586.1	94.5652
SKTGIJFO_CDS_0030	LN610572.1	94.5652
SKTGIJFO_CDS_0030	OQ411628.1	94.5652
SKTGIJFO_CDS_0030	OM870969.1	94.5652
SKTGIJFO_CDS_0031	LN610572.1	87.3418
SKTGIJFO_CDS_0031	LN610586.1	87.3418
SKTGIJFO_CDS_0031	OM870970.1	87.3418
SKTGIJFO_CDS_0031	OQ411628.1	87.3418
SKTGIJFO_CDS_0031	LN610587.1	87.3418
SKTGIJFO_CDS_0031	OM870969.1	87.3418
SKTGIJFO_CDS_0032	LN610587.1	99.0991
SKTGIJFO_CDS_0032	OM870970.1	99.0991
SKTGIJFO_CDS_0032	LN610572.1	99.0991
SKTGIJFO_CDS_0032	OQ411628.1	93.1532
SKTGIJFO_CDS_0032	LN610586.1	93.1532
SKTGIJFO_CDS_0033	LN610572.1	92.1296
SKTGIJFO_CDS_0033	LN610587.1	92.1296
SKTGIJFO_CDS_0033	LN610586.1	92.1296
SKTGIJFO_CDS_0033	OM870970.1	92.1296
SKTGIJFO_CDS_0033	OQ411628.1	87.2685
SKTGIJFO_CDS_0034	LN610572.1	96.4349
SKTGIJFO_CDS_0034	LN610587.1	96.4349
SKTGIJFO_CDS_0034	LN610586.1	96.4349
SKTGIJFO_CDS_0034	OM870970.1	94.8307
SKTGIJFO_CDS_0034	OM870967.1	92.8699
SKTGIJFO_CDS_0034	OM870968.1	92.8699
SKTGIJFO_CDS_0034	OM870969.1	92.8699
SKTGIJFO_CDS_0034	OQ411628.1	87.7005
SKTGIJFO_CDS_0034	LN610575.1	87.1658
SKTGIJFO_CDS_0035	LN610587.1	94.6524
SKTGIJFO_CDS_0035	LN610575.1	94.6524
SKTGIJFO_CDS_0035	LN610572.1	94.6524
SKTGIJFO_CDS_0035	LN610586.1	84.8485
SKTGIJFO_CDS_0035	OM870967.1	78.2531
SKTGIJFO_CDS_0035	OM870970.1	78.2531
SKTGIJFO_CDS_0035	OM870968.1	78.2531
SKTGIJFO_CDS_0036	LN610572.1	95.4545
SKTGIJFO_CDS_0036	LN610575.1	95.4545
SKTGIJFO_CDS_0036	LN610587.1	93.7229
SKTGIJFO_CDS_0037	LN610572.1	98.6766
SKTGIJFO_CDS_0037	LN610587.1	91.7287
SKTGIJFO_CDS_0037	LN610575.1	80.7279
SKTGIJFO_CDS_0038	LN610572.1	95.641
SKTGIJFO_CDS_0038	OM870968.1	94.8718
SKTGIJFO_CDS_0038	OM870967.1	94.8718
SKTGIJFO_CDS_0038	LN610575.1	92.8205
SKTGIJFO_CDS_0038	OM870969.1	92.8205
SKTGIJFO_CDS_0038	LN610586.1	85.641
SKTGIJFO_CDS_0038	OM870970.1	85.1282
SKTGIJFO_CDS_0038	OQ411628.1	82.8205
SKTGIJFO_CDS_0038	LN610587.1	81.7949
SKTGIJFO_CDS_0039	LN610572.1	86.4979
SKTGIJFO_CDS_0039	OM870967.1	86.4979
SKTGIJFO_CDS_0039	LN610575.1	86.4979
SKTGIJFO_CDS_0039	OM870968.1	86.4979
SKTGIJFO_CDS_0039	LN610586.1	86.4979
SKTGIJFO_CDS_0039	OM870969.1	86.4979
SKTGIJFO_CDS_0039	LN610587.1	86.4979
SKTGIJFO_CDS_0039	OM870970.1	76.7932
SKTGIJFO_CDS_0040	LN610586.1	93.4272
SKTGIJFO_CDS_0040	LN610575.1	93.4272
SKTGIJFO_CDS_0040	OM870967.1	93.4272
SKTGIJFO_CDS_0040	OM870969.1	93.4272
SKTGIJFO_CDS_0040	OM870968.1	93.4272
SKTGIJFO_CDS_0040	LN610587.1	93.4272
SKTGIJFO_CDS_0040	LN610572.1	93.4272
SKTGIJFO_CDS_0040	OM870970.1	93.4272
SKTGIJFO_CDS_0041	OM870967.1	89.2593
SKTGIJFO_CDS_0041	LN610586.1	89.2593
SKTGIJFO_CDS_0041	LN610572.1	89.2593
SKTGIJFO_CDS_0041	OM870968.1	89.2593
SKTGIJFO_CDS_0041	OM870970.1	89.2593
SKTGIJFO_CDS_0041	OM870969.1	89.2593
SKTGIJFO_CDS_0041	LN610575.1	89.2593
SKTGIJFO_CDS_0041	LN610587.1	87.037
SKTGIJFO_CDS_0042	LN610572.1	92.7673
SKTGIJFO_CDS_0042	LN610587.1	92.7673
SKTGIJFO_CDS_0042	LN610586.1	92.7673
SKTGIJFO_CDS_0042	LN610575.1	88.9937
SKTGIJFO_CDS_0043	OM870967.1	91.0394
SKTGIJFO_CDS_0043	LN610572.1	91.0394
SKTGIJFO_CDS_0043	LN610587.1	91.0394
SKTGIJFO_CDS_0043	OM870970.1	91.0394
SKTGIJFO_CDS_0043	LN610586.1	91.0394
SKTGIJFO_CDS_0043	LN610575.1	91.0394
SKTGIJFO_CDS_0043	OM870968.1	91.0394
SKTGIJFO_CDS_0043	OM870969.1	89.9642
SKTGIJFO_CDS_0044	LN610572.1	94.2652
SKTGIJFO_CDS_0044	OQ411628.1	84.5878
SKTGIJFO_CDS_0045	LN610572.1	86.0215
SKTGIJFO_CDS_0045	LN610586.1	86.0215
SKTGIJFO_CDS_0045	OM870967.1	86.0215
SKTGIJFO_CDS_0045	OM870969.1	86.0215
SKTGIJFO_CDS_0045	OQ411628.1	86.0215
SKTGIJFO_CDS_0045	LN610587.1	86.0215
SKTGIJFO_CDS_0045	LN610575.1	86.0215
SKTGIJFO_CDS_0045	OM870968.1	86.0215
SKTGIJFO_CDS_0045	OM870970.1	80.6452
SKTGIJFO_CDS_0046	OQ411628.1	93.5374
SKTGIJFO_CDS_0046	OM870969.1	93.5374
SKTGIJFO_CDS_0046	OM870967.1	93.5374
SKTGIJFO_CDS_0046	LN610572.1	93.5374
SKTGIJFO_CDS_0046	LN610587.1	93.5374
SKTGIJFO_CDS_0046	OM870970.1	93.5374
SKTGIJFO_CDS_0046	OM870968.1	93.5374
SKTGIJFO_CDS_0046	LN610575.1	91.4966
SKTGIJFO_CDS_0046	LN610586.1	91.4966
SKTGIJFO_CDS_0047	OQ411628.1	94.6237
SKTGIJFO_CDS_0047	LN610586.1	94.6237
SKTGIJFO_CDS_0047	LN610572.1	94.6237
SKTGIJFO_CDS_0047	LN610575.1	94.6237
SKTGIJFO_CDS_0047	OM870970.1	94.6237
SKTGIJFO_CDS_0047	OM870968.1	94.6237
SKTGIJFO_CDS_0047	OM870967.1	94.6237
SKTGIJFO_CDS_0047	LN610587.1	94.6237
SKTGIJFO_CDS_0047	OM870969.1	84.4086
SKTGIJFO_CDS_0048	LN610586.1	95.8106
SKTGIJFO_CDS_0048	OQ411628.1	95.8106
SKTGIJFO_CDS_0048	LN610572.1	95.8106
SKTGIJFO_CDS_0048	OM870970.1	95.8106
SKTGIJFO_CDS_0048	OM870969.1	95.2641
SKTGIJFO_CDS_0048	LN610575.1	79.5993
SKTGIJFO_CDS_0048	LN610587.1	79.5993
SKTGIJFO_CDS_0049	LN610572.1	98.3193
SKTGIJFO_CDS_0049	OQ411628.1	98.3193
SKTGIJFO_CDS_0049	LN610586.1	98.3193
SKTGIJFO_CDS_0049	OM870969.1	98.3193
SKTGIJFO_CDS_0049	OM870970.1	98.3193
SKTGIJFO_CDS_0049	OM870967.1	96.3585
SKTGIJFO_CDS_0049	OM870968.1	96.3585
SKTGIJFO_CDS_0049	LN610587.1	96.3585
SKTGIJFO_CDS_0049	LN610575.1	96.3585
SKTGIJFO_CDS_0051	LN610586.1	79.6748
SKTGIJFO_CDS_0051	LN610575.1	79.6748
SKTGIJFO_CDS_0051	LN610572.1	79.6748
SKTGIJFO_CDS_0051	OM870968.1	79.6748
SKTGIJFO_CDS_0051	OM870967.1	79.6748
SKTGIJFO_CDS_0051	LN610587.1	79.6748
SKTGIJFO_CDS_0051	OM870969.1	79.6748
SKTGIJFO_CDS_0051	OQ411628.1	79.6748
SKTGIJFO_CDS_0051	OM870970.1	53.6585
SKTGIJFO_CDS_0052	OM870967.1	76.3158
SKTGIJFO_CDS_0052	OM870969.1	76.3158
SKTGIJFO_CDS_0052	LN610586.1	76.3158
SKTGIJFO_CDS_0052	LN610572.1	76.3158
SKTGIJFO_CDS_0052	OM870968.1	76.3158
SKTGIJFO_CDS_0052	OM870970.1	76.3158
SKTGIJFO_CDS_0052	LN610587.1	76.3158
SKTGIJFO_CDS_0052	LN610575.1	76.3158
SKTGIJFO_CDS_0052	OQ411628.1	76.3158
SKTGIJFO_CDS_0053	LN610572.1	84.9673
SKTGIJFO_CDS_0053	OM870969.1	84.9673
SKTGIJFO_CDS_0053	LN610575.1	84.9673
SKTGIJFO_CDS_0053	LN610586.1	84.9673
SKTGIJFO_CDS_0053	OM870970.1	84.9673
SKTGIJFO_CDS_0053	OQ411628.1	67.9739
SKTGIJFO_CDS_0053	OM870967.1	67.9739
SKTGIJFO_CDS_0053	OM870968.1	67.9739
SKTGIJFO_CDS_0055	LN610572.1	92.284
SKTGIJFO_CDS_0055	LN610586.1	92.284
SKTGIJFO_CDS_0055	OM870967.1	92.284
SKTGIJFO_CDS_0055	OM870968.1	92.284
SKTGIJFO_CDS_0055	LN610575.1	92.284
SKTGIJFO_CDS_0055	OM870969.1	92.284
SKTGIJFO_CDS_0055	OQ411628.1	84.8765
SKTGIJFO_CDS_0055	LN610587.1	83.3333
SKTGIJFO_CDS_0056	LN610586.1	89.1667
SKTGIJFO_CDS_0056	LN610575.1	89.1667
SKTGIJFO_CDS_0056	LN610572.1	89.1667
SKTGIJFO_CDS_0056	OM870967.1	69.1667
SKTGIJFO_CDS_0056	OM870968.1	69.1667
SKTGIJFO_CDS_0056	OM870970.1	60.8333
SKTGIJFO_CDS_0058	LN610586.1	93.985
SKTGIJFO_CDS_0058	LN610572.1	93.985
SKTGIJFO_CDS_0059	LN610586.1	98.8823
SKTGIJFO_CDS_0059	LN610572.1	98.8823
SKTGIJFO_CDS_0059	OQ411628.1	97.3702
SKTGIJFO_CDS_0059	LN610575.1	94.0171
SKTGIJFO_CDS_0059	OM870968.1	93.3596
SKTGIJFO_CDS_0059	OM870967.1	93.3596
SKTGIJFO_CDS_0059	OM870970.1	92.8994
SKTGIJFO_CDS_0059	LN610587.1	92.8994
SKTGIJFO_CDS_0059	OM870969.1	92.6364
SKTGIJFO_CDS_0060	LN610572.1	99.2361
SKTGIJFO_CDS_0060	OQ411628.1	89.375
SKTGIJFO_CDS_0060	LN610586.1	82.9861
SKTGIJFO_CDS_0060	LN610575.1	82.9861
SKTGIJFO_CDS_0060	OM870967.1	80.2778
SKTGIJFO_CDS_0060	OM870969.1	80.2778
SKTGIJFO_CDS_0060	OM870968.1	80.2778
SKTGIJFO_CDS_0061	LN610572.1	94.2675
SKTGIJFO_CDS_0061	OM870970.1	93.4183
SKTGIJFO_CDS_0061	OQ411628.1	93.4183
SKTGIJFO_CDS_0061	LN610575.1	92.3567
SKTGIJFO_CDS_0061	LN610586.1	92.3567
SKTGIJFO_CDS_0061	OM870967.1	88.3227
SKTGIJFO_CDS_0061	OM870968.1	88.3227
SKTGIJFO_CDS_0061	OM870969.1	88.3227
SKTGIJFO_CDS_0061	LN610587.1	81.741
SKTGIJFO_CDS_0062	OQ411628.1	98.8017
SKTGIJFO_CDS_0062	LN610572.1	98.8017
SKTGIJFO_CDS_0062	LN610575.1	98.8017
SKTGIJFO_CDS_0062	LN610586.1	98.8017
SKTGIJFO_CDS_0062	OM870970.1	94.4444
SKTGIJFO_CDS_0062	OM870967.1	91.6122
SKTGIJFO_CDS_0062	OM870968.1	91.6122
SKTGIJFO_CDS_0062	OM870969.1	89.4336
SKTGIJFO_CDS_0063	LN610586.1	95.6204
SKTGIJFO_CDS_0063	LN610572.1	95.6204
SKTGIJFO_CDS_0063	OM870970.1	95.6204
SKTGIJFO_CDS_0063	LN610575.1	95.6204
SKTGIJFO_CDS_0063	OQ411628.1	95.6204
SKTGIJFO_CDS_0063	OM870969.1	93.4307
SKTGIJFO_CDS_0063	OM870968.1	93.4307
SKTGIJFO_CDS_0063	OM870967.1	93.4307
SKTGIJFO_CDS_0064	LN610572.1	99.1304
SKTGIJFO_CDS_0064	LN610586.1	93.5266
SKTGIJFO_CDS_0064	LN610575.1	92.1739
SKTGIJFO_CDS_0064	OM870967.1	91.0145
SKTGIJFO_CDS_0064	OM870968.1	91.0145
SKTGIJFO_CDS_0064	OM870969.1	91.0145
SKTGIJFO_CDS_0064	OM870970.1	91.0145
SKTGIJFO_CDS_0064	OQ411628.1	90.3382
SKTGIJFO_CDS_0064	LN610587.1	86.57
SKTGIJFO_CDS_0065	LN610572.1	97.4843
SKTGIJFO_CDS_0065	OM870967.1	88.8889
SKTGIJFO_CDS_0065	LN610587.1	88.8889
SKTGIJFO_CDS_0065	OM870970.1	88.8889
SKTGIJFO_CDS_0065	OM870969.1	88.8889
SKTGIJFO_CDS_0065	OM870968.1	88.8889
SKTGIJFO_CDS_0065	OQ411628.1	88.8889
SKTGIJFO_CDS_0065	LN610586.1	84.0671
SKTGIJFO_CDS_0065	LN610575.1	78.6164
SKTGIJFO_CDS_0066	LN610587.1	91.3043
SKTGIJFO_CDS_0066	LN610572.1	91.3043
SKTGIJFO_CDS_0066	LN610575.1	91.3043
SKTGIJFO_CDS_0066	LN610586.1	91.3043
SKTGIJFO_CDS_0066	OM870969.1	91.3043
SKTGIJFO_CDS_0066	OM870967.1	91.3043
SKTGIJFO_CDS_0066	OM870970.1	91.3043
SKTGIJFO_CDS_0066	OQ411628.1	91.3043
SKTGIJFO_CDS_0066	OM870968.1	91.3043
SKTGIJFO_CDS_0067	LN610572.1	92.674
SKTGIJFO_CDS_0067	OM870967.1	92.674
SKTGIJFO_CDS_0067	OM870968.1	92.674
SKTGIJFO_CDS_0067	OM870969.1	89.7436
SKTGIJFO_CDS_0067	LN610587.1	89.7436
SKTGIJFO_CDS_0067	OM870970.1	89.7436
SKTGIJFO_CDS_0068	LN610575.1	97.9003
SKTGIJFO_CDS_0068	OM870970.1	97.9003
SKTGIJFO_CDS_0068	LN610587.1	97.9003
SKTGIJFO_CDS_0068	OM870969.1	97.9003
SKTGIJFO_CDS_0068	LN610572.1	97.9003
SKTGIJFO_CDS_0068	OM870968.1	93.9633
SKTGIJFO_CDS_0068	OM870967.1	93.9633
SKTGIJFO_CDS_0068	OQ411628.1	87.664
SKTGIJFO_CDS_0069	LN610587.1	96.4539
SKTGIJFO_CDS_0069	OM870967.1	96.4539
SKTGIJFO_CDS_0069	OM870970.1	96.4539
SKTGIJFO_CDS_0069	LN610572.1	96.4539
SKTGIJFO_CDS_0069	OM870969.1	96.4539
SKTGIJFO_CDS_0069	LN610575.1	96.4539
SKTGIJFO_CDS_0069	OM870968.1	96.4539
SKTGIJFO_CDS_0070	LN610572.1	99.3007
SKTGIJFO_CDS_0070	LN610586.1	83.5276
SKTGIJFO_CDS_0071	LN610572.1	95.8095
SKTGIJFO_CDS_0071	LN610586.1	90.8571
SKTGIJFO_CDS_0071	LN610575.1	90.8571
SKTGIJFO_CDS_0071	LN610587.1	90.8571
SKTGIJFO_CDS_0071	OQ411628.1	87.2381
SKTGIJFO_CDS_0071	OM870970.1	87.0476
SKTGIJFO_CDS_0071	OM870969.1	78.6667
SKTGIJFO_CDS_0071	OM870967.1	78.6667
SKTGIJFO_CDS_0071	OM870968.1	78.6667
SKTGIJFO_CDS_0072	OQ411628.1	70
SKTGIJFO_CDS_0072	LN610586.1	70
SKTGIJFO_CDS_0072	OM870969.1	70
SKTGIJFO_CDS_0072	LN610575.1	70
SKTGIJFO_CDS_0072	LN610572.1	70
SKTGIJFO_CDS_0072	OM870968.1	70
SKTGIJFO_CDS_0072	OM870970.1	70
SKTGIJFO_CDS_0072	LN610587.1	70
SKTGIJFO_CDS_0072	OM870967.1	70
SKTGIJFO_CDS_0073	LN610572.1	97.3118
SKTGIJFO_CDS_0073	OM870970.1	95.1613
SKTGIJFO_CDS_0073	LN610575.1	95.1613
SKTGIJFO_CDS_0073	LN610586.1	95.1613
SKTGIJFO_CDS_0073	LN610587.1	95.1613
SKTGIJFO_CDS_0073	OQ411628.1	85.4839
SKTGIJFO_CDS_0074	LN610572.1	98.9583
SKTGIJFO_CDS_0074	OM870970.1	94.5833
SKTGIJFO_CDS_0074	LN610586.1	94.5833
SKTGIJFO_CDS_0074	OM870967.1	94.5833
SKTGIJFO_CDS_0074	LN610587.1	94.5833
SKTGIJFO_CDS_0074	OM870968.1	94.5833
SKTGIJFO_CDS_0074	LN610575.1	94.5833
SKTGIJFO_CDS_0074	OM870969.1	94.5833
SKTGIJFO_CDS_0074	OQ411628.1	94.5833
SKTGIJFO_CDS_0075	OM870967.1	95.4301
SKTGIJFO_CDS_0075	OM870969.1	95.4301
SKTGIJFO_CDS_0075	LN610587.1	95.4301
SKTGIJFO_CDS_0075	OM870970.1	95.4301
SKTGIJFO_CDS_0075	LN610586.1	95.4301
SKTGIJFO_CDS_0075	LN610572.1	95.4301
SKTGIJFO_CDS_0075	LN610575.1	95.4301
SKTGIJFO_CDS_0075	OM870968.1	95.4301
SKTGIJFO_CDS_0075	OQ411628.1	88.172
SKTGIJFO_CDS_0076	OM870970.1	80.9524
SKTGIJFO_CDS_0076	OQ411628.1	80.9524
SKTGIJFO_CDS_0076	LN610572.1	80.9524
SKTGIJFO_CDS_0076	OM870968.1	80.9524
SKTGIJFO_CDS_0076	OM870967.1	80.9524
SKTGIJFO_CDS_0076	LN610586.1	80.9524
SKTGIJFO_CDS_0076	OM870969.1	80.9524
SKTGIJFO_CDS_0076	LN610587.1	80.9524
SKTGIJFO_CDS_0076	LN610575.1	80.9524
SKTGIJFO_CDS_0077	LN610572.1	90.1961
SKTGIJFO_CDS_0077	LN610575.1	90.1961
SKTGIJFO_CDS_0077	OM870970.1	90.1961
SKTGIJFO_CDS_0077	OM870968.1	90.1961
SKTGIJFO_CDS_0077	OQ411628.1	90.1961
SKTGIJFO_CDS_0077	OM870969.1	90.1961
SKTGIJFO_CDS_0077	LN610586.1	90.1961
SKTGIJFO_CDS_0077	LN610587.1	90.1961
SKTGIJFO_CDS_0077	OM870967.1	90.1961
SKTGIJFO_CDS_0078	LN610572.1	98.7326
SKTGIJFO_CDS_0078	LN610575.1	98.7326
SKTGIJFO_CDS_0078	LN610586.1	98.7326
SKTGIJFO_CDS_0078	LN610587.1	98.1411
SKTGIJFO_CDS_0078	OM870968.1	94.0431
SKTGIJFO_CDS_0078	OM870967.1	94.0431
SKTGIJFO_CDS_0078	OM870969.1	83.9459
SKTGIJFO_CDS_0078	OM870970.1	83.6502
SKTGIJFO_CDS_0079	LN610572.1	97.3753
SKTGIJFO_CDS_0079	LN610575.1	88.5827
SKTGIJFO_CDS_0079	OM870967.1	87.4016
SKTGIJFO_CDS_0079	OM870968.1	87.4016
SKTGIJFO_CDS_0079	LN610586.1	86.8766
SKTGIJFO_CDS_0079	LN610587.1	86.4829
SKTGIJFO_CDS_0079	OM870970.1	80.8399
SKTGIJFO_CDS_0079	OM870969.1	79.1339
SKTGIJFO_CDS_0080	LN610586.1	91.5966
SKTGIJFO_CDS_0080	LN610572.1	91.5966
SKTGIJFO_CDS_0080	LN610587.1	91.5966
SKTGIJFO_CDS_0080	LN610575.1	84.5938
SKTGIJFO_CDS_0081	LN610586.1	99.3464
SKTGIJFO_CDS_0081	LN610587.1	99.3464
SKTGIJFO_CDS_0081	LN610572.1	99.3464
SKTGIJFO_CDS_0082	LN610572.1	95.8165
SKTGIJFO_CDS_0082	LN610586.1	90.9582
SKTGIJFO_CDS_0082	LN610587.1	90.9582
SKTGIJFO_CDS_0084	LN610572.1	99.1803
SKTGIJFO_CDS_0084	LN610586.1	98.7705
SKTGIJFO_CDS_0084	LN610587.1	98.7705
SKTGIJFO_CDS_0084	LN610575.1	97.7459
SKTGIJFO_CDS_0084	OM870970.1	83.7432
SKTGIJFO_CDS_0084	OM870968.1	83.7432
SKTGIJFO_CDS_0084	OM870967.1	83.7432
SKTGIJFO_CDS_0084	OM870969.1	80.6694
SKTGIJFO_CDS_0086	LN610572.1	99.5536
SKTGIJFO_CDS_0087	LN610587.1	93.9655
SKTGIJFO_CDS_0087	LN610586.1	93.9655
SKTGIJFO_CDS_0087	LN610572.1	93.9655
SKTGIJFO_CDS_0087	OM870969.1	93.1034
SKTGIJFO_CDS_0087	LN610575.1	89.3678
SKTGIJFO_CDS_0088	LN610586.1	98.5333
SKTGIJFO_CDS_0088	LN610575.1	98.5333
SKTGIJFO_CDS_0088	LN610572.1	98.5333
SKTGIJFO_CDS_0088	LN610587.1	98.5333
SKTGIJFO_CDS_0088	OM870968.1	81.7333
SKTGIJFO_CDS_0088	OM870967.1	81.7333
SKTGIJFO_CDS_0088	OM870970.1	81.7333
SKTGIJFO_CDS_0089	LN610572.1	98.2175
SKTGIJFO_CDS_0089	OM870967.1	97.5045
SKTGIJFO_CDS_0089	OM870968.1	97.5045
SKTGIJFO_CDS_0089	LN610586.1	97.5045
SKTGIJFO_CDS_0089	OM870970.1	97.5045
SKTGIJFO_CDS_0089	LN610587.1	97.5045
SKTGIJFO_CDS_0089	LN610575.1	97.5045
SKTGIJFO_CDS_0089	OQ411628.1	95.3654
SKTGIJFO_CDS_0089	OM870969.1	87.7005
SKTGIJFO_CDS_0090	LN610587.1	91.25
SKTGIJFO_CDS_0090	LN610572.1	91.25
SKTGIJFO_CDS_0090	LN610586.1	91.25
SKTGIJFO_CDS_0090	LN610575.1	91.25
SKTGIJFO_CDS_0090	OQ411628.1	89.1667
SKTGIJFO_CDS_0090	OM870967.1	82.5
SKTGIJFO_CDS_0090	OM870970.1	82.5
SKTGIJFO_CDS_0090	OM870969.1	82.5
SKTGIJFO_CDS_0090	OM870968.1	82.5
SKTGIJFO_CDS_0091	LN610587.1	99.3243
SKTGIJFO_CDS_0091	LN610586.1	99.3243
SKTGIJFO_CDS_0091	LN610572.1	99.3243
SKTGIJFO_CDS_0091	LN610575.1	99.3243
SKTGIJFO_CDS_0091	OM870970.1	83.3333
SKTGIJFO_CDS_0091	OM870967.1	80.6306
SKTGIJFO_CDS_0091	OM870968.1	80.6306
SKTGIJFO_CDS_0091	OM870969.1	79.5045
SKTGIJFO_CDS_0092	LN610586.1	87.8788
SKTGIJFO_CDS_0092	LN610587.1	87.8788
SKTGIJFO_CDS_0092	LN610572.1	87.8788
SKTGIJFO_CDS_0092	LN610575.1	87.8788
SKTGIJFO_CDS_0092	OM870969.1	71.2121
SKTGIJFO_CDS_0092	OM870967.1	71.2121
SKTGIJFO_CDS_0092	OQ411628.1	71.2121
SKTGIJFO_CDS_0092	OM870968.1	71.2121
SKTGIJFO_CDS_0092	OM870970.1	71.2121
SKTGIJFO_CDS_0093	OM870968.1	92.4837
SKTGIJFO_CDS_0093	LN610586.1	92.4837
SKTGIJFO_CDS_0093	OM870967.1	92.4837
SKTGIJFO_CDS_0093	LN610575.1	92.4837
SKTGIJFO_CDS_0093	OM870969.1	92.4837
SKTGIJFO_CDS_0093	LN610587.1	92.4837
SKTGIJFO_CDS_0093	OM870970.1	92.4837
SKTGIJFO_CDS_0093	LN610572.1	92.4837
SKTGIJFO_CDS_0093	OQ411628.1	75.1634
SKTGIJFO_CDS_0094	OM870967.1	96.8254
SKTGIJFO_CDS_0094	OM870969.1	96.8254
SKTGIJFO_CDS_0094	LN610572.1	96.8254
SKTGIJFO_CDS_0094	OQ411628.1	96.8254
SKTGIJFO_CDS_0094	OM870970.1	96.8254
SKTGIJFO_CDS_0094	OM870968.1	96.8254
SKTGIJFO_CDS_0094	LN610587.1	79.3651
SKTGIJFO_CDS_0094	LN610575.1	79.3651
SKTGIJFO_CDS_0094	LN610586.1	79.3651
SKTGIJFO_CDS_0095	LN610572.1	96.7638
SKTGIJFO_CDS_0095	LN610587.1	96.7638
SKTGIJFO_CDS_0095	LN610575.1	96.7638
SKTGIJFO_CDS_0095	LN610586.1	90.6149
SKTGIJFO_CDS_0096	LN610572.1	95.9502
SKTGIJFO_CDS_0096	LN610575.1	86.6044
SKTGIJFO_CDS_0096	LN610587.1	86.6044
SKTGIJFO_CDS_0096	LN610586.1	86.6044
SKTGIJFO_CDS_0096	OM870967.1	85.9813
SKTGIJFO_CDS_0096	OM870968.1	85.9813
SKTGIJFO_CDS_0096	OM870969.1	77.8816
SKTGIJFO_CDS_0097	LN610572.1	98.1481
SKTGIJFO_CDS_0098	LN610572.1	91.6667
SKTGIJFO_CDS_0099	LN610572.1	98.2548
SKTGIJFO_CDS_0099	OM870967.1	84.6422
SKTGIJFO_CDS_0099	OM870970.1	84.6422
SKTGIJFO_CDS_0099	OM870968.1	84.6422
SKTGIJFO_CDS_0101	LN610572.1	81.2121
SKTGIJFO_CDS_0101	LN610575.1	63.0303
SKTGIJFO_CDS_0101	LN610586.1	63.0303
SKTGIJFO_CDS_0101	OM870969.1	63.0303
SKTGIJFO_CDS_0101	LN610587.1	63.0303
SKTGIJFO_CDS_0101	OQ411628.1	63.0303
SKTGIJFO_CDS_0101	OM870970.1	63.0303
SKTGIJFO_CDS_0103	OM870967.1	86.3636
SKTGIJFO_CDS_0103	OM870969.1	86.3636
SKTGIJFO_CDS_0103	LN610572.1	86.3636
SKTGIJFO_CDS_0103	OM870968.1	86.3636
SKTGIJFO_CDS_0105	LN610572.1	91.8919
SKTGIJFO_CDS_0105	OM870969.1	91.8919
SKTGIJFO_CDS_0106	LN610572.1	97.7901
SKTGIJFO_CDS_0107	LN610572.1	97.7477
SKTGIJFO_CDS_0109	LN610572.1	94.3894
SKTGIJFO_CDS_0109	OM870967.1	82.5083
SKTGIJFO_CDS_0109	LN610575.1	82.5083
SKTGIJFO_CDS_0109	LN610586.1	82.5083
SKTGIJFO_CDS_0109	OM870968.1	82.5083
SKTGIJFO_CDS_0109	LN610587.1	82.5083
SKTGIJFO_CDS_0109	OM870969.1	78.5479
SKTGIJFO_CDS_0110	OM870967.1	92.6714
SKTGIJFO_CDS_0110	LN610572.1	92.6714
SKTGIJFO_CDS_0110	OM870970.1	92.6714
SKTGIJFO_CDS_0110	OM870968.1	92.6714
SKTGIJFO_CDS_0110	LN610575.1	90.7801
SKTGIJFO_CDS_0110	LN610587.1	90.7801
SKTGIJFO_CDS_0110	LN610586.1	88.1797
SKTGIJFO_CDS_0110	OM870969.1	86.7612
SKTGIJFO_CDS_0111	LN610572.1	85.4701
SKTGIJFO_CDS_0112	LN610572.1	85.2713
SKTGIJFO_CDS_0113	LN610572.1	87.5
SKTGIJFO_CDS_0114	LN610572.1	93.0894
SKTGIJFO_CDS_0115	LN610572.1	93.0108
SKTGIJFO_CDS_0116	LN610572.1	98.8191
SKTGIJFO_CDS_0116	LN610575.1	95.8669
SKTGIJFO_CDS_0116	LN610587.1	95.8669
SKTGIJFO_CDS_0116	LN610586.1	94.4713
SKTGIJFO_CDS_0116	OM870968.1	89.9087
SKTGIJFO_CDS_0116	OM870967.1	89.9087
SKTGIJFO_CDS_0116	OM870970.1	88.9426
SKTGIJFO_CDS_0116	OM870969.1	79.1734
SKTGIJFO_CDS_0118	OM870968.1	95.2083
SKTGIJFO_CDS_0118	OM870967.1	95.2083
SKTGIJFO_CDS_0118	LN610572.1	95.2083
SKTGIJFO_CDS_0120	OM870968.1	97.995
SKTGIJFO_CDS_0120	LN610575.1	97.995
SKTGIJFO_CDS_0120	LN610587.1	97.995
SKTGIJFO_CDS_0120	OM870967.1	97.995
SKTGIJFO_CDS_0120	LN610572.1	97.995
SKTGIJFO_CDS_0120	LN610586.1	97.995
SKTGIJFO_CDS_0121	OM870967.1	95.8333
SKTGIJFO_CDS_0121	OM870968.1	95.8333
SKTGIJFO_CDS_0121	LN610587.1	95.8333
SKTGIJFO_CDS_0121	LN610575.1	95.8333
SKTGIJFO_CDS_0121	LN610586.1	95.8333
SKTGIJFO_CDS_0121	LN610572.1	95.8333
SKTGIJFO_CDS_0121	OQ411628.1	92.2619
SKTGIJFO_CDS_0122	LN610572.1	96.0619
SKTGIJFO_CDS_0122	OM870967.1	93.3896
SKTGIJFO_CDS_0122	LN610587.1	93.3896
SKTGIJFO_CDS_0122	LN610575.1	93.3896
SKTGIJFO_CDS_0122	OM870968.1	93.3896
SKTGIJFO_CDS_0122	LN610586.1	93.3896
SKTGIJFO_CDS_0123	LN610572.1	98.1095
SKTGIJFO_CDS_0123	LN610575.1	89.6517
SKTGIJFO_CDS_0123	OM870967.1	89.6517
SKTGIJFO_CDS_0123	LN610586.1	89.6517
SKTGIJFO_CDS_0123	LN610587.1	89.6517
SKTGIJFO_CDS_0123	OM870968.1	89.6517
SKTGIJFO_CDS_0123	OM870969.1	87.1642
SKTGIJFO_CDS_0123	OM870970.1	85.9701
SKTGIJFO_CDS_0124	LN610572.1	95.2991
SKTGIJFO_CDS_0124	OM870970.1	95.2991
SKTGIJFO_CDS_0124	OM870969.1	95.2991
SKTGIJFO_CDS_0125	LN610572.1	96.8468
SKTGIJFO_CDS_0126	LN610572.1	97.6258
SKTGIJFO_CDS_0126	LN610586.1	79.3922
SKTGIJFO_CDS_0126	LN610587.1	79.3922
SKTGIJFO_CDS_0126	LN610575.1	79.3922
SKTGIJFO_CDS_0127	OM870968.1	95.5674
SKTGIJFO_CDS_0127	LN610587.1	95.5674
SKTGIJFO_CDS_0127	OM870967.1	95.5674
SKTGIJFO_CDS_0127	LN610572.1	95.5674
SKTGIJFO_CDS_0127	LN610575.1	95.5674
SKTGIJFO_CDS_0127	LN610586.1	91.6667
SKTGIJFO_CDS_0128	LN610575.1	92.9825
SKTGIJFO_CDS_0128	OM870967.1	92.9825
SKTGIJFO_CDS_0128	LN610587.1	92.9825
SKTGIJFO_CDS_0128	OM870968.1	92.9825
SKTGIJFO_CDS_0128	LN610572.1	92.9825
SKTGIJFO_CDS_0128	LN610586.1	89.9749
SKTGIJFO_CDS_0128	OM870969.1	76.9424
SKTGIJFO_CDS_0129	OM870968.1	88.8889
SKTGIJFO_CDS_0129	LN610587.1	88.8889
SKTGIJFO_CDS_0129	LN610586.1	88.8889
SKTGIJFO_CDS_0129	LN610575.1	88.8889
SKTGIJFO_CDS_0129	LN610572.1	88.8889
SKTGIJFO_CDS_0129	OM870967.1	88.8889
SKTGIJFO_CDS_0130	LN610575.1	97.619
SKTGIJFO_CDS_0130	LN610586.1	97.619
SKTGIJFO_CDS_0130	OM870969.1	97.619
SKTGIJFO_CDS_0130	LN610572.1	97.619
SKTGIJFO_CDS_0130	LN610587.1	97.619
SKTGIJFO_CDS_0130	OM870968.1	95.0216
SKTGIJFO_CDS_0130	OM870967.1	95.0216
SKTGIJFO_CDS_0131	OM870968.1	97.6608
SKTGIJFO_CDS_0131	OM870967.1	97.6608
SKTGIJFO_CDS_0131	LN610575.1	97.6608
SKTGIJFO_CDS_0131	LN610572.1	97.6608
SKTGIJFO_CDS_0131	LN610587.1	97.6608
SKTGIJFO_CDS_0131	LN610586.1	97.6608
SKTGIJFO_CDS_0132	LN610586.1	87.9781
SKTGIJFO_CDS_0132	OM870968.1	87.9781
SKTGIJFO_CDS_0132	LN610572.1	87.9781
SKTGIJFO_CDS_0132	LN610575.1	87.9781
SKTGIJFO_CDS_0132	OM870967.1	87.9781
SKTGIJFO_CDS_0132	LN610587.1	87.9781
SKTGIJFO_CDS_0133	LN610586.1	96.2821
SKTGIJFO_CDS_0133	OM870968.1	96.2821
SKTGIJFO_CDS_0133	OM870967.1	96.2821
SKTGIJFO_CDS_0133	LN610572.1	96.2821
SKTGIJFO_CDS_0133	LN610575.1	96.2821
SKTGIJFO_CDS_0133	LN610587.1	96.2821
SKTGIJFO_CDS_0133	OM870969.1	84.1026
SKTGIJFO_CDS_0134	LN610575.1	90.7104
SKTGIJFO_CDS_0134	OM870967.1	90.7104
SKTGIJFO_CDS_0134	OM870968.1	90.7104
SKTGIJFO_CDS_0134	LN610587.1	90.7104
SKTGIJFO_CDS_0134	LN610586.1	90.7104
SKTGIJFO_CDS_0134	OQ411628.1	90.7104
SKTGIJFO_CDS_0134	OM870969.1	90.7104
SKTGIJFO_CDS_0134	LN610572.1	90.7104
SKTGIJFO_CDS_0135	LN610587.1	88.5714
SKTGIJFO_CDS_0135	OQ411628.1	88.5714
SKTGIJFO_CDS_0135	OM870967.1	88.5714
SKTGIJFO_CDS_0135	OM870969.1	88.5714
SKTGIJFO_CDS_0135	LN610586.1	88.5714
SKTGIJFO_CDS_0135	LN610572.1	88.5714
SKTGIJFO_CDS_0135	OM870968.1	88.5714
SKTGIJFO_CDS_0135	LN610575.1	88.5714
SKTGIJFO_CDS_0136	LN610586.1	95.5357
SKTGIJFO_CDS_0136	LN610572.1	95.5357
SKTGIJFO_CDS_0136	OQ411628.1	95.5357
SKTGIJFO_CDS_0136	LN610587.1	95.5357
SKTGIJFO_CDS_0136	OM870968.1	95.5357
SKTGIJFO_CDS_0136	OM870967.1	95.5357
SKTGIJFO_CDS_0136	LN610575.1	95.5357
SKTGIJFO_CDS_0137	LN610587.1	89.2857
SKTGIJFO_CDS_0137	LN610575.1	89.2857
SKTGIJFO_CDS_0137	OQ411628.1	89.2857
SKTGIJFO_CDS_0137	LN610572.1	89.2857
SKTGIJFO_CDS_0137	LN610586.1	89.2857
SKTGIJFO_CDS_0137	OM870967.1	83.3333
SKTGIJFO_CDS_0137	OM870968.1	83.3333
SKTGIJFO_CDS_0137	OM870970.1	74.4048
SKTGIJFO_CDS_0137	OM870969.1	74.4048
SKTGIJFO_CDS_0139	LN610572.1	83.871
SKTGIJFO_CDS_0139	LN610586.1	83.871
SKTGIJFO_CDS_0139	OM870968.1	83.871
SKTGIJFO_CDS_0139	OM870967.1	83.871
SKTGIJFO_CDS_0139	LN610575.1	83.871
SKTGIJFO_CDS_0139	LN610587.1	83.871
SKTGIJFO_CDS_0139	OM870970.1	64.5161
SKTGIJFO_CDS_0139	OM870969.1	61.2903
SKTGIJFO_CDS_0140	LN610572.1	98.5507
SKTGIJFO_CDS_0140	LN610586.1	98.5507
SKTGIJFO_CDS_0140	LN610587.1	98.5507
SKTGIJFO_CDS_0140	OM870968.1	98.5507
SKTGIJFO_CDS_0140	LN610575.1	98.5507
SKTGIJFO_CDS_0140	OM870967.1	98.5507
SKTGIJFO_CDS_0140	OM870969.1	82.4017
SKTGIJFO_CDS_0141	OM870968.1	94.7826
SKTGIJFO_CDS_0141	OM870967.1	94.7826
SKTGIJFO_CDS_0141	LN610575.1	94.7826
SKTGIJFO_CDS_0141	LN610572.1	94.7826
SKTGIJFO_CDS_0141	LN610587.1	94.7826
SKTGIJFO_CDS_0141	LN610586.1	94.7826
SKTGIJFO_CDS_0142	LN610586.1	99.4723
SKTGIJFO_CDS_0142	OM870967.1	99.4723
SKTGIJFO_CDS_0142	OM870968.1	99.4723
SKTGIJFO_CDS_0142	LN610572.1	99.4723
SKTGIJFO_CDS_0142	LN610587.1	99.4723
SKTGIJFO_CDS_0142	LN610575.1	99.4723
SKTGIJFO_CDS_0143	LN610572.1	98.9691
SKTGIJFO_CDS_0143	OM870968.1	97.7663
SKTGIJFO_CDS_0143	LN610587.1	97.7663
SKTGIJFO_CDS_0143	OM870967.1	97.7663
SKTGIJFO_CDS_0143	LN610586.1	96.7927
SKTGIJFO_CDS_0143	LN610575.1	82.7606
SKTGIJFO_CDS_0144	LN610586.1	80
SKTGIJFO_CDS_0144	OM870968.1	80
SKTGIJFO_CDS_0144	OM870969.1	80
SKTGIJFO_CDS_0144	LN610572.1	80
SKTGIJFO_CDS_0144	LN610587.1	80
SKTGIJFO_CDS_0144	OM870967.1	80
SKTGIJFO_CDS_0144	LN610575.1	75.5556
SKTGIJFO_CDS_0144	OM870970.1	75.5556
SKTGIJFO_CDS_0145	LN610572.1	93.6027
SKTGIJFO_CDS_0145	OM870969.1	88.5522
SKTGIJFO_CDS_0145	LN610586.1	88.5522
SKTGIJFO_CDS_0145	OM870968.1	88.5522
SKTGIJFO_CDS_0145	OM870967.1	88.5522
SKTGIJFO_CDS_0145	LN610587.1	88.5522
SKTGIJFO_CDS_0145	OM870970.1	88.5522
SKTGIJFO_CDS_0145	LN610575.1	88.5522
SKTGIJFO_CDS_0146	OM870970.1	94.0171
SKTGIJFO_CDS_0146	OM870968.1	94.0171
SKTGIJFO_CDS_0146	LN610575.1	94.0171
SKTGIJFO_CDS_0146	LN610572.1	94.0171
SKTGIJFO_CDS_0146	OM870967.1	94.0171
SKTGIJFO_CDS_0146	LN610587.1	94.0171
SKTGIJFO_CDS_0146	LN610586.1	94.0171
SKTGIJFO_CDS_0146	OM870969.1	94.0171
SKTGIJFO_CDS_0147	LN610572.1	95.7806
SKTGIJFO_CDS_0147	LN610586.1	89.0295
SKTGIJFO_CDS_0147	OM870968.1	89.0295
SKTGIJFO_CDS_0147	OM870970.1	89.0295
SKTGIJFO_CDS_0147	LN610587.1	89.0295
SKTGIJFO_CDS_0147	OM870967.1	89.0295
SKTGIJFO_CDS_0147	LN610575.1	89.0295
SKTGIJFO_CDS_0148	LN610586.1	93.6508
SKTGIJFO_CDS_0148	LN610587.1	93.6508
SKTGIJFO_CDS_0148	LN610572.1	93.6508
SKTGIJFO_CDS_0148	OM870968.1	90.4762
SKTGIJFO_CDS_0148	OM870967.1	90.4762
SKTGIJFO_CDS_0148	OM870970.1	86.3492
SKTGIJFO_CDS_0148	LN610575.1	86.3492
SKTGIJFO_CDS_0148	OM870969.1	84.127
SKTGIJFO_CDS_0149	LN610575.1	89.7849
SKTGIJFO_CDS_0149	LN610572.1	89.7849
SKTGIJFO_CDS_0149	LN610587.1	89.7849
SKTGIJFO_CDS_0149	LN610586.1	89.7849
SKTGIJFO_CDS_0149	OM870969.1	89.7849
SKTGIJFO_CDS_0149	OM870970.1	89.7849
SKTGIJFO_CDS_0149	OM870968.1	86.5591
SKTGIJFO_CDS_0149	OM870967.1	86.5591
SKTGIJFO_CDS_0150	LN610586.1	95.5823
SKTGIJFO_CDS_0150	LN610587.1	95.5823
SKTGIJFO_CDS_0150	OM870969.1	95.5823
SKTGIJFO_CDS_0150	LN610572.1	95.5823
SKTGIJFO_CDS_0151	LN610587.1	97.5309
SKTGIJFO_CDS_0151	LN610572.1	97.5309
SKTGIJFO_CDS_0151	LN610586.1	97.5309
SKTGIJFO_CDS_0152	LN610586.1	95.3846
SKTGIJFO_CDS_0152	LN610572.1	95.3846
SKTGIJFO_CDS_0152	LN610587.1	95.3846
SKTGIJFO_CDS_0153	LN610587.1	92.5
SKTGIJFO_CDS_0153	LN610572.1	92.5
SKTGIJFO_CDS_0153	LN610586.1	92.5
SKTGIJFO_CDS_0154	LN610586.1	93.6508
SKTGIJFO_CDS_0154	LN610572.1	93.6508
SKTGIJFO_CDS_0154	OM870969.1	93.6508
SKTGIJFO_CDS_0154	LN610575.1	93.6508
SKTGIJFO_CDS_0154	LN610587.1	93.6508
SKTGIJFO_CDS_0154	OM870970.1	93.6508
SKTGIJFO_CDS_0155	LN610587.1	80
SKTGIJFO_CDS_0155	OM870969.1	80
SKTGIJFO_CDS_0155	LN610586.1	80
SKTGIJFO_CDS_0155	LN610572.1	80
SKTGIJFO_CDS_0155	LN610575.1	66.6667
SKTGIJFO_CDS_0155	OM870970.1	66.6667
SKTGIJFO_CDS_0156	LN610587.1	98.1763
SKTGIJFO_CDS_0156	LN610572.1	98.1763
SKTGIJFO_CDS_0156	LN610586.1	96.6565
SKTGIJFO_CDS_0156	OQ411628.1	79.0274
SKTGIJFO_CDS_0158	LN610587.1	81.0345
SKTGIJFO_CDS_0158	LN610572.1	81.0345
SKTGIJFO_CDS_0158	LN610586.1	81.0345
SKTGIJFO_CDS_0160	LN610586.1	88.7255
SKTGIJFO_CDS_0160	LN610572.1	88.7255
SKTGIJFO_CDS_0160	LN610587.1	88.7255
SKTGIJFO_CDS_0161	LN610586.1	95.1267
SKTGIJFO_CDS_0161	LN610572.1	95.1267
SKTGIJFO_CDS_0161	LN610587.1	95.1267
SKTGIJFO_CDS_0162	LN610587.1	90.7407
SKTGIJFO_CDS_0162	LN610572.1	90.7407
SKTGIJFO_CDS_0162	LN610586.1	90.7407
SKTGIJFO_CDS_0163	LN610586.1	93.75
SKTGIJFO_CDS_0163	LN610587.1	93.75
SKTGIJFO_CDS_0163	LN610572.1	93.75
SKTGIJFO_CDS_0164	LN610572.1	93.75
SKTGIJFO_CDS_0164	LN610587.1	93.75
SKTGIJFO_CDS_0164	LN610586.1	93.75
SKTGIJFO_CDS_0166	LN610587.1	91.4729
SKTGIJFO_CDS_0166	LN610572.1	91.4729
SKTGIJFO_CDS_0166	LN610586.1	91.4729
SKTGIJFO_CDS_0166	OM870968.1	67.4419
SKTGIJFO_CDS_0166	LN610575.1	67.4419
SKTGIJFO_CDS_0166	OM870967.1	67.4419
SKTGIJFO_CDS_0167	LN610587.1	92.5566
SKTGIJFO_CDS_0167	LN610586.1	92.5566
SKTGIJFO_CDS_0167	LN610572.1	92.5566
SKTGIJFO_CDS_0168	LN610586.1	99.0196
SKTGIJFO_CDS_0168	LN610572.1	99.0196
SKTGIJFO_CDS_0168	LN610587.1	99.0196
SKTGIJFO_CDS_0169	LN610587.1	92.9825
SKTGIJFO_CDS_0169	LN610572.1	92.9825
SKTGIJFO_CDS_0169	LN610586.1	92.9825
SKTGIJFO_CDS_0169	OM870967.1	78.5088
SKTGIJFO_CDS_0169	OQ411628.1	78.5088
SKTGIJFO_CDS_0169	OM870970.1	78.5088
SKTGIJFO_CDS_0169	OM870968.1	78.5088
SKTGIJFO_CDS_0169	OM870969.1	77.6316
SKTGIJFO_CDS_0170	LN610586.1	91.6667
SKTGIJFO_CDS_0170	LN610575.1	91.6667
SKTGIJFO_CDS_0170	OM870969.1	91.6667
SKTGIJFO_CDS_0170	OM870970.1	91.6667
SKTGIJFO_CDS_0170	LN610587.1	91.6667
SKTGIJFO_CDS_0170	OQ411628.1	91.6667
SKTGIJFO_CDS_0170	LN610572.1	91.6667
SKTGIJFO_CDS_0170	OM870967.1	91.6667
SKTGIJFO_CDS_0170	OM870968.1	91.6667
SKTGIJFO_CDS_0171	LN610586.1	97.4702
SKTGIJFO_CDS_0171	LN610587.1	97.4702
SKTGIJFO_CDS_0171	LN610572.1	97.4702
SKTGIJFO_CDS_0171	LN610575.1	87.0536
SKTGIJFO_CDS_0171	OQ411628.1	84.8214
SKTGIJFO_CDS_0171	OM870969.1	80.2083
SKTGIJFO_CDS_0172	LN610572.1	95.2802
SKTGIJFO_CDS_0172	LN610586.1	95.2802
SKTGIJFO_CDS_0172	LN610587.1	95.2802
SKTGIJFO_CDS_0173	LN610572.1	94.6328
SKTGIJFO_CDS_0173	LN610586.1	94.6328
SKTGIJFO_CDS_0173	LN610587.1	88.1356
SKTGIJFO_CDS_0174	LN610587.1	84.6154
SKTGIJFO_CDS_0174	LN610586.1	84.6154
SKTGIJFO_CDS_0174	LN610572.1	84.6154
SKTGIJFO_CDS_0174	LN610575.1	72.8205
SKTGIJFO_CDS_0175	LN610572.1	93.633
SKTGIJFO_CDS_0175	LN610586.1	93.633
SKTGIJFO_CDS_0175	LN610587.1	93.633
SKTGIJFO_CDS_0175	LN610575.1	93.633
SKTGIJFO_CDS_0176	LN610575.1	93.2039
SKTGIJFO_CDS_0176	LN610572.1	93.2039
SKTGIJFO_CDS_0176	LN610587.1	93.2039
SKTGIJFO_CDS_0176	LN610586.1	93.2039
SKTGIJFO_CDS_0177	LN610587.1	91.1111
SKTGIJFO_CDS_0177	LN610586.1	91.1111
SKTGIJFO_CDS_0177	LN610572.1	91.1111
SKTGIJFO_CDS_0177	LN610575.1	91.1111
SKTGIJFO_CDS_0178	LN610572.1	91.0112
SKTGIJFO_CDS_0178	LN610586.1	91.0112
SKTGIJFO_CDS_0178	LN610587.1	91.0112
SKTGIJFO_CDS_0178	LN610575.1	85.7678
SKTGIJFO_CDS_0179	LN610587.1	93.3842
SKTGIJFO_CDS_0179	LN610572.1	93.3842
SKTGIJFO_CDS_0179	LN610575.1	93.3842
SKTGIJFO_CDS_0179	LN610586.1	93.3842
SKTGIJFO_CDS_0181	LN610586.1	86.9919
SKTGIJFO_CDS_0181	LN610575.1	86.9919
SKTGIJFO_CDS_0181	LN610587.1	86.9919
SKTGIJFO_CDS_0181	LN610572.1	86.9919
SKTGIJFO_CDS_0182	LN610586.1	95.0758
SKTGIJFO_CDS_0182	LN610587.1	95.0758
SKTGIJFO_CDS_0182	LN610572.1	95.0758
SKTGIJFO_CDS_0182	LN610575.1	95.0758
SKTGIJFO_CDS_0183	LN610575.1	95.2703
SKTGIJFO_CDS_0183	LN610587.1	95.2703
SKTGIJFO_CDS_0183	LN610572.1	95.2703
SKTGIJFO_CDS_0183	LN610586.1	95.2703
SKTGIJFO_CDS_0185	LN610575.1	93.9716
SKTGIJFO_CDS_0185	LN610587.1	93.9716
SKTGIJFO_CDS_0185	LN610586.1	93.9716
SKTGIJFO_CDS_0185	LN610572.1	93.9716
SKTGIJFO_CDS_0186	LN610587.1	98.8304
SKTGIJFO_CDS_0186	LN610586.1	98.8304
SKTGIJFO_CDS_0186	LN610575.1	98.8304
SKTGIJFO_CDS_0186	LN610572.1	98.8304
SKTGIJFO_CDS_0187	LN610586.1	98.234
SKTGIJFO_CDS_0187	LN610587.1	98.234
SKTGIJFO_CDS_0187	LN610572.1	98.234
SKTGIJFO_CDS_0187	LN610575.1	98.234
SKTGIJFO_CDS_0187	OM870967.1	90.287
SKTGIJFO_CDS_0187	OM870969.1	84.5475
SKTGIJFO_CDS_0188	LN610587.1	87.4459
SKTGIJFO_CDS_0188	LN610575.1	87.4459
SKTGIJFO_CDS_0188	LN610586.1	87.4459
SKTGIJFO_CDS_0188	LN610572.1	87.4459
SKTGIJFO_CDS_0190	LN610587.1	90.2622
SKTGIJFO_CDS_0190	LN610572.1	90.2622
SKTGIJFO_CDS_0190	OM870969.1	90.2622
SKTGIJFO_CDS_0190	LN610575.1	90.2622
SKTGIJFO_CDS_0191	LN610572.1	93.3333
SKTGIJFO_CDS_0191	LN610587.1	93.3333
SKTGIJFO_CDS_0191	LN610575.1	93.3333
SKTGIJFO_CDS_0192	LN610575.1	81.8841
SKTGIJFO_CDS_0192	LN610572.1	81.8841
SKTGIJFO_CDS_0192	LN610587.1	81.8841
SKTGIJFO_CDS_0193	LN610575.1	92.4528
SKTGIJFO_CDS_0193	LN610572.1	92.4528
SKTGIJFO_CDS_0193	OM870969.1	92.4528
SKTGIJFO_CDS_0193	LN610587.1	92.4528
SKTGIJFO_CDS_0193	OQ411628.1	72.956
SKTGIJFO_CDS_0194	LN610572.1	100
SKTGIJFO_CDS_0194	LN610586.1	100
SKTGIJFO_CDS_0194	LN610575.1	100
SKTGIJFO_CDS_0194	LN610587.1	100
SKTGIJFO_CDS_0195	LN610586.1	85.3333
SKTGIJFO_CDS_0195	LN610572.1	85.3333
SKTGIJFO_CDS_0195	OM870969.1	80
SKTGIJFO_CDS_0195	LN610575.1	69.3333
SKTGIJFO_CDS_0195	LN610587.1	69.3333
SKTGIJFO_CDS_0195	OM870967.1	62.6667
SKTGIJFO_CDS_0195	OM870968.1	62.6667
SKTGIJFO_CDS_0197	LN610586.1	65.625
SKTGIJFO_CDS_0197	LN610572.1	65.625
SKTGIJFO_CDS_0197	LN610587.1	65.625
SKTGIJFO_CDS_0197	LN610575.1	65.625
SKTGIJFO_CDS_0197	LN610572.1	65.625
SKTGIJFO_CDS_0197	LN610587.1	65.625
SKTGIJFO_CDS_0197	LN610586.1	65.625
SKTGIJFO_CDS_0197	LN610575.1	65.625
SKTGIJFO_CDS_0201	LN610583.1	92.6606
SKTGIJFO_CDS_0201	LN610573.1	92.6606
SKTGIJFO_CDS_0201	LN610583.1	92.6606
SKTGIJFO_CDS_0201	LN610573.1	92.6606
SKTGIJFO_CDS_0201	LN610581.1	81.6514
SKTGIJFO_CDS_0201	LN610576.1	81.6514
SKTGIJFO_CDS_0201	LN610581.1	81.6514
SKTGIJFO_CDS_0201	LN610576.1	81.6514
SKTGIJFO_CDS_0204	LN610573.1	96.0648
SKTGIJFO_CDS_0204	LN610583.1	96.0648
SKTGIJFO_CDS_0204	LN610581.1	96.0648
SKTGIJFO_CDS_0204	LN610582.1	92.8241
SKTGIJFO_CDS_0204	LN610576.1	90.5093
SKTGIJFO_CDS_0205	LN610576.1	93.8596
SKTGIJFO_CDS_0205	LN610573.1	93.8596
SKTGIJFO_CDS_0205	LN610583.1	93.8596
SKTGIJFO_CDS_0205	LN610581.1	93.8596
SKTGIJFO_CDS_0206	LN610583.1	96.2667
SKTGIJFO_CDS_0206	LN610576.1	96.2667
SKTGIJFO_CDS_0206	LN610582.1	96.2667
SKTGIJFO_CDS_0206	LN610573.1	96.2667
SKTGIJFO_CDS_0206	LN610581.1	96.2667
SKTGIJFO_CDS_0207	LN610573.1	93.3884
SKTGIJFO_CDS_0207	LN610576.1	93.3884
SKTGIJFO_CDS_0207	LN610583.1	93.3884
SKTGIJFO_CDS_0207	LN610581.1	93.3884
SKTGIJFO_CDS_0207	LN610582.1	93.3884
SKTGIJFO_CDS_0208	LN610581.1	92.4638
SKTGIJFO_CDS_0208	LN610573.1	92.4638
SKTGIJFO_CDS_0208	LN610583.1	92.4638
SKTGIJFO_CDS_0208	LN610582.1	92.4638
SKTGIJFO_CDS_0208	LN610576.1	92.4638
SKTGIJFO_CDS_0209	LN610576.1	97.5637
SKTGIJFO_CDS_0209	LN610573.1	97.5637
SKTGIJFO_CDS_0209	LN610582.1	97.5637
SKTGIJFO_CDS_0210	LN610573.1	98.6111
SKTGIJFO_CDS_0210	LN610582.1	97.3765
SKTGIJFO_CDS_0210	LN610576.1	97.3765
SKTGIJFO_CDS_0211	LN610576.1	97.1264
SKTGIJFO_CDS_0211	LN610573.1	97.1264
SKTGIJFO_CDS_0211	LN610581.1	97.1264
SKTGIJFO_CDS_0211	LN610582.1	97.1264
SKTGIJFO_CDS_0212	LN610576.1	86.2222
SKTGIJFO_CDS_0212	LN610582.1	86.2222
SKTGIJFO_CDS_0212	LN610573.1	86.2222
SKTGIJFO_CDS_0212	LN610581.1	77.3333
SKTGIJFO_CDS_0214	LN610573.1	87.3016
SKTGIJFO_CDS_0214	LN610582.1	87.3016
SKTGIJFO_CDS_0214	LN610581.1	87.3016
SKTGIJFO_CDS_0214	LN610576.1	80.9524
SKTGIJFO_CDS_0214	LN610583.1	75.1323
SKTGIJFO_CDS_0215	LN610573.1	93.3333
SKTGIJFO_CDS_0215	LN610576.1	93.3333
SKTGIJFO_CDS_0215	LN610582.1	93.3333
SKTGIJFO_CDS_0215	LN610581.1	87.6923
SKTGIJFO_CDS_0216	LN610573.1	97.7556
SKTGIJFO_CDS_0217	LN610573.1	88.3117
SKTGIJFO_CDS_0218	LN610573.1	92.9825
SKTGIJFO_CDS_0219	LN610576.1	94.0695
SKTGIJFO_CDS_0219	LN610581.1	94.0695
SKTGIJFO_CDS_0219	LN610573.1	94.0695
SKTGIJFO_CDS_0220	LN610573.1	91.7526
SKTGIJFO_CDS_0220	LN610581.1	91.7526
SKTGIJFO_CDS_0220	LN610576.1	89.0034
SKTGIJFO_CDS_0221	LN610573.1	98.4277
SKTGIJFO_CDS_0221	LN610581.1	94.9686
SKTGIJFO_CDS_0221	LN610576.1	92.4528
SKTGIJFO_CDS_0222	LN610573.1	88.2353
SKTGIJFO_CDS_0222	LN610581.1	88.2353
SKTGIJFO_CDS_0222	LN610576.1	88.2353
SKTGIJFO_CDS_0223	LN610573.1	97.5309
SKTGIJFO_CDS_0223	LN610581.1	97.5309
SKTGIJFO_CDS_0224	LN610573.1	95.7576
SKTGIJFO_CDS_0224	LN610581.1	95.7576
SKTGIJFO_CDS_0225	LN610573.1	97.5078
SKTGIJFO_CDS_0225	LN610581.1	97.5078
SKTGIJFO_CDS_0226	LN610582.1	88.7179
SKTGIJFO_CDS_0226	LN610573.1	88.7179
SKTGIJFO_CDS_0226	LN610581.1	88.7179
SKTGIJFO_CDS_0227	LN610576.1	95.8071
SKTGIJFO_CDS_0227	LN610582.1	95.8071
SKTGIJFO_CDS_0227	LN610581.1	95.8071
SKTGIJFO_CDS_0227	LN610573.1	95.8071
SKTGIJFO_CDS_0228	LN610582.1	93.6128
SKTGIJFO_CDS_0228	LN610576.1	93.6128
SKTGIJFO_CDS_0228	LN610581.1	93.6128
SKTGIJFO_CDS_0228	LN610573.1	93.6128
SKTGIJFO_CDS_0229	LN610582.1	94.9612
SKTGIJFO_CDS_0229	LN610576.1	94.9612
SKTGIJFO_CDS_0229	LN610573.1	94.9612
SKTGIJFO_CDS_0229	LN610581.1	94.9612
SKTGIJFO_CDS_0230	LN610582.1	88
SKTGIJFO_CDS_0230	LN610573.1	88
SKTGIJFO_CDS_0230	LN610581.1	88
SKTGIJFO_CDS_0230	LN610576.1	88
SKTGIJFO_CDS_0231	LN610573.1	90.4762
SKTGIJFO_CDS_0231	LN610576.1	90.4762
SKTGIJFO_CDS_0231	LN610582.1	90.4762
SKTGIJFO_CDS_0231	LN610581.1	90.4762
SKTGIJFO_CDS_0232	LN610576.1	91.6667
SKTGIJFO_CDS_0232	LN610581.1	91.6667
SKTGIJFO_CDS_0232	LN610582.1	91.6667
SKTGIJFO_CDS_0232	LN610573.1	91.6667
SKTGIJFO_CDS_0233	LN610576.1	80.9524
SKTGIJFO_CDS_0233	LN610573.1	80.9524
SKTGIJFO_CDS_0233	LN610581.1	80.9524
SKTGIJFO_CDS_0233	LN610582.1	80.9524
SKTGIJFO_CDS_0235	LN610573.1	92.8315
SKTGIJFO_CDS_0235	LN610581.1	90.3226
SKTGIJFO_CDS_0235	LN610576.1	84.5878
SKTGIJFO_CDS_0235	LN610582.1	76.3441
SKTGIJFO_CDS_0237	LN610576.1	99.3056
SKTGIJFO_CDS_0237	LN610573.1	99.3056
SKTGIJFO_CDS_0237	LN610581.1	99.3056
SKTGIJFO_CDS_0238	LN610576.1	94.0928
SKTGIJFO_CDS_0238	LN610581.1	94.0928
SKTGIJFO_CDS_0238	LN610573.1	94.0928
SKTGIJFO_CDS_0239	LN610581.1	93.4524
SKTGIJFO_CDS_0239	LN610573.1	93.4524
SKTGIJFO_CDS_0239	LN610576.1	93.4524
SKTGIJFO_CDS_0240	LN610581.1	97.669
SKTGIJFO_CDS_0240	LN610573.1	97.669
SKTGIJFO_CDS_0240	LN610576.1	93.9394
SKTGIJFO_CDS_0241	LN610573.1	94.686
SKTGIJFO_CDS_0241	LN610581.1	94.686
SKTGIJFO_CDS_0241	LN610576.1	94.686
SKTGIJFO_CDS_0242	LN610576.1	99.4792
SKTGIJFO_CDS_0242	LN610581.1	99.4792
SKTGIJFO_CDS_0242	LN610573.1	99.4792
SKTGIJFO_CDS_0243	LN610573.1	89.2473
SKTGIJFO_CDS_0243	LN610581.1	87.4552
SKTGIJFO_CDS_0243	LN610576.1	84.5878
SKTGIJFO_CDS_0244	LN610576.1	99.1043
SKTGIJFO_CDS_0244	LN610573.1	99.1043
SKTGIJFO_CDS_0244	LN610581.1	99.1043
SKTGIJFO_CDS_0245	LN610573.1	94.6502
SKTGIJFO_CDS_0245	LN610576.1	94.6502
SKTGIJFO_CDS_0245	LN610581.1	94.6502
SKTGIJFO_CDS_0245	LN610582.1	84.9794
SKTGIJFO_CDS_0245	LN610583.1	77.1605
SKTGIJFO_CDS_0246	LN610576.1	96.1857
SKTGIJFO_CDS_0246	LN610581.1	96.1857
SKTGIJFO_CDS_0246	LN610573.1	96.1857
SKTGIJFO_CDS_0246	LN610582.1	85.0746
SKTGIJFO_CDS_0247	LN610576.1	87.1486
SKTGIJFO_CDS_0247	LN610581.1	87.1486
SKTGIJFO_CDS_0247	LN610573.1	87.1486
SKTGIJFO_CDS_0247	LN610582.1	78.7149
SKTGIJFO_CDS_0247	LN610583.1	71.8876
SKTGIJFO_CDS_0248	LN610573.1	97.5177
SKTGIJFO_CDS_0248	LN610581.1	94.1489
SKTGIJFO_CDS_0249	LN610573.1	97.8044
SKTGIJFO_CDS_0249	LN610581.1	97.8044
SKTGIJFO_CDS_0250	LN610573.1	97.7987
SKTGIJFO_CDS_0250	LN610581.1	96.7767
SKTGIJFO_CDS_0250	LN610576.1	81.3679
SKTGIJFO_CDS_0251	LN610573.1	87.1795
SKTGIJFO_CDS_0251	LN610583.1	76.9231
SKTGIJFO_CDS_0251	LN610581.1	76.9231
SKTGIJFO_CDS_0251	LN610576.1	76.9231
SKTGIJFO_CDS_0252	LN610573.1	94.8718
SKTGIJFO_CDS_0252	LN610576.1	92.5641
SKTGIJFO_CDS_0253	LN610573.1	95.3642
SKTGIJFO_CDS_0254	LN610573.1	90.2622
SKTGIJFO_CDS_0255	LN610573.1	93.4837
SKTGIJFO_CDS_0257	LN610573.1	90.1235
SKTGIJFO_CDS_0257	LN610582.1	90.1235
SKTGIJFO_CDS_0257	LN610576.1	90.1235
SKTGIJFO_CDS_0257	LN610583.1	78.6008
SKTGIJFO_CDS_0257	LN610581.1	78.6008
SKTGIJFO_CDS_0258	LN610573.1	80
SKTGIJFO_CDS_0258	LN610582.1	80
SKTGIJFO_CDS_0258	LN610576.1	80
SKTGIJFO_CDS_0258	LN610581.1	71.4286
SKTGIJFO_CDS_0258	LN610583.1	71.4286
SKTGIJFO_CDS_0259	LN610581.1	92.9972
SKTGIJFO_CDS_0259	LN610576.1	92.9972
SKTGIJFO_CDS_0259	LN610582.1	92.9972
SKTGIJFO_CDS_0259	LN610573.1	92.9972
SKTGIJFO_CDS_0259	LN610583.1	92.9972
SKTGIJFO_CDS_0260	LN610576.1	92.3695
SKTGIJFO_CDS_0260	LN610573.1	92.3695
SKTGIJFO_CDS_0260	LN610582.1	92.3695
SKTGIJFO_CDS_0261	LN610576.1	75.3968
SKTGIJFO_CDS_0261	LN610573.1	75.3968
SKTGIJFO_CDS_0261	LN610582.1	75.3968
SKTGIJFO_CDS_0261	LN610583.1	74.6032
SKTGIJFO_CDS_0261	LN610581.1	74.6032
SKTGIJFO_CDS_0262	LN610576.1	94.3894
SKTGIJFO_CDS_0262	LN610582.1	94.3894
SKTGIJFO_CDS_0262	LN610573.1	94.3894
SKTGIJFO_CDS_0262	LN610583.1	81.5182
SKTGIJFO_CDS_0262	LN610581.1	81.5182
SKTGIJFO_CDS_0263	LN610573.1	97.4359
SKTGIJFO_CDS_0263	LN610582.1	97.4359
SKTGIJFO_CDS_0263	LN610576.1	95.7265
SKTGIJFO_CDS_0263	LN610581.1	94.8718
SKTGIJFO_CDS_0263	LN610583.1	94.0171
SKTGIJFO_CDS_0264	LN610582.1	93.8967
SKTGIJFO_CDS_0264	LN610573.1	93.8967
SKTGIJFO_CDS_0264	LN610576.1	93.8967
SKTGIJFO_CDS_0264	LN610583.1	93.8967
SKTGIJFO_CDS_0264	LN610581.1	93.8967
SKTGIJFO_CDS_0265	LN610573.1	98.8724
SKTGIJFO_CDS_0265	LN610582.1	97.1106
SKTGIJFO_CDS_0265	LN610576.1	96.4764
SKTGIJFO_CDS_0265	LN610581.1	96.124
SKTGIJFO_CDS_0265	LN610583.1	94.6441
SKTGIJFO_CDS_0266	LN610573.1	99.7323
SKTGIJFO_CDS_0266	LN610576.1	96.1178
SKTGIJFO_CDS_0266	LN610582.1	84.8728
SKTGIJFO_CDS_0266	LN610581.1	84.8728
SKTGIJFO_CDS_0266	LN610583.1	83.9357
SKTGIJFO_CDS_0267	LN610573.1	93.5123
SKTGIJFO_CDS_0267	LN610576.1	93.5123
SKTGIJFO_CDS_0268	LN610576.1	98.0856
SKTGIJFO_CDS_0268	LN610583.1	98.0856
SKTGIJFO_CDS_0268	LN610573.1	98.0856
SKTGIJFO_CDS_0268	LN610581.1	95.9459
SKTGIJFO_CDS_0268	LN610582.1	95.9459
SKTGIJFO_CDS_0269	LN610573.1	94.1333
SKTGIJFO_CDS_0269	LN610583.1	89.0667
SKTGIJFO_CDS_0269	LN610576.1	89.0667
SKTGIJFO_CDS_0269	LN610581.1	89.0667
SKTGIJFO_CDS_0269	LN610582.1	89.0667
SKTGIJFO_CDS_0270	LN610573.1	98.2008
SKTGIJFO_CDS_0270	LN610583.1	98.2008
SKTGIJFO_CDS_0270	LN610582.1	96.7803
SKTGIJFO_CDS_0270	LN610576.1	95.4545
SKTGIJFO_CDS_0270	LN610581.1	95.4545
SKTGIJFO_CDS_0271	LN610583.1	97.3251
SKTGIJFO_CDS_0271	LN610573.1	97.3251
SKTGIJFO_CDS_0271	LN610582.1	97.3251
SKTGIJFO_CDS_0271	LN610576.1	97.3251
SKTGIJFO_CDS_0271	LN610581.1	97.3251
SKTGIJFO_CDS_0272	LN610583.1	96.7949
SKTGIJFO_CDS_0272	LN610581.1	96.7949
SKTGIJFO_CDS_0272	LN610582.1	96.7949
SKTGIJFO_CDS_0272	LN610573.1	96.7949
SKTGIJFO_CDS_0272	LN610576.1	95.7265
SKTGIJFO_CDS_0273	LN610583.1	98.3871
SKTGIJFO_CDS_0273	LN610573.1	98.3871
SKTGIJFO_CDS_0273	LN610581.1	98.3871
SKTGIJFO_CDS_0273	LN610582.1	98.3871
SKTGIJFO_CDS_0273	LN610576.1	84.9462
SKTGIJFO_CDS_0274	LN610573.1	97.7456
SKTGIJFO_CDS_0274	LN610583.1	95.1691
SKTGIJFO_CDS_0274	LN610582.1	95.1691
SKTGIJFO_CDS_0274	LN610581.1	95.1691
SKTGIJFO_CDS_0274	LN610576.1	95.1691
SKTGIJFO_CDS_0275	LN610573.1	99.2441
SKTGIJFO_CDS_0275	LN610583.1	99.2441
SKTGIJFO_CDS_0275	LN610582.1	98.4883
SKTGIJFO_CDS_0275	LN610581.1	96.6742
SKTGIJFO_CDS_0275	LN610576.1	95.3893
SKTGIJFO_CDS_0276	LN610583.1	93.295
SKTGIJFO_CDS_0276	LN610573.1	93.295
SKTGIJFO_CDS_0276	LN610576.1	85.249
SKTGIJFO_CDS_0276	LN610582.1	85.249
SKTGIJFO_CDS_0276	LN610581.1	85.249
SKTGIJFO_CDS_0277	LN610583.1	96.2302
SKTGIJFO_CDS_0277	LN610573.1	96.2302
SKTGIJFO_CDS_0277	LN610576.1	92.6587
SKTGIJFO_CDS_0277	LN610581.1	92.6587
SKTGIJFO_CDS_0277	LN610582.1	92.6587
SKTGIJFO_CDS_0278	LN610581.1	99.2063
SKTGIJFO_CDS_0278	LN610583.1	99.2063
SKTGIJFO_CDS_0278	LN610573.1	99.2063
SKTGIJFO_CDS_0278	LN610576.1	99.2063
SKTGIJFO_CDS_0278	LN610582.1	99.2063
SKTGIJFO_CDS_0279	LN610573.1	94.3152
SKTGIJFO_CDS_0279	LN610576.1	94.3152
SKTGIJFO_CDS_0279	LN610583.1	94.3152
SKTGIJFO_CDS_0279	LN610581.1	94.3152
SKTGIJFO_CDS_0279	LN610582.1	94.3152
SKTGIJFO_CDS_0280	LN610583.1	89.6396
SKTGIJFO_CDS_0280	LN610582.1	89.6396
SKTGIJFO_CDS_0280	LN610573.1	89.6396
SKTGIJFO_CDS_0280	LN610576.1	89.6396
SKTGIJFO_CDS_0280	LN610581.1	89.6396
SKTGIJFO_CDS_0281	LN610573.1	99.8288
SKTGIJFO_CDS_0281	LN610582.1	99.8288
SKTGIJFO_CDS_0281	LN610583.1	99.8288
SKTGIJFO_CDS_0281	LN610576.1	98.8019
SKTGIJFO_CDS_0281	LN610581.1	98.2884
SKTGIJFO_CDS_0282	LN610573.1	95.7031
SKTGIJFO_CDS_0282	LN610576.1	95.7031
SKTGIJFO_CDS_0282	LN610583.1	95.7031
SKTGIJFO_CDS_0282	LN610582.1	95.7031
SKTGIJFO_CDS_0282	LN610581.1	87.5
SKTGIJFO_CDS_0283	LN610573.1	93.5673
SKTGIJFO_CDS_0283	LN610583.1	93.5673
SKTGIJFO_CDS_0283	LN610581.1	93.5673
SKTGIJFO_CDS_0283	LN610576.1	93.5673
SKTGIJFO_CDS_0283	LN610582.1	90.6433
SKTGIJFO_CDS_0284	LN610573.1	96.5986
SKTGIJFO_CDS_0284	LN610583.1	96.5986
SKTGIJFO_CDS_0284	LN610581.1	96.5986
SKTGIJFO_CDS_0284	LN610576.1	96.5986
SKTGIJFO_CDS_0284	LN610582.1	93.0839
SKTGIJFO_CDS_0285	LN610581.1	99.2565
SKTGIJFO_CDS_0285	LN610582.1	99.2565
SKTGIJFO_CDS_0285	LN610583.1	99.2565
SKTGIJFO_CDS_0285	LN610573.1	99.2565
SKTGIJFO_CDS_0285	LN610576.1	99.2565
SKTGIJFO_CDS_0286	LN610576.1	95.9016
SKTGIJFO_CDS_0286	LN610573.1	95.9016
SKTGIJFO_CDS_0286	LN610582.1	95.9016
SKTGIJFO_CDS_0286	LN610583.1	95.9016
SKTGIJFO_CDS_0286	LN610581.1	95.9016
SKTGIJFO_CDS_0287	LN610581.1	98.773
SKTGIJFO_CDS_0287	LN610573.1	98.773
SKTGIJFO_CDS_0287	LN610583.1	98.773
SKTGIJFO_CDS_0287	LN610576.1	98.773
SKTGIJFO_CDS_0287	LN610582.1	97.0007
SKTGIJFO_CDS_0288	LN610583.1	99.2157
SKTGIJFO_CDS_0288	LN610581.1	99.2157
SKTGIJFO_CDS_0288	LN610582.1	99.2157
SKTGIJFO_CDS_0288	LN610573.1	99.2157
SKTGIJFO_CDS_0288	LN610576.1	95.817
SKTGIJFO_CDS_0289	LN610576.1	99.2248
SKTGIJFO_CDS_0289	LN610583.1	99.2248
SKTGIJFO_CDS_0289	LN610581.1	99.2248
SKTGIJFO_CDS_0289	LN610573.1	99.2248
SKTGIJFO_CDS_0289	LN610582.1	98.2074
SKTGIJFO_CDS_0290	LN610576.1	97.8667
SKTGIJFO_CDS_0290	LN610581.1	97.8667
SKTGIJFO_CDS_0290	LN610583.1	97.8667
SKTGIJFO_CDS_0290	LN610573.1	97.8667
SKTGIJFO_CDS_0290	LN610582.1	97.3333
SKTGIJFO_CDS_0291	LN610573.1	98.7282
SKTGIJFO_CDS_0291	LN610581.1	98.1928
SKTGIJFO_CDS_0291	LN610583.1	98.1928
SKTGIJFO_CDS_0291	LN610576.1	98.1928
SKTGIJFO_CDS_0291	LN610582.1	98.1928
SKTGIJFO_CDS_0292	LN610582.1	99.2299
SKTGIJFO_CDS_0292	LN610583.1	99.2299
SKTGIJFO_CDS_0292	LN610573.1	99.2299
SKTGIJFO_CDS_0292	LN610581.1	99.2299
SKTGIJFO_CDS_0292	LN610576.1	97.2497
SKTGIJFO_CDS_0293	LN610583.1	94.0048
SKTGIJFO_CDS_0293	LN610581.1	94.0048
SKTGIJFO_CDS_0293	LN610576.1	94.0048
SKTGIJFO_CDS_0293	LN610573.1	94.0048
SKTGIJFO_CDS_0293	LN610582.1	92.5659
SKTGIJFO_CDS_0294	LN610582.1	78.0142
SKTGIJFO_CDS_0294	LN610573.1	78.0142
SKTGIJFO_CDS_0294	LN610581.1	78.0142
SKTGIJFO_CDS_0294	LN610583.1	78.0142
SKTGIJFO_CDS_0294	LN610576.1	61.7021
SKTGIJFO_CDS_0295	LN610582.1	98
SKTGIJFO_CDS_0295	LN610581.1	98
SKTGIJFO_CDS_0295	LN610576.1	98
SKTGIJFO_CDS_0295	LN610573.1	98
SKTGIJFO_CDS_0295	LN610583.1	98
SKTGIJFO_CDS_0296	LN610582.1	91.3194
SKTGIJFO_CDS_0296	LN610583.1	91.3194
SKTGIJFO_CDS_0296	LN610573.1	91.3194
SKTGIJFO_CDS_0296	LN610576.1	91.3194
SKTGIJFO_CDS_0296	LN610581.1	91.3194
SKTGIJFO_CDS_0297	LN610581.1	98.8095
SKTGIJFO_CDS_0297	LN610583.1	98.8095
SKTGIJFO_CDS_0297	LN610582.1	98.8095
SKTGIJFO_CDS_0297	LN610576.1	98.8095
SKTGIJFO_CDS_0297	LN610573.1	98.8095
SKTGIJFO_CDS_0298	LN610581.1	88.2629
SKTGIJFO_CDS_0298	LN610582.1	88.2629
SKTGIJFO_CDS_0298	LN610573.1	88.2629
SKTGIJFO_CDS_0298	LN610576.1	88.2629
SKTGIJFO_CDS_0298	LN610583.1	88.2629
SKTGIJFO_CDS_0299	LN610573.1	89.9123
SKTGIJFO_CDS_0299	LN610583.1	89.9123
SKTGIJFO_CDS_0299	LN610581.1	89.9123
SKTGIJFO_CDS_0299	LN610582.1	89.9123
SKTGIJFO_CDS_0300	LN610582.1	84.6847
SKTGIJFO_CDS_0300	LN610581.1	84.6847
SKTGIJFO_CDS_0300	LN610583.1	84.6847
SKTGIJFO_CDS_0300	LN610573.1	84.6847
SKTGIJFO_CDS_0301	LN610581.1	87.5622
SKTGIJFO_CDS_0301	LN610583.1	87.5622
SKTGIJFO_CDS_0301	LN610582.1	87.5622
SKTGIJFO_CDS_0301	LN610573.1	87.5622
SKTGIJFO_CDS_0302	LN610573.1	91.3858
SKTGIJFO_CDS_0302	LN610581.1	91.3858
SKTGIJFO_CDS_0302	LN610582.1	91.3858
SKTGIJFO_CDS_0302	LN610583.1	91.3858
SKTGIJFO_CDS_0303	LN610583.1	94.0379
SKTGIJFO_CDS_0303	LN610581.1	94.0379
SKTGIJFO_CDS_0303	LN610582.1	94.0379
SKTGIJFO_CDS_0303	LN610573.1	94.0379
SKTGIJFO_CDS_0304	LN610582.1	96.831
SKTGIJFO_CDS_0304	LN610573.1	96.831
SKTGIJFO_CDS_0304	LN610583.1	96.831
SKTGIJFO_CDS_0304	LN610581.1	94.9531
SKTGIJFO_CDS_0305	LN610573.1	95.2862
SKTGIJFO_CDS_0305	LN610582.1	95.2862
SKTGIJFO_CDS_0305	LN610581.1	95.2862
SKTGIJFO_CDS_0305	LN610583.1	95.2862
SKTGIJFO_CDS_0306	LN610582.1	98.3871
SKTGIJFO_CDS_0306	LN610583.1	98.3871
SKTGIJFO_CDS_0306	LN610581.1	98.3871
SKTGIJFO_CDS_0306	LN610573.1	98.3871
SKTGIJFO_CDS_0307	LN610573.1	98.0344
SKTGIJFO_CDS_0307	LN610583.1	98.0344
SKTGIJFO_CDS_0307	LN610582.1	98.0344
SKTGIJFO_CDS_0307	LN610581.1	97.1335
SKTGIJFO_CDS_0308	LN610576.1	94.6237
SKTGIJFO_CDS_0308	LN610573.1	94.6237
SKTGIJFO_CDS_0308	LN610583.1	94.6237
SKTGIJFO_CDS_0308	LN610581.1	94.6237
SKTGIJFO_CDS_0308	LN610582.1	94.6237
SKTGIJFO_CDS_0309	LN610573.1	98.2323
SKTGIJFO_CDS_0309	LN610576.1	98.2323
SKTGIJFO_CDS_0309	LN610582.1	98.2323
SKTGIJFO_CDS_0309	LN610581.1	98.2323
SKTGIJFO_CDS_0309	LN610583.1	92.4242
SKTGIJFO_CDS_0310	LN610581.1	94.2529
SKTGIJFO_CDS_0310	LN610582.1	94.2529
SKTGIJFO_CDS_0310	LN610576.1	94.2529
SKTGIJFO_CDS_0310	LN610573.1	94.2529
SKTGIJFO_CDS_0310	LN610583.1	94.2529
SKTGIJFO_CDS_0311	LN610582.1	97.3783
SKTGIJFO_CDS_0311	LN610581.1	97.3783
SKTGIJFO_CDS_0311	LN610573.1	97.3783
SKTGIJFO_CDS_0311	LN610576.1	97.3783
SKTGIJFO_CDS_0311	LN610583.1	97.3783
SKTGIJFO_CDS_0312	LN610573.1	99.2101
SKTGIJFO_CDS_0312	LN610581.1	99.2101
SKTGIJFO_CDS_0312	LN610582.1	99.2101
SKTGIJFO_CDS_0312	LN610576.1	99.2101
SKTGIJFO_CDS_0312	LN610583.1	98.3149
SKTGIJFO_CDS_0313	LN610576.1	99.2852
SKTGIJFO_CDS_0313	LN610573.1	99.2852
SKTGIJFO_CDS_0313	LN610583.1	99.2852
SKTGIJFO_CDS_0313	LN610582.1	99.2852
SKTGIJFO_CDS_0313	LN610581.1	98.9842
SKTGIJFO_CDS_0314	LN610583.1	90.3382
SKTGIJFO_CDS_0314	LN610581.1	90.3382
SKTGIJFO_CDS_0314	LN610582.1	90.3382
SKTGIJFO_CDS_0314	LN610576.1	90.3382
SKTGIJFO_CDS_0314	LN610573.1	90.3382
SKTGIJFO_CDS_0315	LN610581.1	90.8602
SKTGIJFO_CDS_0315	LN610576.1	90.8602
SKTGIJFO_CDS_0315	LN610583.1	90.8602
SKTGIJFO_CDS_0315	LN610582.1	90.8602
SKTGIJFO_CDS_0315	LN610573.1	90.8602
SKTGIJFO_CDS_0316	LN610581.1	99.5526
SKTGIJFO_CDS_0316	LN610573.1	99.5526
SKTGIJFO_CDS_0316	LN610576.1	99.5526
SKTGIJFO_CDS_0316	LN610582.1	99.5526
SKTGIJFO_CDS_0316	LN610583.1	97.0917
SKTGIJFO_CDS_0317	LN610582.1	86.6667
SKTGIJFO_CDS_0317	LN610576.1	86.6667
SKTGIJFO_CDS_0317	LN610573.1	86.6667
SKTGIJFO_CDS_0317	LN610583.1	86.6667
SKTGIJFO_CDS_0317	LN610581.1	86.6667
SKTGIJFO_CDS_0318	LN610576.1	91.3043
SKTGIJFO_CDS_0318	LN610582.1	91.3043
SKTGIJFO_CDS_0318	LN610583.1	91.3043
SKTGIJFO_CDS_0318	LN610581.1	91.3043
SKTGIJFO_CDS_0318	LN610573.1	91.3043
SKTGIJFO_CDS_0319	LN610583.1	94.382
SKTGIJFO_CDS_0319	LN610582.1	94.382
SKTGIJFO_CDS_0319	LN610581.1	94.382
SKTGIJFO_CDS_0319	LN610576.1	94.382
SKTGIJFO_CDS_0319	LN610573.1	94.382
SKTGIJFO_CDS_0320	LN610583.1	97.2452
SKTGIJFO_CDS_0320	LN610573.1	97.2452
SKTGIJFO_CDS_0320	LN610581.1	96.4187
SKTGIJFO_CDS_0320	LN610576.1	96.4187
SKTGIJFO_CDS_0320	LN610582.1	96.4187
SKTGIJFO_CDS_0321	LN610576.1	96.2963
SKTGIJFO_CDS_0321	LN610573.1	96.2963
SKTGIJFO_CDS_0321	LN610582.1	96.2963
SKTGIJFO_CDS_0321	LN610583.1	96.2963
SKTGIJFO_CDS_0321	LN610581.1	96.2963
SKTGIJFO_CDS_0322	LN610573.1	93.1034
SKTGIJFO_CDS_0322	LN610581.1	93.1034
SKTGIJFO_CDS_0322	LN610582.1	93.1034
SKTGIJFO_CDS_0322	LN610583.1	93.1034
SKTGIJFO_CDS_0322	LN610576.1	93.1034
SKTGIJFO_CDS_0323	LN610573.1	98.5816
SKTGIJFO_CDS_0323	LN610576.1	98.5816
SKTGIJFO_CDS_0323	LN610581.1	98.5816
SKTGIJFO_CDS_0323	LN610583.1	98.5816
SKTGIJFO_CDS_0323	LN610582.1	98.5816
SKTGIJFO_CDS_0324	LN610581.1	91.2037
SKTGIJFO_CDS_0324	LN610573.1	91.2037
SKTGIJFO_CDS_0324	LN610576.1	91.2037
SKTGIJFO_CDS_0324	LN610583.1	91.2037
SKTGIJFO_CDS_0324	LN610582.1	79.1667
SKTGIJFO_CDS_0325	LN610583.1	98.2571
SKTGIJFO_CDS_0325	LN610576.1	98.2571
SKTGIJFO_CDS_0325	LN610573.1	98.2571
SKTGIJFO_CDS_0325	LN610581.1	98.2571
SKTGIJFO_CDS_0325	LN610582.1	94.2266
SKTGIJFO_CDS_0326	LN610573.1	93.7778
SKTGIJFO_CDS_0326	LN610576.1	93.7778
SKTGIJFO_CDS_0326	LN610581.1	93.7778
SKTGIJFO_CDS_0326	LN610583.1	93.7778
SKTGIJFO_CDS_0326	LN610582.1	93.7778
SKTGIJFO_CDS_0327	LN610581.1	91.6667
SKTGIJFO_CDS_0327	LN610573.1	91.6667
SKTGIJFO_CDS_0327	LN610583.1	91.6667
SKTGIJFO_CDS_0327	LN610576.1	91.6667
SKTGIJFO_CDS_0327	LN610582.1	91.6667
SKTGIJFO_CDS_0328	LN610573.1	98.5556
SKTGIJFO_CDS_0328	LN610583.1	97
SKTGIJFO_CDS_0328	LN610576.1	97
SKTGIJFO_CDS_0328	LN610581.1	97
SKTGIJFO_CDS_0328	LN610582.1	95
SKTGIJFO_CDS_0329	LN610576.1	92.2667
SKTGIJFO_CDS_0329	LN610582.1	92.2667
SKTGIJFO_CDS_0329	LN610581.1	92.2667
SKTGIJFO_CDS_0329	LN610583.1	92.2667
SKTGIJFO_CDS_0329	LN610573.1	92.2667
SKTGIJFO_CDS_0330	LN610581.1	99.3538
SKTGIJFO_CDS_0330	LN610573.1	99.3538
SKTGIJFO_CDS_0330	LN610582.1	99.3538
SKTGIJFO_CDS_0330	LN610583.1	99.3538
SKTGIJFO_CDS_0330	LN610576.1	99.3538
SKTGIJFO_CDS_0331	LN610573.1	91.2568
SKTGIJFO_CDS_0331	LN610582.1	91.2568
SKTGIJFO_CDS_0331	LN610583.1	91.2568
SKTGIJFO_CDS_0331	LN610576.1	91.2568
SKTGIJFO_CDS_0331	LN610581.1	91.2568
SKTGIJFO_CDS_0332	LN610583.1	82.8571
SKTGIJFO_CDS_0332	LN610581.1	82.8571
SKTGIJFO_CDS_0332	LN610573.1	82.8571
SKTGIJFO_CDS_0332	LN610582.1	82.8571
SKTGIJFO_CDS_0332	LN610576.1	82.8571
SKTGIJFO_CDS_0333	LN610576.1	97.8632
SKTGIJFO_CDS_0333	LN610581.1	97.8632
SKTGIJFO_CDS_0333	LN610583.1	97.8632
SKTGIJFO_CDS_0333	LN610573.1	97.8632
SKTGIJFO_CDS_0333	LN610582.1	95.0855
SKTGIJFO_CDS_0334	LN610573.1	95.4451
SKTGIJFO_CDS_0334	LN610582.1	95.4451
SKTGIJFO_CDS_0334	LN610576.1	95.4451
SKTGIJFO_CDS_0334	LN610583.1	95.4451
SKTGIJFO_CDS_0334	LN610581.1	90.8903
SKTGIJFO_CDS_0335	LN610581.1	92.4242
SKTGIJFO_CDS_0335	LN610573.1	92.4242
SKTGIJFO_CDS_0335	LN610582.1	92.4242
SKTGIJFO_CDS_0335	LN610576.1	92.4242
SKTGIJFO_CDS_0335	LN610583.1	92.4242
SKTGIJFO_CDS_0336	LN610582.1	84.4156
SKTGIJFO_CDS_0336	LN610583.1	84.4156
SKTGIJFO_CDS_0336	LN610576.1	84.4156
SKTGIJFO_CDS_0336	LN610573.1	84.4156
SKTGIJFO_CDS_0336	LN610581.1	72.7273
SKTGIJFO_CDS_0337	LN610582.1	94.0171
SKTGIJFO_CDS_0337	LN610583.1	94.0171
SKTGIJFO_CDS_0337	LN610573.1	94.0171
SKTGIJFO_CDS_0337	LN610576.1	94.0171
SKTGIJFO_CDS_0337	LN610581.1	88.4615
SKTGIJFO_CDS_0338	LN610573.1	97.8378
SKTGIJFO_CDS_0338	LN610581.1	97.8378
SKTGIJFO_CDS_0338	LN610582.1	97.8378
SKTGIJFO_CDS_0338	LN610583.1	97.8378
SKTGIJFO_CDS_0338	LN610576.1	97.8378
SKTGIJFO_CDS_0339	LN610582.1	93.1034
SKTGIJFO_CDS_0339	LN610581.1	93.1034
SKTGIJFO_CDS_0339	LN610573.1	93.1034
SKTGIJFO_CDS_0339	LN610576.1	93.1034
SKTGIJFO_CDS_0339	LN610583.1	93.1034
SKTGIJFO_CDS_0340	LN610582.1	94.704
SKTGIJFO_CDS_0340	LN610576.1	94.704
SKTGIJFO_CDS_0340	LN610581.1	94.704
SKTGIJFO_CDS_0340	LN610573.1	94.704
SKTGIJFO_CDS_0340	LN610583.1	94.704
SKTGIJFO_CDS_0341	LN610573.1	93.4524
SKTGIJFO_CDS_0341	LN610583.1	93.4524
SKTGIJFO_CDS_0341	LN610576.1	93.4524
SKTGIJFO_CDS_0341	LN610582.1	93.4524
SKTGIJFO_CDS_0341	LN610581.1	93.4524
SKTGIJFO_CDS_0342	LN610576.1	93.1727
SKTGIJFO_CDS_0342	LN610573.1	93.1727
SKTGIJFO_CDS_0342	LN610583.1	93.1727
SKTGIJFO_CDS_0342	LN610581.1	93.1727
SKTGIJFO_CDS_0342	LN610582.1	93.1727
SKTGIJFO_CDS_0343	LN610573.1	96.25
SKTGIJFO_CDS_0343	LN610582.1	96.25
SKTGIJFO_CDS_0343	LN610581.1	96.25
SKTGIJFO_CDS_0343	LN610583.1	96.25
SKTGIJFO_CDS_0343	LN610576.1	96.25
SKTGIJFO_CDS_0344	LN610573.1	73.9583
SKTGIJFO_CDS_0344	LN610582.1	73.9583
SKTGIJFO_CDS_0344	LN610583.1	73.9583
SKTGIJFO_CDS_0344	LN610576.1	73.9583
SKTGIJFO_CDS_0344	LN610581.1	73.9583
SKTGIJFO_CDS_0345	LN610576.1	92.4883
SKTGIJFO_CDS_0345	LN610573.1	92.4883
SKTGIJFO_CDS_0345	LN610581.1	92.4883
SKTGIJFO_CDS_0345	LN610582.1	92.4883
SKTGIJFO_CDS_0345	LN610583.1	92.4883
SKTGIJFO_CDS_0346	LN610582.1	89.3082
SKTGIJFO_CDS_0346	LN610583.1	89.3082
SKTGIJFO_CDS_0346	LN610581.1	89.3082
SKTGIJFO_CDS_0346	LN610576.1	89.3082
SKTGIJFO_CDS_0346	LN610573.1	89.3082
SKTGIJFO_CDS_0347	LN610573.1	97.5124
SKTGIJFO_CDS_0347	LN610581.1	97.5124
SKTGIJFO_CDS_0347	LN610582.1	97.5124
SKTGIJFO_CDS_0347	LN610583.1	97.5124
SKTGIJFO_CDS_0347	LN610576.1	97.5124
SKTGIJFO_CDS_0348	LN610576.1	93.3333
SKTGIJFO_CDS_0348	LN610583.1	93.3333
SKTGIJFO_CDS_0348	LN610582.1	93.3333
SKTGIJFO_CDS_0348	LN610573.1	93.3333
SKTGIJFO_CDS_0348	LN610581.1	93.3333
SKTGIJFO_CDS_0349	LN610582.1	94.4444
SKTGIJFO_CDS_0349	LN610583.1	94.4444
SKTGIJFO_CDS_0349	LN610573.1	94.4444
SKTGIJFO_CDS_0349	LN610576.1	94.4444
SKTGIJFO_CDS_0349	LN610581.1	94.4444
SKTGIJFO_CDS_0350	LN610573.1	87.6068
SKTGIJFO_CDS_0350	LN610582.1	82.906
SKTGIJFO_CDS_0351	LN610573.1	99.2826
SKTGIJFO_CDS_0351	LN610582.1	97.4175
SKTGIJFO_CDS_0352	LN610576.1	74.0741
SKTGIJFO_CDS_0352	LN610582.1	74.0741
SKTGIJFO_CDS_0352	LN610581.1	74.0741
SKTGIJFO_CDS_0352	LN610583.1	74.0741
SKTGIJFO_CDS_0352	LN610573.1	74.0741
SKTGIJFO_CDS_0353	LN610582.1	96.4377
SKTGIJFO_CDS_0353	LN610581.1	96.4377
SKTGIJFO_CDS_0353	LN610583.1	96.4377
SKTGIJFO_CDS_0353	LN610573.1	96.4377
SKTGIJFO_CDS_0353	LN610576.1	92.6209
SKTGIJFO_CDS_0354	LN610582.1	92.0455
SKTGIJFO_CDS_0354	LN610573.1	92.0455
SKTGIJFO_CDS_0354	LN610581.1	92.0455
SKTGIJFO_CDS_0354	LN610583.1	92.0455
SKTGIJFO_CDS_0354	LN610576.1	88.6364
SKTGIJFO_CDS_0355	LN610573.1	94.0928
SKTGIJFO_CDS_0355	LN610582.1	94.0928
SKTGIJFO_CDS_0355	LN610581.1	94.0928
SKTGIJFO_CDS_0355	LN610583.1	94.0928
SKTGIJFO_CDS_0355	LN610576.1	94.0928
SKTGIJFO_CDS_0356	LN610582.1	93.5484
SKTGIJFO_CDS_0356	LN610583.1	93.5484
SKTGIJFO_CDS_0356	LN610573.1	93.5484
SKTGIJFO_CDS_0356	LN610581.1	93.5484
SKTGIJFO_CDS_0356	LN610576.1	93.5484
SKTGIJFO_CDS_0357	LN610583.1	73.9583
SKTGIJFO_CDS_0357	LN610573.1	73.9583
SKTGIJFO_CDS_0357	LN610576.1	73.9583
SKTGIJFO_CDS_0357	LN610582.1	73.9583
SKTGIJFO_CDS_0357	LN610581.1	73.9583
SKTGIJFO_CDS_0358	LN610582.1	93.7198
SKTGIJFO_CDS_0358	LN610583.1	93.7198
SKTGIJFO_CDS_0358	LN610573.1	93.7198
SKTGIJFO_CDS_0358	LN610576.1	93.7198
SKTGIJFO_CDS_0358	LN610581.1	90.5797
SKTGIJFO_CDS_0359	LN610573.1	95.4212
SKTGIJFO_CDS_0360	LN610573.1	98.062
SKTGIJFO_CDS_0360	LN610582.1	95.7364
SKTGIJFO_CDS_0360	LN610581.1	92.2481
SKTGIJFO_CDS_0360	LN610576.1	92.2481
SKTGIJFO_CDS_0360	LN610583.1	92.2481
SKTGIJFO_CDS_0362	LN610581.1	87.1345
SKTGIJFO_CDS_0362	LN610576.1	87.1345
SKTGIJFO_CDS_0362	LN610583.1	87.1345
SKTGIJFO_CDS_0362	LN610582.1	87.1345
SKTGIJFO_CDS_0362	LN610573.1	87.1345
SKTGIJFO_CDS_0363	LN610582.1	86.2319
SKTGIJFO_CDS_0363	LN610573.1	86.2319
SKTGIJFO_CDS_0363	LN610581.1	86.2319
SKTGIJFO_CDS_0363	LN610576.1	86.2319
SKTGIJFO_CDS_0363	LN610583.1	86.2319
SKTGIJFO_CDS_0364	LN610582.1	85.5856
SKTGIJFO_CDS_0364	LN610576.1	85.5856
SKTGIJFO_CDS_0364	LN610583.1	85.5856
SKTGIJFO_CDS_0364	LN610573.1	85.5856
SKTGIJFO_CDS_0364	LN610581.1	85.5856
SKTGIJFO_CDS_0365	LN610582.1	88.5845
SKTGIJFO_CDS_0365	LN610576.1	88.5845
SKTGIJFO_CDS_0365	LN610583.1	88.5845
SKTGIJFO_CDS_0365	LN610581.1	88.5845
SKTGIJFO_CDS_0365	LN610573.1	88.5845
SKTGIJFO_CDS_0366	LN610576.1	90.8676
SKTGIJFO_CDS_0366	LN610583.1	90.8676
SKTGIJFO_CDS_0366	LN610582.1	90.8676
SKTGIJFO_CDS_0366	LN610581.1	90.8676
SKTGIJFO_CDS_0366	LN610573.1	90.8676
SKTGIJFO_CDS_0367	LN610573.1	86.8217
SKTGIJFO_CDS_0367	LN610582.1	86.8217
SKTGIJFO_CDS_0368	LN610582.1	77.2727
SKTGIJFO_CDS_0368	LN610573.1	77.2727
SKTGIJFO_CDS_0368	LN610576.1	62.8788
SKTGIJFO_CDS_0368	LN610583.1	62.8788
SKTGIJFO_CDS_0368	LN610581.1	62.8788
SKTGIJFO_CDS_0369	LN610573.1	87.7778
SKTGIJFO_CDS_0369	LN610582.1	81.1111
SKTGIJFO_CDS_0369	LN610583.1	70.5556
SKTGIJFO_CDS_0369	LN610581.1	70.5556
SKTGIJFO_CDS_0369	LN610576.1	70.5556
SKTGIJFO_CDS_0372	LN610574.1	95.7983
SKTGIJFO_CDS_0372	LN610574.1	95.7983
SKTGIJFO_CDS_0373	LN610574.1	96.131
SKTGIJFO_CDS_0376	LN610574.1	96.347
SKTGIJFO_CDS_0377	LN610574.1	88.5965
SKTGIJFO_CDS_0378	LN610574.1	83.3333
SKTGIJFO_CDS_0378	LN610580.1	53.3333
SKTGIJFO_CDS_0379	LN610574.1	73.1183
SKTGIJFO_CDS_0381	LN610574.1	90.1754
SKTGIJFO_CDS_0381	LN610580.1	83.1579
SKTGIJFO_CDS_0382	LN610574.1	91.6667
SKTGIJFO_CDS_0383	LN610574.1	97.5926
SKTGIJFO_CDS_0384	LN610574.1	79.4118
SKTGIJFO_CDS_0385	LN610574.1	89.1667
SKTGIJFO_CDS_0386	LN610574.1	91.8699
SKTGIJFO_CDS_0387	LN610574.1	94.8509
SKTGIJFO_CDS_0388	LN610574.1	97.807
SKTGIJFO_CDS_0389	LN610574.1	94.6237
SKTGIJFO_CDS_0390	LN610574.1	96.6667
SKTGIJFO_CDS_0391	LN610574.1	97.2222
SKTGIJFO_CDS_0392	LN610574.1	93.2489
SKTGIJFO_CDS_0393	LN610574.1	92.1769
SKTGIJFO_CDS_0394	LN610574.1	96.4286
SKTGIJFO_CDS_0395	LN610574.1	95.8333
SKTGIJFO_CDS_0396	LN610574.1	98.8285
SKTGIJFO_CDS_0397	LN610574.1	95.5556
SKTGIJFO_CDS_0398	LN610574.1	97.2376
SKTGIJFO_CDS_0399	LN610574.1	79.8246
SKTGIJFO_CDS_0400	LN610574.1	94.9495
SKTGIJFO_CDS_0400	LN610580.1	61.6162
SKTGIJFO_CDS_0402	LN610574.1	98.4087
SKTGIJFO_CDS_0403	LN610574.1	97.411
SKTGIJFO_CDS_0404	LN610574.1	98.0981
SKTGIJFO_CDS_0405	LN610574.1	91.9298
SKTGIJFO_CDS_0406	LN610574.1	87.234
SKTGIJFO_CDS_0407	LN610574.1	89.4977
SKTGIJFO_CDS_0408	LN610574.1	98.8875
SKTGIJFO_CDS_0409	LN610574.1	97.8095
SKTGIJFO_CDS_0410	LN610574.1	99.2569
SKTGIJFO_CDS_0411	LN610574.1	94.7846
SKTGIJFO_CDS_0412	LN610574.1	99.7135
SKTGIJFO_CDS_0413	LN610574.1	97.019
SKTGIJFO_CDS_0414	LN610574.1	94.8925
SKTGIJFO_CDS_0415	LN610574.1	98.6536
SKTGIJFO_CDS_0416	LN610574.1	95.6349
SKTGIJFO_CDS_0417	LN610574.1	97.4684
SKTGIJFO_CDS_0418	LN610574.1	89.0625
SKTGIJFO_CDS_0419	LN610574.1	98.8911
SKTGIJFO_CDS_0420	LN610574.1	98.3488
SKTGIJFO_CDS_0421	LN610574.1	99.0079
SKTGIJFO_CDS_0422	LN610574.1	77.7778
SKTGIJFO_CDS_0422	LN610580.1	46.6667
SKTGIJFO_CDS_0423	LN610574.1	98.1982
SKTGIJFO_CDS_0424	LN610574.1	99.8388
SKTGIJFO_CDS_0425	LN610574.1	97.4359
SKTGIJFO_CDS_0426	LN610574.1	99.1101
SKTGIJFO_CDS_0427	LN610574.1	99.5017
SKTGIJFO_CDS_0428	LN610574.1	98.4127
SKTGIJFO_CDS_0429	LN610574.1	95.6427
SKTGIJFO_CDS_0429	LN610580.1	80.8279
SKTGIJFO_CDS_0430	LN610574.1	98.6799
SKTGIJFO_CDS_0431	LN610574.1	96.3696
SKTGIJFO_CDS_0432	LN610574.1	88.8889
SKTGIJFO_CDS_0433	LN610574.1	99.557
SKTGIJFO_CDS_0434	LN610580.1	88.3838
SKTGIJFO_CDS_0434	LN610574.1	88.3838
SKTGIJFO_CDS_0435	LN610574.1	97.1014
SKTGIJFO_CDS_0435	LN610580.1	95.942
SKTGIJFO_CDS_0436	LN610574.1	94.2424
SKTGIJFO_CDS_0437	LN610574.1	98.0676
SKTGIJFO_CDS_0438	LN610574.1	87.1795
SKTGIJFO_CDS_0441	LN610574.1	94.359
SKTGIJFO_CDS_0441	LN610574.1	94.359
SKTGIJFO_CDS_0445	OQ411628.1	91.4286
SKTGIJFO_CDS_0445	LN610587.1	91.4286
SKTGIJFO_CDS_0445	LN610575.1	91.4286
SKTGIJFO_CDS_0446	LN610575.1	78.7037
SKTGIJFO_CDS_0446	LN610587.1	78.7037
SKTGIJFO_CDS_0446	OQ411628.1	55.5556
SKTGIJFO_CDS_0447	LN610575.1	94.3089
SKTGIJFO_CDS_0447	LN610587.1	94.3089
SKTGIJFO_CDS_0447	OQ411628.1	94.3089
SKTGIJFO_CDS_0449	LN610575.1	98.3452
SKTGIJFO_CDS_0449	OM870967.1	95.2719
SKTGIJFO_CDS_0449	OM870968.1	95.2719
SKTGIJFO_CDS_0449	OQ411628.1	93.3806
SKTGIJFO_CDS_0449	OM870970.1	93.3806
SKTGIJFO_CDS_0449	LN610586.1	83.4515
SKTGIJFO_CDS_0449	LN610587.1	83.4515
SKTGIJFO_CDS_0449	LN610572.1	80.3783
SKTGIJFO_CDS_0450	LN610575.1	95.6215
SKTGIJFO_CDS_0450	OM870968.1	88.1356
SKTGIJFO_CDS_0450	OM870967.1	88.1356
SKTGIJFO_CDS_0450	OM870970.1	88.1356
SKTGIJFO_CDS_0451	LN610575.1	96.0573
SKTGIJFO_CDS_0452	LN610575.1	93.9103
SKTGIJFO_CDS_0453	LN610575.1	98.0716
SKTGIJFO_CDS_0454	LN610575.1	98.2993
SKTGIJFO_CDS_0455	LN610575.1	96.2963
SKTGIJFO_CDS_0456	LN610575.1	95.3216
SKTGIJFO_CDS_0458	LN610575.1	95.8333
SKTGIJFO_CDS_0459	LN610575.1	97.079
SKTGIJFO_CDS_0459	OM870967.1	86.9416
SKTGIJFO_CDS_0459	OM870968.1	86.9416
SKTGIJFO_CDS_0459	OM870969.1	86.2543
SKTGIJFO_CDS_0460	LN610575.1	94.5513
SKTGIJFO_CDS_0460	LN610586.1	90.3846
SKTGIJFO_CDS_0460	OM870969.1	83.9744
SKTGIJFO_CDS_0460	OM870968.1	83.9744
SKTGIJFO_CDS_0460	OM870967.1	83.9744
SKTGIJFO_CDS_0460	OQ411628.1	79.8077
SKTGIJFO_CDS_0463	LN610586.1	90.404
SKTGIJFO_CDS_0463	LN610575.1	90.404
SKTGIJFO_CDS_0464	LN610586.1	98.8159
SKTGIJFO_CDS_0464	LN610575.1	98.8159
SKTGIJFO_CDS_0465	LN610575.1	96.347
SKTGIJFO_CDS_0465	LN610586.1	96.347
SKTGIJFO_CDS_0465	OQ411628.1	88.5845
SKTGIJFO_CDS_0466	LN610586.1	97.6027
SKTGIJFO_CDS_0466	LN610575.1	97.6027
SKTGIJFO_CDS_0467	LN610575.1	96.1631
SKTGIJFO_CDS_0467	LN610586.1	92.0863
SKTGIJFO_CDS_0468	LN610575.1	99.6732
SKTGIJFO_CDS_0468	LN610586.1	99.6732
SKTGIJFO_CDS_0470	LN610575.1	92.029
SKTGIJFO_CDS_0471	LN610575.1	95.3488
SKTGIJFO_CDS_0472	LN610575.1	96.649
SKTGIJFO_CDS_0473	LN610575.1	95.3704
SKTGIJFO_CDS_0482	OQ411628.1	95.7576
SKTGIJFO_CDS_0482	OM870970.1	95.7576
SKTGIJFO_CDS_0482	LN610575.1	95.7576
SKTGIJFO_CDS_0482	OM870969.1	94.3939
SKTGIJFO_CDS_0482	OM870968.1	93.3333
SKTGIJFO_CDS_0482	OM870967.1	93.3333
SKTGIJFO_CDS_0498	LN610575.1	82.5758
SKTGIJFO_CDS_0498	LN610586.1	82.5758
SKTGIJFO_CDS_0498	LN610572.1	76.5152
SKTGIJFO_CDS_0498	OM870970.1	62.1212
SKTGIJFO_CDS_0498	OM870967.1	59.8485
SKTGIJFO_CDS_0498	OM870969.1	59.8485
SKTGIJFO_CDS_0498	OM870968.1	59.8485
SKTGIJFO_CDS_0499	LN610575.1	94.5098
SKTGIJFO_CDS_0499	OM870970.1	82.7451
SKTGIJFO_CDS_0499	OM870969.1	82.7451
SKTGIJFO_CDS_0499	LN610572.1	82.7451
SKTGIJFO_CDS_0499	OM870967.1	82.7451
SKTGIJFO_CDS_0499	LN610586.1	82.7451
SKTGIJFO_CDS_0499	OQ411628.1	82.7451
SKTGIJFO_CDS_0499	OM870968.1	82.7451
SKTGIJFO_CDS_0499	LN610587.1	82.7451
SKTGIJFO_CDS_0508	LN610586.1	92.674
SKTGIJFO_CDS_0508	OQ411628.1	92.674
SKTGIJFO_CDS_0508	LN610575.1	92.674
SKTGIJFO_CDS_0511	LN610575.1	99.3007
SKTGIJFO_CDS_0511	OM870970.1	99.3007
SKTGIJFO_CDS_0511	OM870969.1	94.0171
SKTGIJFO_CDS_0511	OM870968.1	91.9969
SKTGIJFO_CDS_0511	OM870967.1	90.4429
SKTGIJFO_CDS_0526	LN610575.1	98.008
SKTGIJFO_CDS_0526	LN610586.1	98.008
SKTGIJFO_CDS_0526	LN610572.1	95.2191
SKTGIJFO_CDS_0526	LN610587.1	92.8287
SKTGIJFO_CDS_0526	OQ411628.1	91.5007
SKTGIJFO_CDS_0526	OM870968.1	79.8141
SKTGIJFO_CDS_0526	OM870969.1	79.8141
SKTGIJFO_CDS_0526	OM870970.1	79.8141
SKTGIJFO_CDS_0538	LN610587.1	96.2963
SKTGIJFO_CDS_0538	LN610575.1	96.2963
SKTGIJFO_CDS_0538	LN610586.1	96.2963
SKTGIJFO_CDS_0539	LN610575.1	85.5346
SKTGIJFO_CDS_0539	LN610586.1	85.5346
SKTGIJFO_CDS_0539	LN610587.1	85.5346
SKTGIJFO_CDS_0540	LN610575.1	99.7361
SKTGIJFO_CDS_0540	LN610587.1	99.7361
SKTGIJFO_CDS_0540	LN610586.1	99.7361
SKTGIJFO_CDS_0544	LN610586.1	95.1923
SKTGIJFO_CDS_0544	LN610575.1	95.1923
SKTGIJFO_CDS_0544	LN610587.1	95.1923
SKTGIJFO_CDS_0545	LN610587.1	87.3737
SKTGIJFO_CDS_0545	LN610586.1	87.3737
SKTGIJFO_CDS_0545	LN610575.1	87.3737
SKTGIJFO_CDS_0546	OM870967.1	98.2587
SKTGIJFO_CDS_0546	OM870968.1	98.2587
SKTGIJFO_CDS_0546	LN610575.1	98.2587
SKTGIJFO_CDS_0546	LN610587.1	98.2587
SKTGIJFO_CDS_0546	LN610586.1	98.2587
SKTGIJFO_CDS_0546	LN610572.1	78.607
SKTGIJFO_CDS_0546	OM870969.1	78.607
SKTGIJFO_CDS_0547	OM870968.1	93.7255
SKTGIJFO_CDS_0547	OM870970.1	93.7255
SKTGIJFO_CDS_0547	LN610586.1	93.7255
SKTGIJFO_CDS_0547	LN610575.1	93.7255
SKTGIJFO_CDS_0547	OM870967.1	93.7255
SKTGIJFO_CDS_0547	LN610587.1	93.7255
SKTGIJFO_CDS_0548	LN610575.1	95.8974
SKTGIJFO_CDS_0548	LN610586.1	95.8974
SKTGIJFO_CDS_0548	LN610587.1	95.8974
SKTGIJFO_CDS_0548	OM870967.1	83.5897
SKTGIJFO_CDS_0548	OM870968.1	83.5897
SKTGIJFO_CDS_0549	LN610586.1	98.0213
SKTGIJFO_CDS_0549	LN610587.1	98.0213
SKTGIJFO_CDS_0549	OM870970.1	98.0213
SKTGIJFO_CDS_0549	LN610575.1	98.0213
SKTGIJFO_CDS_0549	OM870967.1	94.825
SKTGIJFO_CDS_0549	OM870968.1	94.825
SKTGIJFO_CDS_0553	LN610587.1	82.906
SKTGIJFO_CDS_0553	OM870970.1	82.906
SKTGIJFO_CDS_0553	OM870967.1	82.906
SKTGIJFO_CDS_0553	LN610575.1	82.906
SKTGIJFO_CDS_0553	OM870968.1	82.906
SKTGIJFO_CDS_0553	LN610586.1	82.906
SKTGIJFO_CDS_0554	OM870970.1	85.2713
SKTGIJFO_CDS_0554	LN610575.1	85.2713
SKTGIJFO_CDS_0554	OM870967.1	85.2713
SKTGIJFO_CDS_0554	OM870968.1	85.2713
SKTGIJFO_CDS_0554	LN610587.1	85.2713
SKTGIJFO_CDS_0554	LN610586.1	85.2713
SKTGIJFO_CDS_0555	LN610575.1	86.4583
SKTGIJFO_CDS_0555	OM870970.1	86.4583
SKTGIJFO_CDS_0555	LN610586.1	86.4583
SKTGIJFO_CDS_0555	OM870968.1	86.4583
SKTGIJFO_CDS_0555	OM870967.1	86.4583
SKTGIJFO_CDS_0555	LN610587.1	86.4583
SKTGIJFO_CDS_0559	LN610575.1	99.5212
SKTGIJFO_CDS_0559	LN610587.1	99.5212
SKTGIJFO_CDS_0559	LN610586.1	99.3738
SKTGIJFO_CDS_0559	OM870970.1	98.3057
SKTGIJFO_CDS_0564	LN610575.1	95.6349
SKTGIJFO_CDS_0564	LN610587.1	95.6349
SKTGIJFO_CDS_0564	LN610586.1	95.6349
SKTGIJFO_CDS_0564	OM870968.1	94.4444
SKTGIJFO_CDS_0564	OM870967.1	94.4444
SKTGIJFO_CDS_0565	LN610575.1	93.3333
SKTGIJFO_CDS_0565	LN610587.1	93.3333
SKTGIJFO_CDS_0565	OM870968.1	93.3333
SKTGIJFO_CDS_0565	OM870967.1	93.3333
SKTGIJFO_CDS_0565	LN610586.1	93.3333
SKTGIJFO_CDS_0593	LN610575.1	92.0833
SKTGIJFO_CDS_0593	OM870970.1	92.0833
SKTGIJFO_CDS_0596	LN610575.1	98.6829
SKTGIJFO_CDS_0596	OM870970.1	94.5289
SKTGIJFO_CDS_0597	OM870970.1	67.6471
SKTGIJFO_CDS_0597	LN610575.1	67.6471
SKTGIJFO_CDS_0597	LN610587.1	55.8824
SKTGIJFO_CDS_0597	LN610572.1	55.8824
SKTGIJFO_CDS_0597	OQ411628.1	55.8824
SKTGIJFO_CDS_0597	LN610586.1	55.8824
SKTGIJFO_CDS_0597	OM870969.1	55.8824
SKTGIJFO_CDS_0597	OM870967.1	41.1765
SKTGIJFO_CDS_0597	OM870968.1	41.1765
SKTGIJFO_CDS_0598	LN610575.1	86.2069
SKTGIJFO_CDS_0598	OM870970.1	86.2069
SKTGIJFO_CDS_0599	LN610575.1	90.3226
SKTGIJFO_CDS_0599	OM870970.1	82.7957
SKTGIJFO_CDS_0599	OM870968.1	61.2903
SKTGIJFO_CDS_0599	OM870967.1	61.2903
SKTGIJFO_CDS_0600	LN610575.1	86.6667
SKTGIJFO_CDS_0600	OM870970.1	62.5
SKTGIJFO_CDS_0600	LN610572.1	62.5
SKTGIJFO_CDS_0600	OQ411628.1	62.5
SKTGIJFO_CDS_0600	OM870969.1	62.5
SKTGIJFO_CDS_0600	OM870967.1	62.5
SKTGIJFO_CDS_0600	OM870968.1	62.5
SKTGIJFO_CDS_0600	LN610586.1	62.5
SKTGIJFO_CDS_0600	LN610587.1	62.5
SKTGIJFO_CDS_0601	LN610575.1	97.549
SKTGIJFO_CDS_0601	OM870969.1	97.549
SKTGIJFO_CDS_0601	OM870970.1	97.549
SKTGIJFO_CDS_0601	OM870967.1	92.1569
SKTGIJFO_CDS_0601	OM870968.1	92.1569
SKTGIJFO_CDS_0602	OM870970.1	94.3038
SKTGIJFO_CDS_0602	LN610575.1	94.3038
SKTGIJFO_CDS_0602	OM870969.1	83.9662
SKTGIJFO_CDS_0603	LN610575.1	89.2593
SKTGIJFO_CDS_0603	OM870970.1	89.2593
SKTGIJFO_CDS_0604	LN610575.1	86.8056
SKTGIJFO_CDS_0604	OM870969.1	86.8056
SKTGIJFO_CDS_0604	OM870967.1	80.5556
SKTGIJFO_CDS_0604	OM870968.1	80.5556
SKTGIJFO_CDS_0604	OM870970.1	77.7778
SKTGIJFO_CDS_0606	LN610575.1	89.1566
SKTGIJFO_CDS_0606	OM870967.1	79.1165
SKTGIJFO_CDS_0606	OM870968.1	79.1165
SKTGIJFO_CDS_0606	OM870970.1	72.6908
SKTGIJFO_CDS_0608	LN610575.1	90.9385
SKTGIJFO_CDS_0613	LN610575.1	93.5103
SKTGIJFO_CDS_0614	LN610575.1	94.6328
SKTGIJFO_CDS_0653	LN610576.1	98.9721
SKTGIJFO_CDS_0653	LN610582.1	96.7695
SKTGIJFO_CDS_0659	LN610576.1	98.4453
SKTGIJFO_CDS_0665	LN610576.1	97.8022
SKTGIJFO_CDS_0666	LN610576.1	97.619
SKTGIJFO_CDS_0674	LN610576.1	90.5229
SKTGIJFO_CDS_0674	LN610581.1	86.6013
SKTGIJFO_CDS_0674	LN610582.1	86.6013
SKTGIJFO_CDS_0674	LN610573.1	86.6013
SKTGIJFO_CDS_0676	LN610576.1	87.8788
SKTGIJFO_CDS_0676	LN610573.1	83.3333
SKTGIJFO_CDS_0676	LN610581.1	83.3333
SKTGIJFO_CDS_0694	LN610576.1	98.6301
SKTGIJFO_CDS_0694	LN610582.1	92.9224
SKTGIJFO_CDS_0694	LN610581.1	83.105
SKTGIJFO_CDS_0694	LN610583.1	83.105
SKTGIJFO_CDS_0783	LN610576.1	87.6068
SKTGIJFO_CDS_0783	LN610581.1	76.4957
SKTGIJFO_CDS_0783	LN610583.1	76.4957
SKTGIJFO_CDS_0784	LN610583.1	95.4649
SKTGIJFO_CDS_0784	LN610581.1	95.4649
SKTGIJFO_CDS_0784	LN610576.1	95.4649
SKTGIJFO_CDS_0797	LN610576.1	95.1111
SKTGIJFO_CDS_0797	LN610583.1	95.1111
SKTGIJFO_CDS_0797	LN610581.1	95.1111
SKTGIJFO_CDS_0797	LN610582.1	95.1111
SKTGIJFO_CDS_0797	LN610573.1	82.2222
SKTGIJFO_CDS_0803	LN610576.1	84
SKTGIJFO_CDS_0803	LN610583.1	84
SKTGIJFO_CDS_0803	LN610581.1	84
SKTGIJFO_CDS_0805	LN610581.1	97.7778
SKTGIJFO_CDS_0805	LN610576.1	97.7778
SKTGIJFO_CDS_0805	LN610583.1	97.7778
SKTGIJFO_CDS_0805	LN610573.1	97.7778
SKTGIJFO_CDS_0805	LN610583.1	97.7778
SKTGIJFO_CDS_0805	LN610581.1	97.7778
SKTGIJFO_CDS_0805	LN610576.1	97.7778
SKTGIJFO_CDS_0805	LN610573.1	97.7778
SKTGIJFO_CDS_0808	LN610577.1	70.9677
SKTGIJFO_CDS_0808	LN610584.1	70.9677
SKTGIJFO_CDS_0808	LN610585.1	45.1613
SKTGIJFO_CDS_0809	LN610577.1	99.5556
SKTGIJFO_CDS_0810	LN610577.1	93.9394
SKTGIJFO_CDS_0810	LN610585.1	79.6143
SKTGIJFO_CDS_0811	LN610577.1	96.1957
SKTGIJFO_CDS_0811	LN610585.1	78.8043
SKTGIJFO_CDS_0812	LN610577.1	96.9048
SKTGIJFO_CDS_0813	LN610577.1	98.6532
SKTGIJFO_CDS_0814	LN610577.1	98.6817
SKTGIJFO_CDS_0814	LN610585.1	91.3371
SKTGIJFO_CDS_0815	LN610577.1	99.297
SKTGIJFO_CDS_0815	LN610585.1	91.9742
SKTGIJFO_CDS_0815	LN610584.1	89.4552
SKTGIJFO_CDS_0817	LN610577.1	97.5758
SKTGIJFO_CDS_0818	LN610577.1	97.5057
SKTGIJFO_CDS_0819	LN610577.1	98.0256
SKTGIJFO_CDS_0819	LN610584.1	86.6434
SKTGIJFO_CDS_0820	LN610577.1	96.7136
SKTGIJFO_CDS_0821	LN610577.1	97.0175
SKTGIJFO_CDS_0823	LN610577.1	97.8988
SKTGIJFO_CDS_0823	LN610585.1	79.7517
SKTGIJFO_CDS_0824	LN610577.1	96.1083
SKTGIJFO_CDS_0825	LN610577.1	98.1859
SKTGIJFO_CDS_0826	LN610577.1	96.9369
SKTGIJFO_CDS_0827	LN610577.1	98.5574
SKTGIJFO_CDS_0827	LN610585.1	91.6023
SKTGIJFO_CDS_0828	LN610577.1	96.4618
SKTGIJFO_CDS_0828	LN610585.1	81.1918
SKTGIJFO_CDS_0829	LN610577.1	94.8357
SKTGIJFO_CDS_0829	LN610584.1	82.8638
SKTGIJFO_CDS_0829	LN610585.1	82.1596
SKTGIJFO_CDS_0830	LN610577.1	94.152
SKTGIJFO_CDS_0830	LN610584.1	94.152
SKTGIJFO_CDS_0830	LN610585.1	77.4854
SKTGIJFO_CDS_0831	LN610577.1	99.6633
SKTGIJFO_CDS_0832	LN610584.1	93.7198
SKTGIJFO_CDS_0832	LN610577.1	93.7198
SKTGIJFO_CDS_0832	LN610585.1	77.7778
SKTGIJFO_CDS_0833	LN610577.1	96.2222
SKTGIJFO_CDS_0834	LN610577.1	95.4678
SKTGIJFO_CDS_0835	LN610577.1	94.4882
SKTGIJFO_CDS_0835	LN610584.1	84.252
SKTGIJFO_CDS_0836	LN610577.1	95.977
SKTGIJFO_CDS_0837	LN610577.1	95.8333
SKTGIJFO_CDS_0838	LN610577.1	92.2764
SKTGIJFO_CDS_0839	LN610584.1	94.6237
SKTGIJFO_CDS_0839	LN610577.1	94.6237
SKTGIJFO_CDS_0839	LN610585.1	59.1398
SKTGIJFO_CDS_0840	LN610577.1	91.1565
SKTGIJFO_CDS_0840	LN610585.1	75.1701
SKTGIJFO_CDS_0841	LN610577.1	97.0874
SKTGIJFO_CDS_0842	LN610577.1	97.7925
SKTGIJFO_CDS_0843	LN610577.1	87.2146
SKTGIJFO_CDS_0843	LN610584.1	87.2146
SKTGIJFO_CDS_0844	LN610577.1	99.2674
SKTGIJFO_CDS_0846	LN610577.1	96.1957
SKTGIJFO_CDS_0847	LN610577.1	95.7364
SKTGIJFO_CDS_0848	LN610577.1	97.3333
SKTGIJFO_CDS_0848	LN610584.1	78.6667
SKTGIJFO_CDS_0849	LN610577.1	90.2222
SKTGIJFO_CDS_0849	LN610584.1	84
SKTGIJFO_CDS_0850	LN610577.1	95.7971
SKTGIJFO_CDS_0850	LN610584.1	86.2319
SKTGIJFO_CDS_0850	LN610585.1	77.3913
SKTGIJFO_CDS_0851	LN610577.1	92.2807
SKTGIJFO_CDS_0852	LN610577.1	95.7071
SKTGIJFO_CDS_0853	LN610577.1	93.3333
SKTGIJFO_CDS_0854	LN610577.1	95.6989
SKTGIJFO_CDS_0855	LN610577.1	99.8117
SKTGIJFO_CDS_0857	LN610577.1	86.4865
SKTGIJFO_CDS_0857	LN610585.1	71.1712
SKTGIJFO_CDS_0857	LN610584.1	60.3604
SKTGIJFO_CDS_0858	LN610577.1	96.7054
SKTGIJFO_CDS_0858	LN610584.1	80.814
SKTGIJFO_CDS_0859	LN610577.1	99.4634
SKTGIJFO_CDS_0861	LN610577.1	97.516
SKTGIJFO_CDS_0863	LN610577.1	94.2857
SKTGIJFO_CDS_0864	LN610577.1	96.0145
SKTGIJFO_CDS_0864	LN610584.1	78.2609
SKTGIJFO_CDS_0865	LN610577.1	87.5
SKTGIJFO_CDS_0866	LN610584.1	71.7172
SKTGIJFO_CDS_0866	LN610577.1	71.7172
SKTGIJFO_CDS_0866	LN610585.1	71.7172
SKTGIJFO_CDS_0867	LN610577.1	96.8314
SKTGIJFO_CDS_0868	LN610577.1	82.2222
SKTGIJFO_CDS_0868	LN610584.1	70
SKTGIJFO_CDS_0868	LN610585.1	70
SKTGIJFO_CDS_0869	LN610577.1	97.2856
SKTGIJFO_CDS_0870	LN610577.1	84.3137
SKTGIJFO_CDS_0870	LN610585.1	78.4314
SKTGIJFO_CDS_0871	LN610577.1	94.8198
SKTGIJFO_CDS_0872	LN610585.1	93.0736
SKTGIJFO_CDS_0872	LN610577.1	93.0736
SKTGIJFO_CDS_0872	LN610584.1	91.342
SKTGIJFO_CDS_0873	LN610577.1	95.6685
SKTGIJFO_CDS_0873	LN610584.1	82.2976
SKTGIJFO_CDS_0874	LN610577.1	97.1795
SKTGIJFO_CDS_0874	LN610585.1	95.3846
SKTGIJFO_CDS_0874	LN610584.1	94.6154
SKTGIJFO_CDS_0875	LN610577.1	97.2431
SKTGIJFO_CDS_0875	LN610584.1	90.4762
SKTGIJFO_CDS_0875	LN610585.1	90.4762
SKTGIJFO_CDS_0876	LN610577.1	94.4039
SKTGIJFO_CDS_0876	LN610584.1	80.0487
SKTGIJFO_CDS_0876	LN610585.1	77.8589
SKTGIJFO_CDS_0877	LN610577.1	97.8701
SKTGIJFO_CDS_0878	LN610577.1	96.8037
SKTGIJFO_CDS_0878	LN610585.1	79.4521
SKTGIJFO_CDS_0878	LN610584.1	77.8539
SKTGIJFO_CDS_0879	LN610577.1	93.1373
SKTGIJFO_CDS_0879	LN610585.1	82.3529
SKTGIJFO_CDS_0879	LN610584.1	82.3529
SKTGIJFO_CDS_0880	LN610577.1	99.1525
SKTGIJFO_CDS_0881	LN610577.1	99.6732
SKTGIJFO_CDS_0882	LN610577.1	97.7046
SKTGIJFO_CDS_0883	LN610577.1	99.5803
SKTGIJFO_CDS_0883	LN610585.1	87.9496
SKTGIJFO_CDS_0884	LN610577.1	98.3951
SKTGIJFO_CDS_0884	LN610585.1	83.7037
SKTGIJFO_CDS_0885	LN610577.1	91.8803
SKTGIJFO_CDS_0885	LN610585.1	87.6068
SKTGIJFO_CDS_0886	LN610577.1	85.9903
SKTGIJFO_CDS_0886	LN610585.1	85.9903
SKTGIJFO_CDS_0887	LN610577.1	98.9885
SKTGIJFO_CDS_0888	LN610577.1	98.0392
SKTGIJFO_CDS_0889	LN610577.1	98.3229
SKTGIJFO_CDS_0890	LN610577.1	94.4773
SKTGIJFO_CDS_0890	LN610585.1	81.4596
SKTGIJFO_CDS_0892	LN610577.1	96.3168
SKTGIJFO_CDS_0892	LN610585.1	92.4494
SKTGIJFO_CDS_0893	LN610578.1	92.7536
SKTGIJFO_CDS_0893	LN610578.1	74.6377
SKTGIJFO_CDS_0894	LN610578.1	84.2593
SKTGIJFO_CDS_0895	LN610578.1	79.5699
SKTGIJFO_CDS_0896	LN610578.1	91.2281
SKTGIJFO_CDS_0897	LN610578.1	97.1171
SKTGIJFO_CDS_0898	LN610578.1	84.0278
SKTGIJFO_CDS_0899	LN610578.1	95.8904
SKTGIJFO_CDS_0900	LN610578.1	87.234
SKTGIJFO_CDS_0901	LN610578.1	82.963
SKTGIJFO_CDS_0902	LN610578.1	96.5986
SKTGIJFO_CDS_0903	LN610578.1	78.0488
SKTGIJFO_CDS_0904	LN610578.1	81.3725
SKTGIJFO_CDS_0905	LN610578.1	91.1647
SKTGIJFO_CDS_0906	LN610578.1	87.8205
SKTGIJFO_CDS_0907	LN610578.1	89.7959
SKTGIJFO_CDS_0908	LN610578.1	92.803
SKTGIJFO_CDS_0909	LN610578.1	95.0355
SKTGIJFO_CDS_0910	LN610578.1	87.7193
SKTGIJFO_CDS_0911	LN610578.1	92.8571
SKTGIJFO_CDS_0912	LN610578.1	99.2958
SKTGIJFO_CDS_0913	LN610578.1	90.5882
SKTGIJFO_CDS_0914	LN610578.1	95.8904
SKTGIJFO_CDS_0915	LN610578.1	85.8447
SKTGIJFO_CDS_0916	LN610578.1	98.303
SKTGIJFO_CDS_0917	LN610578.1	82.9457
SKTGIJFO_CDS_0918	LN610578.1	97.4039
SKTGIJFO_CDS_0919	LN610578.1	96.875
SKTGIJFO_CDS_0920	LN610578.1	97.619
SKTGIJFO_CDS_0921	LN610578.1	96.3158
SKTGIJFO_CDS_0922	LN610578.1	99.4898
SKTGIJFO_CDS_0923	LN610578.1	99.4129
SKTGIJFO_CDS_0924	LN610578.1	94.5946
SKTGIJFO_CDS_0925	LN610578.1	97.8531
SKTGIJFO_CDS_0926	LN610578.1	96.7419
SKTGIJFO_CDS_0927	LN610578.1	96.8254
SKTGIJFO_CDS_0928	LN610578.1	99.6491
SKTGIJFO_CDS_0929	LN610578.1	99.0196
SKTGIJFO_CDS_0930	LN610578.1	91.5493
SKTGIJFO_CDS_0931	LN610578.1	92.3077
SKTGIJFO_CDS_0932	LN610578.1	85.9375
SKTGIJFO_CDS_0933	LN610578.1	90.9091
SKTGIJFO_CDS_0934	LN610578.1	95.0877
SKTGIJFO_CDS_0935	LN610578.1	97.2549
SKTGIJFO_CDS_0936	LN610578.1	91.4141
SKTGIJFO_CDS_0937	LN610578.1	99.5116
SKTGIJFO_CDS_0938	LN610578.1	88.5417
SKTGIJFO_CDS_0939	LN610578.1	98.5586
SKTGIJFO_CDS_0940	LN610578.1	97.2222
SKTGIJFO_CDS_0941	LN610578.1	96.4912
SKTGIJFO_CDS_0942	LN610578.1	96.8889
SKTGIJFO_CDS_0943	LN610578.1	97.2323
SKTGIJFO_CDS_0944	LN610578.1	97.9675
SKTGIJFO_CDS_0945	LN610578.1	91.8033
SKTGIJFO_CDS_0946	LN610578.1	97.1129
SKTGIJFO_CDS_0947	LN610578.1	90.411
SKTGIJFO_CDS_0948	LN610578.1	89.5238
SKTGIJFO_CDS_0949	LN610578.1	95.6522
SKTGIJFO_CDS_0950	LN610578.1	78.125
SKTGIJFO_CDS_0951	LN610578.1	86.2434
SKTGIJFO_CDS_0952	LN610578.1	92.9972
SKTGIJFO_CDS_0953	LN610578.1	98.6486
SKTGIJFO_CDS_0954	LN610578.1	99.7475
SKTGIJFO_CDS_0955	LN610578.1	98.8119
SKTGIJFO_CDS_0956	LN610578.1	95.2756
SKTGIJFO_CDS_0957	LN610578.1	97.5584
SKTGIJFO_CDS_0958	LN610578.1	97.0115
SKTGIJFO_CDS_0959	LN610578.1	95.2174
SKTGIJFO_CDS_0960	LN610578.1	99.2218
SKTGIJFO_CDS_0961	LN610578.1	96.2963
SKTGIJFO_CDS_0962	LN610578.1	93.5743
SKTGIJFO_CDS_0963	LN610578.1	95.3125
SKTGIJFO_CDS_0964	LN610578.1	98.2456
SKTGIJFO_CDS_0965	LN610578.1	92.2118
SKTGIJFO_CDS_0966	LN610578.1	96.6457
SKTGIJFO_CDS_0967	LN610578.1	98.2932
SKTGIJFO_CDS_0968	LN610578.1	88.5417
SKTGIJFO_CDS_0969	LN610578.1	99.5285
SKTGIJFO_CDS_0970	LN610578.1	98.9648
SKTGIJFO_CDS_0971	LN610578.1	97.3896
SKTGIJFO_CDS_0972	LN610578.1	94.1176
SKTGIJFO_CDS_0973	LN610578.1	86.2319
SKTGIJFO_CDS_0975	LN610579.1	86.0465
SKTGIJFO_CDS_0976	LN610579.1	85.2564
SKTGIJFO_CDS_0977	LN610579.1	82.4074
SKTGIJFO_CDS_0978	LN610588.1	73.3333
SKTGIJFO_CDS_0978	LN610579.1	73.3333
SKTGIJFO_CDS_0979	LN610579.1	98.9474
SKTGIJFO_CDS_0980	LN610579.1	80.9524
SKTGIJFO_CDS_0980	LN610588.1	80.9524
SKTGIJFO_CDS_0981	LN610579.1	96.2602
SKTGIJFO_CDS_0982	LN610579.1	83.6601
SKTGIJFO_CDS_0982	LN610588.1	83.6601
SKTGIJFO_CDS_0983	LN610579.1	98.0309
SKTGIJFO_CDS_0984	LN610579.1	92.3077
SKTGIJFO_CDS_0985	LN610579.1	93.6937
SKTGIJFO_CDS_0987	LN610579.1	97.7778
SKTGIJFO_CDS_0988	LN610579.1	97.8788
SKTGIJFO_CDS_0990	LN610579.1	93.5484
SKTGIJFO_CDS_0990	LN610588.1	93.5484
SKTGIJFO_CDS_0990	LN610589.1	93.5484
SKTGIJFO_CDS_0991	LN610579.1	99.0476
SKTGIJFO_CDS_0991	LN610588.1	99.0476
SKTGIJFO_CDS_0991	LN610589.1	82.381
SKTGIJFO_CDS_0992	LN610579.1	93.6508
SKTGIJFO_CDS_0992	LN610588.1	85.3175
SKTGIJFO_CDS_0993	LN610588.1	89.7849
SKTGIJFO_CDS_0993	LN610579.1	89.7849
SKTGIJFO_CDS_0994	LN610579.1	92.5926
SKTGIJFO_CDS_0994	LN610588.1	92.5926
SKTGIJFO_CDS_0995	LN610579.1	97.9253
SKTGIJFO_CDS_0995	LN610588.1	95.8506
SKTGIJFO_CDS_0996	LN610588.1	95.7096
SKTGIJFO_CDS_0996	LN610579.1	95.7096
SKTGIJFO_CDS_0997	LN610579.1	94.6667
SKTGIJFO_CDS_0997	LN610588.1	94.6667
SKTGIJFO_CDS_0998	LN610588.1	93.9394
SKTGIJFO_CDS_0998	LN610579.1	93.9394
SKTGIJFO_CDS_0999	LN610588.1	96.9697
SKTGIJFO_CDS_0999	LN610579.1	96.9697
SKTGIJFO_CDS_1000	LN610588.1	88.2051
SKTGIJFO_CDS_1000	LN610579.1	88.2051
SKTGIJFO_CDS_1001	LN610588.1	94.4444
SKTGIJFO_CDS_1001	LN610579.1	94.4444
SKTGIJFO_CDS_1002	LN610579.1	98.7708
SKTGIJFO_CDS_1002	LN610588.1	83.8033
SKTGIJFO_CDS_1003	LN610588.1	96.3542
SKTGIJFO_CDS_1003	LN610579.1	96.3542
SKTGIJFO_CDS_1004	LN610579.1	89.9543
SKTGIJFO_CDS_1004	LN610588.1	84.4749
SKTGIJFO_CDS_1005	LN610579.1	93.7322
SKTGIJFO_CDS_1005	LN610588.1	93.7322
SKTGIJFO_CDS_1006	LN610579.1	95.2381
SKTGIJFO_CDS_1006	LN610588.1	88.7218
SKTGIJFO_CDS_1007	LN610579.1	97.9487
SKTGIJFO_CDS_1007	LN610588.1	94.4872
SKTGIJFO_CDS_1008	LN610579.1	95.2055
SKTGIJFO_CDS_1008	LN610588.1	90.1826
SKTGIJFO_CDS_1010	LN610588.1	71.875
SKTGIJFO_CDS_1010	LN610579.1	71.875
SKTGIJFO_CDS_1011	LN610579.1	98.6066
SKTGIJFO_CDS_1011	LN610588.1	98.6066
SKTGIJFO_CDS_1012	LN610579.1	87.3874
SKTGIJFO_CDS_1012	LN610588.1	87.3874
SKTGIJFO_CDS_1013	LN610579.1	100
SKTGIJFO_CDS_1013	LN610588.1	80.7471
SKTGIJFO_CDS_1014	LN610579.1	89.5349
SKTGIJFO_CDS_1016	LN610579.1	91.9753
SKTGIJFO_CDS_1016	LN610588.1	91.9753
SKTGIJFO_CDS_1017	LN610588.1	99.5025
SKTGIJFO_CDS_1017	LN610579.1	99.5025
SKTGIJFO_CDS_1018	LN610579.1	99.1297
SKTGIJFO_CDS_1018	LN610588.1	96.9974
SKTGIJFO_CDS_1019	LN610579.1	97.0131
SKTGIJFO_CDS_1019	LN610588.1	97.0131
SKTGIJFO_CDS_1020	LN610588.1	88.8889
SKTGIJFO_CDS_1020	LN610579.1	88.8889
SKTGIJFO_CDS_1021	LN610588.1	90.0709
SKTGIJFO_CDS_1021	LN610579.1	90.0709
SKTGIJFO_CDS_1022	LN610588.1	73.8095
SKTGIJFO_CDS_1022	LN610579.1	73.8095
SKTGIJFO_CDS_1023	LN610588.1	95.0355
SKTGIJFO_CDS_1023	LN610579.1	95.0355
SKTGIJFO_CDS_1024	LN610579.1	86.4865
SKTGIJFO_CDS_1024	LN610588.1	86.4865
SKTGIJFO_CDS_1024	LN610589.1	58.5586
SKTGIJFO_CDS_1025	LN610588.1	90.4762
SKTGIJFO_CDS_1025	LN610579.1	90.4762
SKTGIJFO_CDS_1027	LN610579.1	99.1044
SKTGIJFO_CDS_1027	LN610588.1	98.014
SKTGIJFO_CDS_1028	LN610588.1	98.8584
SKTGIJFO_CDS_1028	LN610579.1	98.8584
SKTGIJFO_CDS_1029	LN610588.1	96.5812
SKTGIJFO_CDS_1029	LN610579.1	96.5812
SKTGIJFO_CDS_1030	LN610579.1	94.3548
SKTGIJFO_CDS_1030	LN610588.1	94.3548
SKTGIJFO_CDS_1031	LN610579.1	98.0072
SKTGIJFO_CDS_1031	LN610588.1	98.0072
SKTGIJFO_CDS_1032	LN610579.1	99.4845
SKTGIJFO_CDS_1032	LN610588.1	99.4845
SKTGIJFO_CDS_1033	LN610588.1	99.5798
SKTGIJFO_CDS_1033	LN610579.1	99.5798
SKTGIJFO_CDS_1034	LN610579.1	94.702
SKTGIJFO_CDS_1034	LN610588.1	94.702
SKTGIJFO_CDS_1035	LN610588.1	92.284
SKTGIJFO_CDS_1035	LN610579.1	92.284
SKTGIJFO_CDS_1036	LN610588.1	92.5926
SKTGIJFO_CDS_1036	LN610579.1	92.5926
SKTGIJFO_CDS_1037	LN610579.1	95.8333
SKTGIJFO_CDS_1037	LN610588.1	94.4444
SKTGIJFO_CDS_1038	LN610579.1	96.8254
SKTGIJFO_CDS_1038	LN610588.1	92.4603
SKTGIJFO_CDS_1039	LN610579.1	97.7778
SKTGIJFO_CDS_1039	LN610588.1	95.5556
SKTGIJFO_CDS_1040	LN610579.1	98.4848
SKTGIJFO_CDS_1040	LN610588.1	98.4848
SKTGIJFO_CDS_1041	LN610588.1	94.1725
SKTGIJFO_CDS_1041	LN610579.1	94.1725
SKTGIJFO_CDS_1042	LN610579.1	99.3403
SKTGIJFO_CDS_1042	LN610588.1	98.5254
SKTGIJFO_CDS_1043	LN610579.1	98.6111
SKTGIJFO_CDS_1043	LN610588.1	98.6111
SKTGIJFO_CDS_1044	LN610579.1	96.6292
SKTGIJFO_CDS_1044	LN610588.1	93.8202
SKTGIJFO_CDS_1045	LN610588.1	97.4474
SKTGIJFO_CDS_1045	LN610579.1	97.4474
SKTGIJFO_CDS_1046	LN610579.1	99.7608
SKTGIJFO_CDS_1046	LN610588.1	84.2903
SKTGIJFO_CDS_1047	LN610579.1	99.1419
SKTGIJFO_CDS_1049	LN610579.1	95.8042
SKTGIJFO_CDS_1049	LN610588.1	87.6457
SKTGIJFO_CDS_1050	LN610579.1	97.2851
SKTGIJFO_CDS_1051	LN610579.1	93.254
SKTGIJFO_CDS_1051	LN610588.1	89.6825
SKTGIJFO_CDS_1053	LN610579.1	97.3684
SKTGIJFO_CDS_1053	LN610588.1	96.0526
SKTGIJFO_CDS_1054	LN610579.1	93.8739
SKTGIJFO_CDS_1055	LN610579.1	94.8845
SKTGIJFO_CDS_1056	LN610579.1	96.5556
SKTGIJFO_CDS_1056	LN610588.1	90.3333
SKTGIJFO_CDS_1057	LN610579.1	99.3559
SKTGIJFO_CDS_1057	LN610588.1	83.8969
SKTGIJFO_CDS_1058	LN610579.1	99.359
SKTGIJFO_CDS_1058	LN610588.1	97.9487
SKTGIJFO_CDS_1059	LN610588.1	96.4029
SKTGIJFO_CDS_1059	LN610579.1	96.4029
SKTGIJFO_CDS_1060	LN610579.1	99.7748
SKTGIJFO_CDS_1060	LN610588.1	96.9434
SKTGIJFO_CDS_1062	LN610579.1	93.1507
SKTGIJFO_CDS_1062	LN610588.1	75.3425
SKTGIJFO_CDS_1063	LN610579.1	98.1735
SKTGIJFO_CDS_1064	LN610579.1	86.1472
SKTGIJFO_CDS_1065	LN610579.1	97.8044
SKTGIJFO_CDS_1066	LN610579.1	97.651
SKTGIJFO_CDS_1067	LN610579.1	99.3266
SKTGIJFO_CDS_1068	LN610579.1	94.0898
SKTGIJFO_CDS_1070	LN610579.1	98.6005
SKTGIJFO_CDS_1071	LN610579.1	97.8355
SKTGIJFO_CDS_1072	LN610579.1	83.8384
SKTGIJFO_CDS_1073	LN610579.1	94.1176
SKTGIJFO_CDS_1074	LN610579.1	96.8431
SKTGIJFO_CDS_1075	LN610579.1	88.7097
SKTGIJFO_CDS_1076	LN610579.1	99.023
SKTGIJFO_CDS_1077	LN610579.1	84.0909
SKTGIJFO_CDS_1078	LN610579.1	89.881
SKTGIJFO_CDS_1079	LN610580.1	95.7602
SKTGIJFO_CDS_1080	LN610580.1	92.3077
SKTGIJFO_CDS_1081	LN610580.1	89.6396
SKTGIJFO_CDS_1083	LN610580.1	83.3333
SKTGIJFO_CDS_1084	LN610580.1	88.6905
SKTGIJFO_CDS_1084	LN610574.1	69.6429
SKTGIJFO_CDS_1087	LN610580.1	97.4074
SKTGIJFO_CDS_1088	LN610580.1	90.4762
SKTGIJFO_CDS_1089	LN610580.1	87.5
SKTGIJFO_CDS_1090	LN610580.1	92.6829
SKTGIJFO_CDS_1093	LN610580.1	86.1111
SKTGIJFO_CDS_1094	LN610580.1	90.8163
SKTGIJFO_CDS_1095	LN610580.1	91.9831
SKTGIJFO_CDS_1096	LN610580.1	91.1565
SKTGIJFO_CDS_1097	LN610580.1	97.8417
SKTGIJFO_CDS_1099	LN610580.1	94.8148
SKTGIJFO_CDS_1101	LN610580.1	98.1584
SKTGIJFO_CDS_1103	LN610580.1	94.9495
SKTGIJFO_CDS_1103	LN610574.1	61.6162
SKTGIJFO_CDS_1104	LN610580.1	97.8417
SKTGIJFO_CDS_1104	LN610574.1	78.5372
SKTGIJFO_CDS_1106	LN610580.1	98.5437
SKTGIJFO_CDS_1107	LN610580.1	96.1962
SKTGIJFO_CDS_1108	LN610580.1	91.6667
SKTGIJFO_CDS_1110	LN610580.1	94.5513
SKTGIJFO_CDS_1113	LN610580.1	97.5962
SKTGIJFO_CDS_1114	LN610580.1	98.3871
SKTGIJFO_CDS_1115	LN610580.1	93.7322
SKTGIJFO_CDS_1116	LN610580.1	98.652
SKTGIJFO_CDS_1118	LN610580.1	95.3586
SKTGIJFO_CDS_1121	LN610580.1	90.9185
SKTGIJFO_CDS_1125	LN610580.1	98.5893
SKTGIJFO_CDS_1126	LN610580.1	97.4359
SKTGIJFO_CDS_1127	LN610580.1	99.2214
SKTGIJFO_CDS_1128	LN610580.1	98.8057
SKTGIJFO_CDS_1129	LN610580.1	89.0411
SKTGIJFO_CDS_1130	LN610580.1	98.1481
SKTGIJFO_CDS_1132	LN610580.1	99.1199
SKTGIJFO_CDS_1133	LN610580.1	95.7096
SKTGIJFO_CDS_1134	LN610580.1	90.1961
SKTGIJFO_CDS_1140	LN610580.1	94.2857
SKTGIJFO_CDS_1141	LN610580.1	89.7436
SKTGIJFO_CDS_1144	LN610581.1	96.1749
SKTGIJFO_CDS_1144	LN610583.1	89.2532
SKTGIJFO_CDS_1144	LN610573.1	88.8889
SKTGIJFO_CDS_1144	LN610576.1	81.9672
SKTGIJFO_CDS_1151	LN610581.1	98.8701
SKTGIJFO_CDS_1151	LN610583.1	95.1977
SKTGIJFO_CDS_1154	LN610581.1	93.8667
SKTGIJFO_CDS_1154	LN610576.1	91.4667
SKTGIJFO_CDS_1154	LN610582.1	91.4667
SKTGIJFO_CDS_1154	LN610573.1	83.2
SKTGIJFO_CDS_1157	LN610581.1	96.9298
SKTGIJFO_CDS_1157	LN610582.1	91.4035
SKTGIJFO_CDS_1195	LN610583.1	99.2714
SKTGIJFO_CDS_1195	LN610581.1	99.2714
SKTGIJFO_CDS_1195	LN610582.1	87.4317
SKTGIJFO_CDS_1195	LN610573.1	87.4317
SKTGIJFO_CDS_1195	LN610576.1	86.5209
SKTGIJFO_CDS_1316	LN610582.1	91.9872
SKTGIJFO_CDS_1316	LN610582.1	91.9872
SKTGIJFO_CDS_1332	LN610582.1	91.358
SKTGIJFO_CDS_1333	LN610582.1	96.6667
SKTGIJFO_CDS_1334	LN610582.1	94.8949
SKTGIJFO_CDS_1345	LN610582.1	90
SKTGIJFO_CDS_1346	LN610582.1	96.5278
SKTGIJFO_CDS_1347	LN610582.1	92.5439
SKTGIJFO_CDS_1348	LN610582.1	91.9643
SKTGIJFO_CDS_1348	LN610583.1	80.9524
SKTGIJFO_CDS_1349	LN610582.1	95.1049
SKTGIJFO_CDS_1350	LN610582.1	99.5169
SKTGIJFO_CDS_1350	LN610583.1	82.1256
SKTGIJFO_CDS_1351	LN610583.1	90.4762
SKTGIJFO_CDS_1351	LN610582.1	90.4762
SKTGIJFO_CDS_1352	LN610582.1	93.19
SKTGIJFO_CDS_1495	LN610583.1	98.091
SKTGIJFO_CDS_1497	LN610583.1	96.1039
SKTGIJFO_CDS_1498	LN610583.1	92.5234
SKTGIJFO_CDS_1500	LN610583.1	98.4615
SKTGIJFO_CDS_1501	LN610583.1	97.6768
SKTGIJFO_CDS_1502	LN610583.1	93.617
SKTGIJFO_CDS_1503	LN610583.1	93.6387
SKTGIJFO_CDS_1504	LN610583.1	93.0894
SKTGIJFO_CDS_1505	LN610583.1	97.2868
SKTGIJFO_CDS_1506	LN610583.1	99.2754
SKTGIJFO_CDS_1507	LN610583.1	95.1111
SKTGIJFO_CDS_1508	LN610583.1	88.2051
SKTGIJFO_CDS_1509	LN610583.1	96.7033
SKTGIJFO_CDS_1510	LN610583.1	97.1545
SKTGIJFO_CDS_1511	LN610583.1	78
SKTGIJFO_CDS_1512	LN610583.1	86.8687
SKTGIJFO_CDS_1513	LN610583.1	86.7424
SKTGIJFO_CDS_1514	LN610583.1	76.1905
SKTGIJFO_CDS_1515	LN610583.1	91.5423
SKTGIJFO_CDS_1516	LN610583.1	92.8315
SKTGIJFO_CDS_1521	LN610583.1	95.338
SKTGIJFO_CDS_1524	LN610583.1	95.3405
SKTGIJFO_CDS_1525	LN610583.1	99.3602
SKTGIJFO_CDS_1525	LN610582.1	88.4197
SKTGIJFO_CDS_1641	LN610576.1	89.071
SKTGIJFO_CDS_1641	LN610581.1	89.071
SKTGIJFO_CDS_1641	LN610573.1	89.071
SKTGIJFO_CDS_1641	LN610582.1	89.071
SKTGIJFO_CDS_1641	LN610583.1	89.071
SKTGIJFO_CDS_1664	LN610584.1	89.1026
SKTGIJFO_CDS_1664	LN610577.1	72.4359
SKTGIJFO_CDS_1665	LN610584.1	98.0276
SKTGIJFO_CDS_1665	LN610585.1	94.6746
SKTGIJFO_CDS_1666	LN610584.1	98.3683
SKTGIJFO_CDS_1670	LN610584.1	97.7553
SKTGIJFO_CDS_1686	LN610584.1	92.6829
SKTGIJFO_CDS_1693	LN610584.1	96.0317
SKTGIJFO_CDS_1694	LN610584.1	98.3683
SKTGIJFO_CDS_1696	LN610584.1	94.9612
SKTGIJFO_CDS_1701	LN610584.1	96.2121
SKTGIJFO_CDS_1706	LN610584.1	81.1321
SKTGIJFO_CDS_1706	LN610577.1	81.1321
SKTGIJFO_CDS_1706	LN610585.1	72.327
SKTGIJFO_CDS_1711	LN610584.1	98.8734
SKTGIJFO_CDS_1713	LN610584.1	97.3501
SKTGIJFO_CDS_1714	LN610584.1	91.9048
SKTGIJFO_CDS_1715	LN610584.1	90.4762
SKTGIJFO_CDS_1716	LN610584.1	92.0398
SKTGIJFO_CDS_1723	LN610584.1	94.7279
SKTGIJFO_CDS_1733	LN610584.1	99.2736
SKTGIJFO_CDS_1734	LN610584.1	97.956
SKTGIJFO_CDS_1735	LN610584.1	99.0385
SKTGIJFO_CDS_1736	LN610584.1	98.6763
SKTGIJFO_CDS_1737	LN610584.1	97.7778
SKTGIJFO_CDS_1738	LN610584.1	91.0256
SKTGIJFO_CDS_1740	LN610584.1	99.1724
SKTGIJFO_CDS_1744	LN610585.1	93.1507
SKTGIJFO_CDS_1744	LN610584.1	93.1507
SKTGIJFO_CDS_1744	LN610577.1	93.1507
SKTGIJFO_CDS_1746	LN610585.1	82.2222
SKTGIJFO_CDS_1746	LN610584.1	67.7778
SKTGIJFO_CDS_1746	LN610577.1	46.6667
SKTGIJFO_CDS_1747	LN610585.1	91.2281
SKTGIJFO_CDS_1747	LN610584.1	91.2281
SKTGIJFO_CDS_1747	LN610577.1	69.5906
SKTGIJFO_CDS_1755	LN610585.1	89.1026
SKTGIJFO_CDS_1773	LN610585.1	96.7977
SKTGIJFO_CDS_1774	LN610585.1	92.9134
SKTGIJFO_CDS_1777	LN610585.1	90.6504
SKTGIJFO_CDS_1783	LN610585.1	93.1129
SKTGIJFO_CDS_1786	LN610585.1	94.2222
SKTGIJFO_CDS_1790	LN610585.1	94.4444
SKTGIJFO_CDS_1803	LN610585.1	91.0798
SKTGIJFO_CDS_1804	LN610585.1	90.8602
SKTGIJFO_CDS_1806	LN610585.1	96.5142
SKTGIJFO_CDS_1807	LN610585.1	94.3089
SKTGIJFO_CDS_1823	LN610585.1	99.6732
SKTGIJFO_CDS_1846	LN610586.1	96.4744
SKTGIJFO_CDS_1846	LN610587.1	96.4744
SKTGIJFO_CDS_1846	OM870969.1	90.0641
SKTGIJFO_CDS_1846	OM870967.1	90.0641
SKTGIJFO_CDS_1846	OM870968.1	90.0641
SKTGIJFO_CDS_1846	OM870970.1	90.0641
SKTGIJFO_CDS_1846	OQ411628.1	85.8974
SKTGIJFO_CDS_1870	LN610586.1	95.0855
SKTGIJFO_CDS_1871	LN610586.1	98.4285
SKTGIJFO_CDS_2022	LN610586.1	92
SKTGIJFO_CDS_2022	LN610587.1	81.6667
SKTGIJFO_CDS_2022	LN610575.1	81.6667
SKTGIJFO_CDS_2022	LN610572.1	81.6667
SKTGIJFO_CDS_2022	OM870968.1	74.6667
SKTGIJFO_CDS_2022	OM870967.1	74.6667
SKTGIJFO_CDS_2024	LN610586.1	92.5926
SKTGIJFO_CDS_2081	OM870967.1	76.7677
SKTGIJFO_CDS_2081	LN610587.1	76.7677
SKTGIJFO_CDS_2081	OM870968.1	76.7677
SKTGIJFO_CDS_2081	OQ411628.1	76.7677
SKTGIJFO_CDS_2081	LN610586.1	61.6162
SKTGIJFO_CDS_2081	LN610572.1	61.6162
SKTGIJFO_CDS_2081	LN610575.1	61.6162
SKTGIJFO_CDS_2081	OM870969.1	61.6162
SKTGIJFO_CDS_2081	OM870970.1	42.4242
SKTGIJFO_CDS_2082	LN610575.1	75.4386
SKTGIJFO_CDS_2082	OM870969.1	75.4386
SKTGIJFO_CDS_2082	OQ411628.1	75.4386
SKTGIJFO_CDS_2082	OM870967.1	75.4386
SKTGIJFO_CDS_2082	LN610586.1	75.4386
SKTGIJFO_CDS_2082	OM870968.1	75.4386
SKTGIJFO_CDS_2082	LN610572.1	75.4386
SKTGIJFO_CDS_2082	OM870970.1	75.4386
SKTGIJFO_CDS_2082	LN610587.1	75.4386
SKTGIJFO_CDS_2083	LN610587.1	84.3434
SKTGIJFO_CDS_2084	LN610587.1	88.5572
SKTGIJFO_CDS_2084	OM870969.1	88.5572
SKTGIJFO_CDS_2084	OM870970.1	88.5572
SKTGIJFO_CDS_2086	LN610587.1	85.7143
SKTGIJFO_CDS_2087	LN610587.1	78.4314
SKTGIJFO_CDS_2087	OM870970.1	78.4314
SKTGIJFO_CDS_2088	LN610587.1	88.6667
SKTGIJFO_CDS_2229	LN610588.1	96.131
SKTGIJFO_CDS_2234	LN610588.1	98.5632
SKTGIJFO_CDS_2236	LN610588.1	90.0901
SKTGIJFO_CDS_2237	LN610588.1	90.3101
SKTGIJFO_CDS_2238	LN610588.1	90.6667
SKTGIJFO_CDS_2260	LN610588.1	97.3282
SKTGIJFO_CDS_2260	LN610579.1	94.5293
SKTGIJFO_CDS_2266	LN610588.1	98.1685
SKTGIJFO_CDS_2266	LN610579.1	87.7289
SKTGIJFO_CDS_2298	LN610588.1	99.67
SKTGIJFO_CDS_2299	LN610588.1	99.4602
SKTGIJFO_CDS_2299	LN610579.1	93.0837
SKTGIJFO_CDS_2305	LN610588.1	96.036
SKTGIJFO_CDS_2312	LN610588.1	99.3607
SKTGIJFO_CDS_2312	LN610579.1	90.9589
SKTGIJFO_CDS_2315	LN610588.1	85.7143
SKTGIJFO_CDS_2318	LN610588.1	97.8519
SKTGIJFO_CDS_2319	LN610588.1	91.9643
SKTGIJFO_CDS_2321	LN610588.1	97.377
SKTGIJFO_CDS_2322	LN610588.1	97.5556
SKTGIJFO_CDS_2323	LN610588.1	97.9573
SKTGIJFO_CDS_2324	LN610588.1	89.2473
SKTGIJFO_CDS_2324	LN610589.1	79.0323
SKTGIJFO_CDS_2326	LN610588.1	91.8919
SKTGIJFO_CDS_2327	LN610588.1	88
SKTGIJFO_CDS_2328	LN610589.1	91.2621
SKTGIJFO_CDS_2329	LN610589.1	89.5833
SKTGIJFO_CDS_2330	LN610589.1	84.9206
SKTGIJFO_CDS_2331	LN610589.1	97.2077
SKTGIJFO_CDS_2332	LN610589.1	94.6341
SKTGIJFO_CDS_2333	LN610589.1	97.8548
SKTGIJFO_CDS_2334	LN610589.1	90.8805
SKTGIJFO_CDS_2335	LN610589.1	91.9831
SKTGIJFO_CDS_2336	LN610589.1	90.3509
SKTGIJFO_CDS_2337	LN610589.1	88
SKTGIJFO_CDS_2338	LN610589.1	96.0245
SKTGIJFO_CDS_2339	LN610589.1	98.6998
SKTGIJFO_CDS_2345	LN610589.1	88.8889
SKTGIJFO_CDS_2346	LN610589.1	99.5349
SKTGIJFO_CDS_2347	LN610589.1	95.0495
SKTGIJFO_CDS_2348	LN610589.1	87.6812
SKTGIJFO_CDS_2349	LN610589.1	84.8485
SKTGIJFO_CDS_2350	LN610589.1	94.5274
SKTGIJFO_CDS_2351	LN610589.1	98.8431
SKTGIJFO_CDS_2352	LN610589.1	97.6562
SKTGIJFO_CDS_2353	LN610589.1	91.7808
SKTGIJFO_CDS_2354	LN610589.1	96.8661
SKTGIJFO_CDS_2355	LN610589.1	92.5373
SKTGIJFO_CDS_2356	LN610589.1	97.4359
SKTGIJFO_CDS_2357	LN610589.1	94.5205
SKTGIJFO_CDS_2358	LN610589.1	94.0476
SKTGIJFO_CDS_2359	LN610589.1	71.875
SKTGIJFO_CDS_2360	LN610589.1	98.6022
SKTGIJFO_CDS_2361	LN610589.1	76.5766
SKTGIJFO_CDS_2362	LN610589.1	97.9885
SKTGIJFO_CDS_2363	LN610589.1	94.5736
SKTGIJFO_CDS_2364	LN610589.1	94.8718
SKTGIJFO_CDS_2365	LN610589.1	94.6078
SKTGIJFO_CDS_2366	LN610589.1	95.679
SKTGIJFO_CDS_2367	LN610589.1	94.686
SKTGIJFO_CDS_2368	LN610589.1	88.1481
SKTGIJFO_CDS_2369	LN610589.1	99.0862
SKTGIJFO_CDS_2370	LN610589.1	98.8053
SKTGIJFO_CDS_2371	LN610589.1	93.7198
SKTGIJFO_CDS_2372	LN610589.1	80.1418
SKTGIJFO_CDS_2373	LN610589.1	86.1111
SKTGIJFO_CDS_2374	LN610589.1	83.7607
SKTGIJFO_CDS_2375	LN610589.1	99.5392
SKTGIJFO_CDS_2376	LN610589.1	97.4886
SKTGIJFO_CDS_2377	LN610589.1	94.3798
SKTGIJFO_CDS_2378	LN610589.1	94.8925
SKTGIJFO_CDS_2379	LN610589.1	97.079
SKTGIJFO_CDS_2380	LN610589.1	99.4845
SKTGIJFO_CDS_2381	LN610589.1	98.2493
SKTGIJFO_CDS_2382	LN610589.1	94.4812
SKTGIJFO_CDS_2383	LN610589.1	94.7531
SKTGIJFO_CDS_2384	LN610589.1	95.7265
SKTGIJFO_CDS_2385	LN610589.1	94.6387
SKTGIJFO_CDS_2386	LN610589.1	97.0238
SKTGIJFO_CDS_2387	LN610589.1	96.6667
SKTGIJFO_CDS_2388	LN610589.1	98.4848
SKTGIJFO_CDS_2389	LN610589.1	97.9021
SKTGIJFO_CDS_2390	LN610589.1	98.916
SKTGIJFO_CDS_2391	LN610589.1	99.0741
SKTGIJFO_CDS_2392	LN610589.1	96.8165
SKTGIJFO_CDS_2393	LN610589.1	99.5495
SKTGIJFO_CDS_2394	LN610589.1	98.8038
SKTGIJFO_CDS_2395	LN610589.1	98.2838
SKTGIJFO_CDS_2396	LN610589.1	99.0674
SKTGIJFO_CDS_2397	LN610589.1	98.1352
SKTGIJFO_CDS_2398	LN610589.1	97.5867
SKTGIJFO_CDS_2399	LN610589.1	93.254
SKTGIJFO_CDS_2400	LN610589.1	85.8586
SKTGIJFO_CDS_2401	LN610589.1	97.5108
SKTGIJFO_CDS_2402	LN610589.1	94.5946
SKTGIJFO_CDS_2403	LN610589.1	95.0495
SKTGIJFO_CDS_2404	LN610589.1	99.4426
SKTGIJFO_CDS_2405	LN610589.1	98.5507
SKTGIJFO_CDS_2406	LN610589.1	99.0385
SKTGIJFO_CDS_2407	LN610589.1	98.5612
SKTGIJFO_CDS_2408	LN610589.1	99.2921
SKTGIJFO_CDS_2409	LN610589.1	94.4144
SKTGIJFO_CDS_2410	LN610589.1	98.6234
SKTGIJFO_CDS_2411	LN610589.1	91.9048
SKTGIJFO_CDS_2412	LN610589.1	96.841
SKTGIJFO_CDS_2413	LN610589.1	94.686
SKTGIJFO_CDS_2414	LN610589.1	92.1348
SKTGIJFO_CDS_2415	LN610589.1	91.3242
SKTGIJFO_CDS_2416	LN610589.1	97.2603
SKTGIJFO_CDS_2417	LN610589.1	96.9697
SKTGIJFO_CDS_2418	LN610589.1	98.1038
SKTGIJFO_CDS_2419	LN610589.1	98.434
SKTGIJFO_CDS_2420	LN610589.1	91.6667
SKTGIJFO_CDS_2420	LN610588.1	62.037
SKTGIJFO_CDS_2421	LN610589.1	99.2424
SKTGIJFO_CDS_2422	LN610589.1	70.7071
SKTGIJFO_CDS_2423	LN610589.1	96.6068
SKTGIJFO_CDS_2424	LN610589.1	99.1094
SKTGIJFO_CDS_2425	LN610589.1	98.7893
SKTGIJFO_CDS_2427	LN610589.1	98.9786
SKTGIJFO_CDS_2429	LN610589.1	98.8446
SKTGIJFO_CDS_2430	LN610589.1	88.8889
SKTGIJFO_CDS_2431	LN610589.1	99.177
SKTGIJFO_CDS_2432	LN610590.1	97.1212
SKTGIJFO_CDS_2433	LN610590.1	94.8718
SKTGIJFO_CDS_2434	LN610590.1	92.1569
SKTGIJFO_CDS_2435	LN610590.1	96.7816
SKTGIJFO_CDS_2436	LN610590.1	93.8838
SKTGIJFO_CDS_2437	LN610590.1	95.1338
SKTGIJFO_CDS_2438	LN610590.1	98.9855
SKTGIJFO_CDS_2439	LN610590.1	97.6096
SKTGIJFO_CDS_2440	LN610590.1	99.0991
SKTGIJFO_CDS_2441	LN610590.1	79.5699
SKTGIJFO_CDS_2442	LN610590.1	97.7987
SKTGIJFO_CDS_2443	LN610590.1	91.453
SKTGIJFO_CDS_2444	LN610590.1	95.8937
SKTGIJFO_CDS_2445	LN610590.1	94.2308
SKTGIJFO_CDS_2446	LN610590.1	96.1165
SKTGIJFO_CDS_2447	LN610590.1	96.1165
SKTGIJFO_CDS_2448	LN610590.1	94.6809
SKTGIJFO_CDS_2449	LN610590.1	92.7536
SKTGIJFO_CDS_2450	LN610590.1	94.8718
SKTGIJFO_CDS_2451	LN610590.1	88.6667
SKTGIJFO_CDS_2452	LN610590.1	98.3165
SKTGIJFO_CDS_2453	LN610590.1	99.5098
SKTGIJFO_CDS_2454	LN610590.1	95.5556
SKTGIJFO_CDS_2455	LN610590.1	94.2529
SKTGIJFO_CDS_2456	LN610590.1	93.8429
SKTGIJFO_CDS_2457	LN610590.1	95.0855
SKTGIJFO_CDS_2458	LN610590.1	90.9465
SKTGIJFO_CDS_2459	LN610590.1	94.7761
SKTGIJFO_CDS_2460	LN610590.1	93.6667
SKTGIJFO_CDS_2461	LN610590.1	98.6028
SKTGIJFO_CDS_2462	LN610590.1	96.4286
SKTGIJFO_CDS_2463	LN610590.1	88.5714
SKTGIJFO_CDS_2464	LN610590.1	96.6667
SKTGIJFO_CDS_2465	LN610590.1	98.7296
SKTGIJFO_CDS_2466	LN610590.1	99.0512
SKTGIJFO_CDS_2467	LN610590.1	98.8345
SKTGIJFO_CDS_2468	LN610590.1	93.5802
SKTGIJFO_CDS_2469	LN610590.1	91.4141
SKTGIJFO_CDS_2470	LN610590.1	94.0594
SKTGIJFO_CDS_2471	LN610590.1	86.747
SKTGIJFO_CDS_2472	LN610590.1	98.6339
SKTGIJFO_CDS_2473	LN610590.1	97.5956
SKTGIJFO_CDS_2474	LN610590.1	94.7368
SKTGIJFO_CDS_2475	LN610590.1	86.9048
SKTGIJFO_CDS_2476	LN610590.1	96.1631
SKTGIJFO_CDS_2477	LN610590.1	95.3586
SKTGIJFO_CDS_2478	LN610590.1	82.7778
SKTGIJFO_CDS_2479	LN610590.1	98.8327
SKTGIJFO_CDS_2480	LN610590.1	97.9798
SKTGIJFO_CDS_2481	LN610590.1	99.3109
SKTGIJFO_CDS_2482	LN610590.1	97.9101
SKTGIJFO_CDS_2483	LN610590.1	98.9177
SKTGIJFO_CDS_2484	LN610590.1	99.4131
SKTGIJFO_CDS_2485	LN610590.1	97.6886
SKTGIJFO_CDS_2486	LN610590.1	92.0833
SKTGIJFO_CDS_2487	LN610590.1	91.7808
SKTGIJFO_CDS_2488	LN610590.1	99.0942
SKTGIJFO_CDS_2489	LN610590.1	98.9583
SKTGIJFO_CDS_2490	LN610590.1	89.7959
SKTGIJFO_CDS_2491	LN610590.1	97.2222
SKTGIJFO_CDS_2528	OM870968.1	95.4693
SKTGIJFO_CDS_2528	OM870967.1	95.4693
SKTGIJFO_CDS_2531	OM870968.1	95.5975
SKTGIJFO_CDS_2531	OM870970.1	95.5975
SKTGIJFO_CDS_2531	OM870967.1	95.5975
SKTGIJFO_CDS_2533	OM870969.1	89.8246
SKTGIJFO_CDS_2533	OM870968.1	89.8246
SKTGIJFO_CDS_2533	OM870967.1	89.8246
SKTGIJFO_CDS_2533	LN610572.1	74.0351
SKTGIJFO_CDS_2535	OM870967.1	86.1538
SKTGIJFO_CDS_2535	OM870968.1	86.1538
SKTGIJFO_CDS_2535	OM870969.1	66.6667
SKTGIJFO_CDS_2584	OM870967.1	97.7366
SKTGIJFO_CDS_2584	OM870968.1	97.7366
SKTGIJFO_CDS_2586	OM870968.1	89.1667
SKTGIJFO_CDS_2586	OM870967.1	89.1667
SKTGIJFO_CDS_2588	OM870967.1	98.374
SKTGIJFO_CDS_2588	OM870968.1	98.374
SKTGIJFO_CDS_2590	OM870968.1	94.2529
SKTGIJFO_CDS_2590	OM870967.1	94.2529
SKTGIJFO_CDS_2594	OM870967.1	80.8081
SKTGIJFO_CDS_2594	OM870968.1	80.8081
SKTGIJFO_CDS_2594	OM870970.1	80.8081
SKTGIJFO_CDS_2594	LN610575.1	71.7172
SKTGIJFO_CDS_2594	OM870969.1	71.7172
SKTGIJFO_CDS_2595	OM870967.1	88.764
SKTGIJFO_CDS_2595	OM870968.1	88.764
SKTGIJFO_CDS_2597	OM870968.1	94.0972
SKTGIJFO_CDS_2597	OM870967.1	94.0972
SKTGIJFO_CDS_2601	OM870967.1	87.3016
SKTGIJFO_CDS_2601	OM870968.1	87.3016
SKTGIJFO_CDS_2601	OM870969.1	87.3016
SKTGIJFO_CDS_2601	OM870970.1	82.9365
SKTGIJFO_CDS_2605	OM870967.1	89.5833
SKTGIJFO_CDS_2605	OM870968.1	89.5833
SKTGIJFO_CDS_2605	OM870970.1	54.1667
SKTGIJFO_CDS_2606	OM870968.1	96.9072
SKTGIJFO_CDS_2606	OM870967.1	96.9072
SKTGIJFO_CDS_2606	OM870970.1	90.0344
SKTGIJFO_CDS_2607	OM870967.1	88.0952
SKTGIJFO_CDS_2607	OM870968.1	88.0952
SKTGIJFO_CDS_2608	OM870967.1	97.992
SKTGIJFO_CDS_2608	OM870968.1	97.992
SKTGIJFO_CDS_2609	OM870970.1	97.0833
SKTGIJFO_CDS_2609	OM870967.1	97.0833
SKTGIJFO_CDS_2610	OM870967.1	96.3964
SKTGIJFO_CDS_2617	OM870968.1	73.7374
SKTGIJFO_CDS_2617	OM870967.1	73.7374
SKTGIJFO_CDS_2619	OM870968.1	98.4709
SKTGIJFO_CDS_2619	OM870969.1	98.4709
SKTGIJFO_CDS_2619	OM870967.1	98.4709
SKTGIJFO_CDS_2620	OM870967.1	93.3333
SKTGIJFO_CDS_2620	OM870968.1	93.3333
SKTGIJFO_CDS_2620	OM870969.1	76.6667
SKTGIJFO_CDS_2631	OM870970.1	98.2993
SKTGIJFO_CDS_2631	OM870968.1	98.2993
SKTGIJFO_CDS_2631	OM870967.1	98.2993
SKTGIJFO_CDS_2631	OM870969.1	94.898
SKTGIJFO_CDS_2635	OM870967.1	97.6852
SKTGIJFO_CDS_2635	OM870968.1	97.2222
SKTGIJFO_CDS_2635	OM870969.1	78.2407
SKTGIJFO_CDS_2635	OM870970.1	78.2407
SKTGIJFO_CDS_2644	OM870968.1	94.964
SKTGIJFO_CDS_2644	OM870967.1	94.964
SKTGIJFO_CDS_2644	OM870970.1	81.5348
SKTGIJFO_CDS_2645	OM870967.1	98.8017
SKTGIJFO_CDS_2645	OM870968.1	98.8017
SKTGIJFO_CDS_2647	OM870967.1	92.7536
SKTGIJFO_CDS_2647	OM870968.1	92.7536
SKTGIJFO_CDS_2648	OM870967.1	86.0759
SKTGIJFO_CDS_2648	OM870968.1	86.0759
SKTGIJFO_CDS_2653	OM870970.1	97.6344
SKTGIJFO_CDS_2653	OM870968.1	97.6344
SKTGIJFO_CDS_2653	OM870967.1	97.6344
SKTGIJFO_CDS_2674	OM870968.1	82.2222
SKTGIJFO_CDS_2674	OM870967.1	82.2222
SKTGIJFO_CDS_2795	OM870968.1	74.1935
SKTGIJFO_CDS_2795	OM870970.1	54.8387
SKTGIJFO_CDS_2795	OM870967.1	54.8387
SKTGIJFO_CDS_2885	OM870969.1	99.3464
SKTGIJFO_CDS_2887	OM870969.1	94.2272
SKTGIJFO_CDS_2887	OQ411628.1	81.378
SKTGIJFO_CDS_2887	OM870967.1	78.0261
SKTGIJFO_CDS_2887	OM870970.1	78.0261
SKTGIJFO_CDS_2887	OM870968.1	78.0261
SKTGIJFO_CDS_2899	OM870969.1	99.3528
SKTGIJFO_CDS_2902	OM870969.1	92.1212
SKTGIJFO_CDS_2903	OM870969.1	98.241
SKTGIJFO_CDS_2915	OM870969.1	86.3248
SKTGIJFO_CDS_2917	OM870969.1	89.5833
SKTGIJFO_CDS_2917	OQ411628.1	82.8125
SKTGIJFO_CDS_2921	OM870969.1	98.895
SKTGIJFO_CDS_2924	OM870969.1	97.7496
SKTGIJFO_CDS_2927	OM870969.1	96.8468
SKTGIJFO_CDS_2927	OM870970.1	96.8468
SKTGIJFO_CDS_2928	OM870969.1	98.3856
SKTGIJFO_CDS_2929	OM870969.1	95.5674
SKTGIJFO_CDS_2933	OM870970.1	88.8889
SKTGIJFO_CDS_2933	OM870969.1	88.8889
SKTGIJFO_CDS_2934	OM870970.1	91.2568
SKTGIJFO_CDS_2934	OM870969.1	91.2568
SKTGIJFO_CDS_2938	OM870969.1	95.5357
SKTGIJFO_CDS_2943	OM870969.1	94.7826
SKTGIJFO_CDS_2943	OQ411628.1	79.1304
SKTGIJFO_CDS_2955	OM870969.1	89.1667
SKTGIJFO_CDS_2964	OM870969.1	87.2659
SKTGIJFO_CDS_2968	OQ411628.1	82.1705
SKTGIJFO_CDS_2968	OM870969.1	82.1705
SKTGIJFO_CDS_2968	OM870968.1	60.4651
SKTGIJFO_CDS_2968	LN610575.1	60.4651
SKTGIJFO_CDS_2968	OM870967.1	60.4651
SKTGIJFO_CDS_2976	OM870969.1	94.0379
SKTGIJFO_CDS_2977	OM870969.1	83.0601
SKTGIJFO_CDS_2977	OQ411628.1	83.0601
SKTGIJFO_CDS_2978	OM870969.1	87.6923
SKTGIJFO_CDS_2979	OM870969.1	92.0635
SKTGIJFO_CDS_2980	OM870969.1	94.6667
SKTGIJFO_CDS_2981	OM870969.1	91.0112
SKTGIJFO_CDS_2982	OM870969.1	94.6565
SKTGIJFO_CDS_2984	OM870969.1	86.9919
SKTGIJFO_CDS_2984	OQ411628.1	84.5528
SKTGIJFO_CDS_2985	OM870969.1	95.7576
SKTGIJFO_CDS_2985	OQ411628.1	77.5758
SKTGIJFO_CDS_2986	OM870969.1	97.8355
SKTGIJFO_CDS_2989	OM870969.1	92.1569
SKTGIJFO_CDS_2990	OM870969.1	82.7957
SKTGIJFO_CDS_2990	OM870967.1	62.3656
SKTGIJFO_CDS_3000	OM870969.1	96.4912
SKTGIJFO_CDS_3000	OM870968.1	86.3158
SKTGIJFO_CDS_3000	OM870967.1	86.3158
SKTGIJFO_CDS_3005	OM870970.1	97.3783
SKTGIJFO_CDS_3005	OM870969.1	97.3783
SKTGIJFO_CDS_3006	OM870969.1	97.5309
SKTGIJFO_CDS_3006	OM870970.1	92.0988
SKTGIJFO_CDS_3006	OQ411628.1	82.4691
SKTGIJFO_CDS_3008	OM870969.1	95.4876
SKTGIJFO_CDS_3025	OM870969.1	96.4029
SKTGIJFO_CDS_3031	OM870969.1	95.3704
SKTGIJFO_CDS_3034	OM870969.1	97.6344
SKTGIJFO_CDS_3050	OM870969.1	97.3896
SKTGIJFO_CDS_3050	LN610587.1	87.751
SKTGIJFO_CDS_3050	LN610575.1	87.751
SKTGIJFO_CDS_3050	OM870967.1	86.5462
SKTGIJFO_CDS_3050	OM870968.1	86.5462
SKTGIJFO_CDS_3050	LN610586.1	86.5462
SKTGIJFO_CDS_3050	OM870970.1	86.5462
SKTGIJFO_CDS_3050	OQ411628.1	83.3333
SKTGIJFO_CDS_3050	LN610572.1	83.3333
SKTGIJFO_CDS_3095	OM870970.1	90.6542
SKTGIJFO_CDS_3099	OM870970.1	93.3333
SKTGIJFO_CDS_3099	LN610587.1	78.9583
SKTGIJFO_CDS_3099	LN610586.1	78.9583
SKTGIJFO_CDS_3099	LN610575.1	78.9583
SKTGIJFO_CDS_3101	OM870970.1	96.9697
SKTGIJFO_CDS_3102	OM870970.1	98.1481
SKTGIJFO_CDS_3106	OM870970.1	99.4048
SKTGIJFO_CDS_3106	OM870967.1	81.5476
SKTGIJFO_CDS_3106	LN610587.1	81.5476
SKTGIJFO_CDS_3106	LN610586.1	81.5476
SKTGIJFO_CDS_3106	OM870969.1	81.5476
SKTGIJFO_CDS_3106	OM870968.1	81.5476
SKTGIJFO_CDS_3106	LN610575.1	81.5476
SKTGIJFO_CDS_3107	OM870970.1	92.9293
SKTGIJFO_CDS_3116	OM870970.1	95.4887
SKTGIJFO_CDS_3118	OM870970.1	96.9317
SKTGIJFO_CDS_3118	OQ411628.1	92.3291
SKTGIJFO_CDS_3122	OM870970.1	97.5309
SKTGIJFO_CDS_3123	OM870970.1	97.695
SKTGIJFO_CDS_3124	OM870970.1	93.7984
SKTGIJFO_CDS_3125	OM870970.1	88.8889
SKTGIJFO_CDS_3125	OM870969.1	79.4239
SKTGIJFO_CDS_3130	OM870970.1	89.6175
SKTGIJFO_CDS_3131	OM870970.1	86.4734
SKTGIJFO_CDS_3134	OM870970.1	98.7952
SKTGIJFO_CDS_3136	OM870970.1	99.6894
SKTGIJFO_CDS_3139	OM870970.1	98.8545
SKTGIJFO_CDS_3162	OM870970.1	91.3194
SKTGIJFO_CDS_3173	OM870970.1	94.8509
SKTGIJFO_CDS_3174	OM870970.1	89.7436
SKTGIJFO_CDS_3176	OM870970.1	90.2357
SKTGIJFO_CDS_3177	OM870970.1	93.7778
SKTGIJFO_CDS_3178	OM870970.1	95.8801
SKTGIJFO_CDS_3179	OM870970.1	94.9109
SKTGIJFO_CDS_3181	OM870970.1	99.1597
SKTGIJFO_CDS_3183	OM870970.1	95.614
SKTGIJFO_CDS_3184	OM870970.1	91.8803
SKTGIJFO_CDS_3186	OM870970.1	92.4945
SKTGIJFO_CDS_3191	OM870970.1	91.8033
SKTGIJFO_CDS_3191	OM870967.1	72.1311
SKTGIJFO_CDS_3191	OM870968.1	72.1311
SKTGIJFO_CDS_3191	OM870969.1	72.1311
SKTGIJFO_CDS_3192	OM870970.1	78.6667
SKTGIJFO_CDS_3194	OM870970.1	86.9565
SKTGIJFO_CDS_3195	OM870970.1	95.3333
SKTGIJFO_CDS_3219	OM870970.1	98.6928
SKTGIJFO_CDS_3228	OM870970.1	99.5864
SKTGIJFO_CDS_3248	OM870970.1	75.5556
SKTGIJFO_CDS_3248	OQ411628.1	65.5556
SKTGIJFO_CDS_3249	OM870970.1	94.8357
SKTGIJFO_CDS_3253	OQ134474.1	99.6565
SKTGIJFO_CDS_3254	OQ134474.1	88.2353
SKTGIJFO_CDS_3255	OQ134474.1	99.3711
SKTGIJFO_CDS_3256	OQ134474.1	98.0716
SKTGIJFO_CDS_3257	OQ134474.1	96.2366
SKTGIJFO_CDS_3258	OQ134474.1	97.284
SKTGIJFO_CDS_3259	OQ134474.1	94.7489
SKTGIJFO_CDS_3260	OQ134474.1	99.4652
SKTGIJFO_CDS_3261	OQ134474.1	97.7477
SKTGIJFO_CDS_3262	OQ134474.1	95.082
SKTGIJFO_CDS_3263	OQ134474.1	96.2517
SKTGIJFO_CDS_3264	OQ134474.1	98.3936
SKTGIJFO_CDS_3265	OQ134474.1	99.2162
SKTGIJFO_CDS_3266	OQ134474.1	98.8648
SKTGIJFO_CDS_3267	OQ134474.1	97.1129
SKTGIJFO_CDS_3268	OQ134474.1	97.669
SKTGIJFO_CDS_3269	OQ134474.1	87.931
SKTGIJFO_CDS_3270	OQ134474.1	85.3801
SKTGIJFO_CDS_3271	OQ134474.1	99.3023
SKTGIJFO_CDS_3272	OQ134474.1	91.3333
SKTGIJFO_CDS_3273	OQ134474.1	96.131
SKTGIJFO_CDS_3274	OQ134474.1	99.202
SKTGIJFO_CDS_3275	OQ134474.1	95
SKTGIJFO_CDS_3276	OQ134474.1	91.3978
SKTGIJFO_CDS_3277	OQ134474.1	96.1905
SKTGIJFO_CDS_3278	OQ134474.1	96.6862
SKTGIJFO_CDS_3279	OQ134474.1	96.7742
SKTGIJFO_CDS_3280	OQ134474.1	86.9792
SKTGIJFO_CDS_3281	OQ134474.1	94.9686
SKTGIJFO_CDS_3282	OQ134474.1	91.5556
SKTGIJFO_CDS_3283	OQ134474.1	98.4746
SKTGIJFO_CDS_3284	OQ134474.1	99.6441
SKTGIJFO_CDS_3285	OQ134474.1	89.5833
SKTGIJFO_CDS_3286	OQ134474.1	95.7393
SKTGIJFO_CDS_3287	OQ134474.1	82.9787
SKTGIJFO_CDS_3288	OQ134474.1	96.7521
SKTGIJFO_CDS_3289	OQ134474.1	99.5795
SKTGIJFO_CDS_3290	OQ134474.1	97.3485
SKTGIJFO_CDS_3291	OQ134474.1	98.7294
SKTGIJFO_CDS_3292	OQ134474.1	99.1035
SKTGIJFO_CDS_3293	OQ134474.1	95.092
SKTGIJFO_CDS_3294	OQ134474.1	97.479
SKTGIJFO_CDS_3295	OQ134474.1	93.8272
SKTGIJFO_CDS_3296	OQ134474.1	97.377
SKTGIJFO_CDS_3297	OQ134474.1	91.9355
SKTGIJFO_CDS_3298	OQ134474.1	92.2078
SKTGIJFO_CDS_3299	OQ134474.1	82.6667
SKTGIJFO_CDS_3300	OQ134474.1	99.4118
SKTGIJFO_CDS_3301	OQ134474.1	97.079
SKTGIJFO_CDS_3302	OQ134474.1	99.8198
SKTGIJFO_CDS_3303	OQ134474.1	95.5343
SKTGIJFO_CDS_3304	OQ134474.1	96.4444
SKTGIJFO_CDS_3305	OQ134474.1	90.7692
SKTGIJFO_CDS_3306	OQ134474.1	97.5845
SKTGIJFO_CDS_3307	OQ134474.1	91.6667
SKTGIJFO_CDS_3308	OQ134474.1	92.4399
SKTGIJFO_CDS_3309	OQ134474.1	85.6322
SKTGIJFO_CDS_3310	OQ134474.1	98.0707
SKTGIJFO_CDS_3311	OQ134474.1	95.7265
SKTGIJFO_CDS_3312	OQ134474.1	97.9592
SKTGIJFO_CDS_3313	OQ134474.1	93.254
SKTGIJFO_CDS_3314	OQ134474.1	93.0348
SKTGIJFO_CDS_3315	OQ134474.1	94.4444
SKTGIJFO_CDS_3316	OQ134474.1	77.7778
SKTGIJFO_CDS_3317	OQ134474.1	76.7677
SKTGIJFO_CDS_3318	OQ134474.1	95.8763
SKTGIJFO_CDS_3319	OQ134474.1	92.8571
SKTGIJFO_CDS_3320	OQ134474.1	88.6667
SKTGIJFO_CDS_3321	OQ134474.1	94.9772
SKTGIJFO_CDS_3322	OQ134474.1	86.9369
SKTGIJFO_CDS_3323	OQ134474.1	84.3137
SKTGIJFO_CDS_3324	OQ134474.1	88.5522
SKTGIJFO_CDS_3325	OQ134474.1	91.2621
SKTGIJFO_CDS_3326	OQ134474.1	94.4444
SKTGIJFO_CDS_3327	OQ134474.1	95.7265
SKTGIJFO_CDS_3328	OQ134474.1	94.3723
SKTGIJFO_CDS_3329	OQ134474.1	93.75
SKTGIJFO_CDS_3330	OQ134474.1	76.087
SKTGIJFO_CDS_3331	OQ134474.1	90.5882
SKTGIJFO_CDS_3332	OQ134474.1	90.0585
SKTGIJFO_CDS_3333	OQ134474.1	72.2222
SKTGIJFO_CDS_3334	OQ134474.1	96.1598
SKTGIJFO_CDS_3335	OQ134474.1	84.058
SKTGIJFO_CDS_3336	OQ134474.1	91.9094
SKTGIJFO_CDS_3337	OQ134474.1	92.7536
SKTGIJFO_CDS_3338	OQ134474.1	90.1408
SKTGIJFO_CDS_3339	OQ134474.1	97.6852
SKTGIJFO_CDS_3340	OQ134474.1	93.75
SKTGIJFO_CDS_3341	OQ134474.1	97.9798
SKTGIJFO_CDS_3342	OQ134474.1	98.9716
SKTGIJFO_CDS_3343	OQ134474.1	98.7755
SKTGIJFO_CDS_3344	OQ134474.1	97.2813
SKTGIJFO_CDS_3345	OQ134474.1	99.2664
SKTGIJFO_CDS_3346	OQ134474.1	92.9204
SKTGIJFO_CDS_3347	OQ134474.1	97.7157
SKTGIJFO_CDS_3348	OQ134474.1	99.4167
SKTGIJFO_CDS_3349	OQ134474.1	95.9459
SKTGIJFO_CDS_3350	OQ134474.1	98.7578
SKTGIJFO_CDS_3351	OQ134474.1	99.6851
SKTGIJFO_CDS_3352	OQ134474.1	95.0855
SKTGIJFO_CDS_3353	OQ134474.1	99.1351
SKTGIJFO_CDS_3354	OQ134474.1	94.9097
SKTGIJFO_CDS_3355	OQ411628.1	89.2857
SKTGIJFO_CDS_3356	OQ411628.1	93.8967
SKTGIJFO_CDS_3357	OQ411628.1	88.1226
SKTGIJFO_CDS_3360	OQ411628.1	94.6237
SKTGIJFO_CDS_3373	OQ411628.1	75.6757
SKTGIJFO_CDS_3373	OM870970.1	65.7658
SKTGIJFO_CDS_3377	OQ411628.1	96.0227
SKTGIJFO_CDS_3399	OQ411628.1	97.3753
SKTGIJFO_CDS_3400	OQ411628.1	98.0392
SKTGIJFO_CDS_3404	OQ411628.1	99.1803
SKTGIJFO_CDS_3406	OQ411628.1	99.3197
SKTGIJFO_CDS_3407	OQ411628.1	94.9333
SKTGIJFO_CDS_3415	OQ411628.1	93.2692
SKTGIJFO_CDS_3416	OQ411628.1	95.0156
SKTGIJFO_CDS_3417	OQ411628.1	98.155
SKTGIJFO_CDS_3418	OQ411628.1	89.0909
SKTGIJFO_CDS_3419	OQ411628.1	98.4252
SKTGIJFO_CDS_3420	OQ411628.1	87.1795
SKTGIJFO_CDS_3423	OQ411628.1	82.9457
SKTGIJFO_CDS_3424	OQ411628.1	95.9596
SKTGIJFO_CDS_3425	OQ411628.1	94.7761
SKTGIJFO_CDS_3426	OQ411628.1	92.1569
SKTGIJFO_CDS_3427	OQ411628.1	95.8974
SKTGIJFO_CDS_3428	OQ411628.1	97.9751
SKTGIJFO_CDS_3429	OQ411628.1	89.2857
SKTGIJFO_CDS_3430	OQ411628.1	94.0594
SKTGIJFO_CDS_3431	OQ411628.1	92.6714
SKTGIJFO_CDS_3434	OQ411628.1	94.3089
SKTGIJFO_CDS_3434	OM870969.1	75.6098
SKTGIJFO_CDS_3437	OQ411628.1	99.403
SKTGIJFO_CDS_3438	OQ411628.1	88.5417
SKTGIJFO_CDS_3443	OQ411628.1	97.2139
SKTGIJFO_CDS_3444	OQ411628.1	91.453
SKTGIJFO_CDS_3445	OQ411628.1	95.5556
SKTGIJFO_CDS_3446	OQ411628.1	97.7208
SKTGIJFO_CDS_3447	OQ411628.1	94.1489
SKTGIJFO_CDS_3448	OQ411628.1	97.6744
SKTGIJFO_CDS_3449	OQ411628.1	89.8551
SKTGIJFO_CDS_3450	OQ411628.1	95.2055
SKTGIJFO_CDS_3452	OQ411628.1	96.2821
SKTGIJFO_CDS_3458	OQ411628.1	92.4731
SKTGIJFO_CDS_3462	OQ411628.1	98.7687
SKTGIJFO_CDS_3463	OQ411628.1	99.4273
SKTGIJFO_CDS_3464	OQ411628.1	98.1481
SKTGIJFO_CDS_3465	OQ411628.1	96.4052
SKTGIJFO_CDS_3466	OQ411628.1	91.8919
SKTGIJFO_CDS_3467	OQ411628.1	97.0464
SKTGIJFO_CDS_3468	OQ411628.1	93.3333
SKTGIJFO_CDS_3469	OQ411628.1	95.873
SKTGIJFO_CDS_3470	OQ411628.1	85.0746
SKTGIJFO_CDS_3471	OQ411628.1	95.5285
SKTGIJFO_CDS_3472	OQ411628.1	97.4206
SKTGIJFO_CDS_3474	OQ411628.1	92.2078
SKTGIJFO_CDS_3477	OQ411628.1	75.6098
SKTGIJFO_CDS_3477	LN610586.1	60.1626
SKTGIJFO_CDS_3477	LN610587.1	60.1626
SKTGIJFO_CDS_3477	LN610572.1	60.1626
SKTGIJFO_CDS_3480	OQ411628.1	92.6471
SKTGIJFO_CDS_3481	OQ411628.1	97.4843
SKTGIJFO_CDS_3482	OQ411628.1	92.1348
SKTGIJFO_CDS_3483	OQ411628.1	100
SKTGIJFO_CDS_3496	OQ411628.1	95.6229
SKTGIJFO_CDS_3497	OQ411628.1	91.5556
SKTGIJFO_CDS_3499	OQ411628.1	95.6743
SKTGIJFO_CDS_3500	OQ411628.1	98.6667
SKTGIJFO_CDS_3500	LN610587.1	80.5926
SKTGIJFO_CDS_3500	LN610575.1	80.5926
SKTGIJFO_CDS_3500	LN610572.1	80.5926
SKTGIJFO_CDS_3500	LN610586.1	80.5926
SKTGIJFO_CDS_3503	OQ411628.1	93.5743
SKTGIJFO_CDS_3504	OQ411628.1	99.031
SKTGIJFO_CDS_3507	OQ411628.1	94.4444
SKTGIJFO_CDS_3508	OQ411628.1	92.8205
SKTGIJFO_CDS_3509	OQ411628.1	90.9091
SKTGIJFO_CDS_3510	OQ411628.1	94.5578
SKTGIJFO_CDS_3511	OQ411628.1	97.4026
SKTGIJFO_CDS_3512	OQ411628.1	89.9306
SKTGIJFO_CDS_3513	OQ411628.1	94.8052
SKTGIJFO_CDS_3514	OQ411628.1	92.2764
SKTGIJFO_CDS_3514	OM870968.1	83.7398
SKTGIJFO_CDS_3514	OM870967.1	83.7398
SKTGIJFO_CDS_3514	OM870970.1	83.7398
SKTGIJFO_CDS_3515	OQ411628.1	94.7368
SKTGIJFO_CDS_3516	OQ411628.1	78.5185
SKTGIJFO_CDS_3519	OQ411628.1	85.4167
SKTGIJFO_CDS_3520	OQ411628.1	87.0748
SKTGIJFO_CDS_3522	OQ411628.1	92.517
SKTGIJFO_CDS_3530	OQ411628.1	95.4876
SKTGIJFO_CDS_3531	OQ411628.1	96.0993
SKTGIJFO_CDS_3534	OQ411628.1	87.963
SKTGIJFO_CDS_3536	OQ411628.1	97.2222
SKTGIJFO_CDS_3538	OQ411628.1	95.3608
SKTGIJFO_CDS_3541	OQ411628.1	94.5833
SKTGIJFO_CDS_3545	OQ411628.1	98.516
SKTGIJFO_CDS_3546	OQ411628.1	95.9524
SKTGIJFO_CDS_3547	OQ411628.1	99.6732
SKTGIJFO_CDS_3555	OQ411628.1	97.619
SKTGIJFO_CDS_3556	OQ411628.1	98.4285
SKTGIJFO_CDS_3558	PP456879.1	96.6771
SKTGIJFO_CDS_3558	PP456877.1	96.6771
SKTGIJFO_CDS_3558	PP456878.1	96.6771
SKTGIJFO_CDS_3559	PP456877.1	99.1843
SKTGIJFO_CDS_3559	PP456879.1	98.5539
SKTGIJFO_CDS_3560	PP456879.1	99.1561
SKTGIJFO_CDS_3560	PP456877.1	99.1561
SKTGIJFO_CDS_3560	PP456878.1	99.1561
SKTGIJFO_CDS_3561	PP456877.1	98.8858
SKTGIJFO_CDS_3561	PP456879.1	98.2823
SKTGIJFO_CDS_3561	PP456878.1	93.0362
SKTGIJFO_CDS_3562	PP456879.1	91.0112
SKTGIJFO_CDS_3562	PP456877.1	91.0112
SKTGIJFO_CDS_3563	PP456877.1	84.2767
SKTGIJFO_CDS_3564	PP456877.1	91.6667
SKTGIJFO_CDS_3565	PP456877.1	90.7407
SKTGIJFO_CDS_3566	PP456877.1	80.303
SKTGIJFO_CDS_3566	PP456878.1	80.303
SKTGIJFO_CDS_3566	PP456879.1	80.303
SKTGIJFO_CDS_3567	PP456878.1	92.2481
SKTGIJFO_CDS_3567	PP456879.1	92.2481
SKTGIJFO_CDS_3567	PP456877.1	92.2481
SKTGIJFO_CDS_3568	PP456878.1	80.1418
SKTGIJFO_CDS_3568	PP456879.1	80.1418
SKTGIJFO_CDS_3568	PP456877.1	80.1418
SKTGIJFO_CDS_3569	PP456878.1	95.5752
SKTGIJFO_CDS_3569	PP456877.1	95.5752
SKTGIJFO_CDS_3569	PP456879.1	95.5752
SKTGIJFO_CDS_3570	PP456878.1	92.8105
SKTGIJFO_CDS_3570	PP456877.1	92.8105
SKTGIJFO_CDS_3570	PP456879.1	92.8105
SKTGIJFO_CDS_3571	PP456877.1	95.1389
SKTGIJFO_CDS_3572	PP456877.1	93.8095
SKTGIJFO_CDS_3572	PP456878.1	82.381
SKTGIJFO_CDS_3572	PP456879.1	76.1905
SKTGIJFO_CDS_3573	PP456877.1	95.1515
SKTGIJFO_CDS_3573	PP456878.1	86.6667
SKTGIJFO_CDS_3573	PP456879.1	84.8485
SKTGIJFO_CDS_3574	PP456877.1	95.9288
SKTGIJFO_CDS_3574	PP456878.1	90.0763
SKTGIJFO_CDS_3575	PP456877.1	83.3333
SKTGIJFO_CDS_3575	PP456879.1	83.3333
SKTGIJFO_CDS_3575	PP456878.1	83.3333
SKTGIJFO_CDS_3576	PP456877.1	98.125
SKTGIJFO_CDS_3576	PP456879.1	95.625
SKTGIJFO_CDS_3576	PP456878.1	91.0417
SKTGIJFO_CDS_3577	PP456877.1	96.1969
SKTGIJFO_CDS_3578	PP456877.1	81.1111
SKTGIJFO_CDS_3579	PP456877.1	98.0492
SKTGIJFO_CDS_3580	PP456877.1	96.8491
SKTGIJFO_CDS_3581	PP456877.1	86.5079
SKTGIJFO_CDS_3582	PP456877.1	95.7393
SKTGIJFO_CDS_3583	PP456877.1	100
SKTGIJFO_CDS_3584	PP456877.1	94.302
SKTGIJFO_CDS_3585	PP456877.1	98.0769
SKTGIJFO_CDS_3586	PP456877.1	96.9349
SKTGIJFO_CDS_3587	PP456877.1	95.1952
SKTGIJFO_CDS_3588	PP456877.1	90.9524
SKTGIJFO_CDS_3589	PP456877.1	94.5736
SKTGIJFO_CDS_3590	PP456877.1	97.4806
SKTGIJFO_CDS_3591	PP456877.1	94.321
SKTGIJFO_CDS_3592	PP456877.1	96.3602
SKTGIJFO_CDS_3593	PP456877.1	96.6469
SKTGIJFO_CDS_3593	PP456879.1	85.4043
SKTGIJFO_CDS_3593	PP456878.1	81.6568
SKTGIJFO_CDS_3594	PP456877.1	95.2137
SKTGIJFO_CDS_3594	PP456878.1	89.2308
SKTGIJFO_CDS_3594	PP456879.1	88.8889
SKTGIJFO_CDS_3595	PP456877.1	98.4615
SKTGIJFO_CDS_3595	PP456878.1	98.4615
SKTGIJFO_CDS_3595	PP456879.1	98.4615
SKTGIJFO_CDS_3596	PP456879.1	86.0215
SKTGIJFO_CDS_3596	PP456878.1	86.0215
SKTGIJFO_CDS_3596	PP456877.1	86.0215
SKTGIJFO_CDS_3597	PP456878.1	98.7607
SKTGIJFO_CDS_3597	PP456877.1	98.7607
SKTGIJFO_CDS_3597	PP456879.1	97.7778
SKTGIJFO_CDS_3598	PP456877.1	85.4167
SKTGIJFO_CDS_3598	PP456878.1	85.4167
SKTGIJFO_CDS_3598	PP456879.1	85.4167
SKTGIJFO_CDS_3599	PP456877.1	98.5395
SKTGIJFO_CDS_3599	PP456878.1	96.9931
SKTGIJFO_CDS_3599	PP456879.1	96.9931
SKTGIJFO_CDS_3600	PP456879.1	99.2754
SKTGIJFO_CDS_3600	PP456877.1	99.2754
SKTGIJFO_CDS_3600	PP456878.1	99.2754
SKTGIJFO_CDS_3601	PP456877.1	98.706
SKTGIJFO_CDS_3601	PP456879.1	98.2402
SKTGIJFO_CDS_3601	PP456878.1	98.2402
SKTGIJFO_CDS_3602	PP456878.1	85.7143
SKTGIJFO_CDS_3602	PP456879.1	85.7143
SKTGIJFO_CDS_3602	PP456877.1	85.7143
SKTGIJFO_CDS_3603	PP456878.1	96.9095
SKTGIJFO_CDS_3603	PP456879.1	96.9095
SKTGIJFO_CDS_3603	PP456877.1	96.9095
SKTGIJFO_CDS_3604	PP456877.1	96.9388
SKTGIJFO_CDS_3604	PP456878.1	87.415
SKTGIJFO_CDS_3605	PP456879.1	96.8468
SKTGIJFO_CDS_3605	PP456878.1	96.8468
SKTGIJFO_CDS_3605	PP456877.1	96.8468
SKTGIJFO_CDS_3606	PP456878.1	93.0556
SKTGIJFO_CDS_3606	PP456877.1	93.0556
SKTGIJFO_CDS_3606	PP456879.1	84.0278
SKTGIJFO_CDS_3607	PP456877.1	93.1034
SKTGIJFO_CDS_3607	PP456878.1	93.1034
SKTGIJFO_CDS_3607	PP456879.1	93.1034
SKTGIJFO_CDS_3608	PP456877.1	98.1262
SKTGIJFO_CDS_3609	PP456877.1	98.9087
SKTGIJFO_CDS_3609	PP456879.1	96.2302
SKTGIJFO_CDS_3609	PP456878.1	86.1111
SKTGIJFO_CDS_3610	PP456877.1	80.1802
SKTGIJFO_CDS_3610	PP456879.1	80.1802
SKTGIJFO_CDS_3610	PP456878.1	80.1802
SKTGIJFO_CDS_3611	PP456877.1	97.271
SKTGIJFO_CDS_3611	PP456879.1	84.0156
SKTGIJFO_CDS_3611	PP456878.1	84.0156
SKTGIJFO_CDS_3612	PP456878.1	91.9355
SKTGIJFO_CDS_3612	PP456879.1	91.9355
SKTGIJFO_CDS_3612	PP456877.1	91.9355
SKTGIJFO_CDS_3613	PP456877.1	97.9381
SKTGIJFO_CDS_3613	PP456878.1	93.1271
SKTGIJFO_CDS_3613	PP456879.1	93.1271
SKTGIJFO_CDS_3614	PP456879.1	89.7436
SKTGIJFO_CDS_3614	PP456877.1	89.7436
SKTGIJFO_CDS_3614	PP456878.1	89.7436
SKTGIJFO_CDS_3615	PP456877.1	81.3008
SKTGIJFO_CDS_3615	PP456878.1	65.8537
SKTGIJFO_CDS_3615	PP456879.1	65.8537
SKTGIJFO_CDS_3616	PP456877.1	97.1429
SKTGIJFO_CDS_3616	PP456879.1	97.1429
SKTGIJFO_CDS_3616	PP456878.1	97.1429
SKTGIJFO_CDS_3617	PP456877.1	89.9471
SKTGIJFO_CDS_3617	PP456879.1	76.7196
SKTGIJFO_CDS_3617	PP456878.1	76.7196
SKTGIJFO_CDS_3618	PP456877.1	91.5254
SKTGIJFO_CDS_3619	PP456877.1	91.2409
SKTGIJFO_CDS_3620	PP456877.1	95.8974
SKTGIJFO_CDS_3621	PP456877.1	95.4479
SKTGIJFO_CDS_3622	PP456879.1	80
SKTGIJFO_CDS_3622	PP456877.1	80
SKTGIJFO_CDS_3622	PP456878.1	73.3333
SKTGIJFO_CDS_3623	PP456877.1	96.9868
SKTGIJFO_CDS_3623	PP456878.1	92.8437
SKTGIJFO_CDS_3624	PP456877.1	96.8579
SKTGIJFO_CDS_3624	PP456879.1	90.5738
SKTGIJFO_CDS_3624	PP456878.1	90.5738
SKTGIJFO_CDS_3625	PP456877.1	90.3704
SKTGIJFO_CDS_3626	PP456877.1	90.7104
SKTGIJFO_CDS_3627	PP456877.1	92.6509
SKTGIJFO_CDS_3627	PP456879.1	88.4514
SKTGIJFO_CDS_3627	PP456878.1	82.6772
SKTGIJFO_CDS_3628	PP456877.1	92.5121
SKTGIJFO_CDS_3628	PP456879.1	88.1643
SKTGIJFO_CDS_3629	PP456877.1	95.5657
SKTGIJFO_CDS_3629	PP456879.1	95.5657
SKTGIJFO_CDS_3629	PP456878.1	80.1223
SKTGIJFO_CDS_3630	PP456877.1	77.4194
SKTGIJFO_CDS_3630	PP456879.1	77.4194
SKTGIJFO_CDS_3630	PP456878.1	64.5161
SKTGIJFO_CDS_3631	PP456877.1	91.0053
SKTGIJFO_CDS_3631	PP456879.1	91.0053
SKTGIJFO_CDS_3632	PP456877.1	99.738
SKTGIJFO_CDS_3632	PP456879.1	98.7557
SKTGIJFO_CDS_3632	PP456878.1	97.7079
SKTGIJFO_CDS_3633	PP456879.1	98.7277
SKTGIJFO_CDS_3633	PP456877.1	98.7277
SKTGIJFO_CDS_3633	PP456878.1	97.0738
SKTGIJFO_CDS_3634	PP456878.1	98.1672
SKTGIJFO_CDS_3634	PP456879.1	98.1672
SKTGIJFO_CDS_3634	PP456877.1	98.1672
SKTGIJFO_CDS_3635	PP456878.1	97.1751
SKTGIJFO_CDS_3635	PP456877.1	97.1751
SKTGIJFO_CDS_3635	PP456879.1	97.1751
SKTGIJFO_CDS_3636	PP456877.1	96.5591
SKTGIJFO_CDS_3636	PP456879.1	96.5591
SKTGIJFO_CDS_3636	PP456878.1	81.2903
SKTGIJFO_CDS_3637	PP456879.1	98.062
SKTGIJFO_CDS_3637	PP456877.1	98.062
SKTGIJFO_CDS_3638	PP456879.1	90.4762
SKTGIJFO_CDS_3638	PP456877.1	90.4762
SKTGIJFO_CDS_3638	PP456878.1	90.4762
SKTGIJFO_CDS_3639	PP456877.1	95
SKTGIJFO_CDS_3639	PP456879.1	95
SKTGIJFO_CDS_3639	PP456878.1	93.8889
SKTGIJFO_CDS_3640	PP456878.1	96.4912
SKTGIJFO_CDS_3640	PP456877.1	96.4912
SKTGIJFO_CDS_3640	PP456879.1	96.4912
SKTGIJFO_CDS_3641	PP456879.1	99.1342
SKTGIJFO_CDS_3641	PP456877.1	99.1342
SKTGIJFO_CDS_3641	PP456878.1	93.9394
SKTGIJFO_CDS_3642	PP456877.1	95.2381
SKTGIJFO_CDS_3642	PP456879.1	95.2381
SKTGIJFO_CDS_3642	PP456878.1	87.9819
SKTGIJFO_CDS_3643	PP456879.1	94.6667
SKTGIJFO_CDS_3643	PP456877.1	94.6667
SKTGIJFO_CDS_3643	PP456878.1	90
SKTGIJFO_CDS_3644	PP456877.1	95.7854
SKTGIJFO_CDS_3644	PP456879.1	95.7854
SKTGIJFO_CDS_3645	PP456877.1	94.1667
SKTGIJFO_CDS_3645	PP456879.1	94.1667
SKTGIJFO_CDS_3646	PP456877.1	92.9167
SKTGIJFO_CDS_3646	PP456879.1	92.9167
SKTGIJFO_CDS_3646	PP456878.1	92.9167
SKTGIJFO_CDS_3647	PP456877.1	97.9622
SKTGIJFO_CDS_3647	PP456879.1	97.9622
SKTGIJFO_CDS_3647	PP456878.1	97.9622
SKTGIJFO_CDS_3648	PP456877.1	96.4286
SKTGIJFO_CDS_3648	PP456879.1	96.4286
SKTGIJFO_CDS_3648	PP456878.1	96.4286
SKTGIJFO_CDS_3649	PP456877.1	98.3471
SKTGIJFO_CDS_3649	PP456879.1	98.3471
SKTGIJFO_CDS_3649	PP456878.1	98.3471
SKTGIJFO_CDS_3650	PP456877.1	93.9153
SKTGIJFO_CDS_3650	PP456879.1	93.9153
SKTGIJFO_CDS_3650	PP456878.1	93.9153
SKTGIJFO_CDS_3651	PP456879.1	89.2019
SKTGIJFO_CDS_3651	PP456878.1	89.2019
SKTGIJFO_CDS_3651	PP456877.1	89.2019
SKTGIJFO_CDS_3652	PP456878.1	95.0495
SKTGIJFO_CDS_3652	PP456879.1	95.0495
SKTGIJFO_CDS_3652	PP456877.1	95.0495
SKTGIJFO_CDS_3653	PP456877.1	89.5425
SKTGIJFO_CDS_3653	PP456879.1	89.5425
SKTGIJFO_CDS_3653	PP456878.1	75.817
SKTGIJFO_CDS_3654	PP456879.1	92.4092
SKTGIJFO_CDS_3654	PP456877.1	92.4092
SKTGIJFO_CDS_3654	PP456878.1	92.4092
SKTGIJFO_CDS_3655	PP456879.1	92.1296
SKTGIJFO_CDS_3655	PP456877.1	92.1296
SKTGIJFO_CDS_3655	PP456878.1	92.1296
SKTGIJFO_CDS_3656	PP456878.1	96.4206
SKTGIJFO_CDS_3656	PP456879.1	96.4206
SKTGIJFO_CDS_3656	PP456877.1	96.4206
SKTGIJFO_CDS_3657	PP456879.1	94.6128
SKTGIJFO_CDS_3657	PP456877.1	94.6128
SKTGIJFO_CDS_3657	PP456878.1	76.431
SKTGIJFO_CDS_3658	PP456877.1	95.4762
SKTGIJFO_CDS_3658	PP456879.1	91.9048
SKTGIJFO_CDS_3659	PP456877.1	94.6237
SKTGIJFO_CDS_3659	PP456879.1	94.6237
SKTGIJFO_CDS_3660	PP456879.1	92.735
SKTGIJFO_CDS_3660	PP456877.1	92.735
SKTGIJFO_CDS_3661	PP456879.1	89.2019
SKTGIJFO_CDS_3661	PP456877.1	89.2019
SKTGIJFO_CDS_3662	PP456877.1	84.4444
SKTGIJFO_CDS_3662	PP456879.1	84.4444
SKTGIJFO_CDS_3663	PP456877.1	93.5714
SKTGIJFO_CDS_3663	PP456879.1	93.5714
SKTGIJFO_CDS_3664	PP456879.1	95.4802
SKTGIJFO_CDS_3664	PP456877.1	95.4802
SKTGIJFO_CDS_3665	PP456877.1	95.3586
SKTGIJFO_CDS_3665	PP456879.1	93.038
SKTGIJFO_CDS_3666	PP456877.1	99.0805
SKTGIJFO_CDS_3667	PP456877.1	95.4667
SKTGIJFO_CDS_3668	PP456877.1	97.3799
SKTGIJFO_CDS_3669	PP456877.1	88.3117
SKTGIJFO_CDS_3670	PP456877.1	94.9227
SKTGIJFO_CDS_3671	PP456877.1	98.9333
SKTGIJFO_CDS_3672	PP456877.1	85.1852
SKTGIJFO_CDS_3673	PP456877.1	90
SKTGIJFO_CDS_3673	PP456879.1	73.3333
SKTGIJFO_CDS_3673	PP456878.1	73.3333
SKTGIJFO_CDS_3674	PP456877.1	97.8836
SKTGIJFO_CDS_3674	PP456879.1	97.8836
SKTGIJFO_CDS_3674	PP456878.1	93.1217
SKTGIJFO_CDS_3675	PP456877.1	97.1491
SKTGIJFO_CDS_3675	PP456879.1	97.1491
SKTGIJFO_CDS_3675	PP456878.1	97.1491
SKTGIJFO_CDS_3676	PP456878.1	95.0521
SKTGIJFO_CDS_3676	PP456877.1	95.0521
SKTGIJFO_CDS_3676	PP456879.1	89.3229
SKTGIJFO_CDS_3677	PP456878.1	96.7296
SKTGIJFO_CDS_3677	PP456877.1	96.7296
SKTGIJFO_CDS_3678	PP456877.1	93.6111
SKTGIJFO_CDS_3678	PP456878.1	93.6111
SKTGIJFO_CDS_3679	PP456878.1	94.8529
SKTGIJFO_CDS_3679	PP456879.1	94.8529
SKTGIJFO_CDS_3679	PP456877.1	94.8529
SKTGIJFO_CDS_3680	PP456877.1	88.2576
SKTGIJFO_CDS_3680	PP456879.1	88.2576
SKTGIJFO_CDS_3680	PP456878.1	88.2576
SKTGIJFO_CDS_3681	PP456878.1	98.0213
SKTGIJFO_CDS_3681	PP456877.1	98.0213
SKTGIJFO_CDS_3681	PP456879.1	98.0213
SKTGIJFO_CDS_3682	PP456877.1	97.931
SKTGIJFO_CDS_3682	PP456878.1	97.931
SKTGIJFO_CDS_3682	PP456879.1	97.931
SKTGIJFO_CDS_3683	PP456877.1	94.958
SKTGIJFO_CDS_3683	PP456878.1	94.958
SKTGIJFO_CDS_3683	PP456879.1	94.958
SKTGIJFO_CDS_3685	PP456877.1	97.2603
SKTGIJFO_CDS_3685	PP456879.1	87.8995
SKTGIJFO_CDS_3685	PP456878.1	87.8995
SKTGIJFO_CDS_3686	PP456877.1	96.3636
SKTGIJFO_CDS_3687	PP456877.1	99.3789
SKTGIJFO_CDS_3688	PP456877.1	95.082
SKTGIJFO_CDS_3689	PP456879.1	84.5528
SKTGIJFO_CDS_3689	PP456878.1	84.5528
SKTGIJFO_CDS_3689	PP456877.1	84.5528
SKTGIJFO_CDS_3690	PP456877.1	95.5782
SKTGIJFO_CDS_3690	PP456878.1	91.4966
SKTGIJFO_CDS_3690	PP456879.1	91.4966
SKTGIJFO_CDS_3691	PP456877.1	93.014
SKTGIJFO_CDS_3691	PP456879.1	88.8224
SKTGIJFO_CDS_3691	PP456878.1	87.8244
SKTGIJFO_CDS_3692	PP456877.1	96.8825
SKTGIJFO_CDS_3693	PP456878.1	95.8333
SKTGIJFO_CDS_3693	PP456877.1	95.8333
SKTGIJFO_CDS_3693	PP456879.1	89.7059
SKTGIJFO_CDS_3694	PP456878.1	87.5
SKTGIJFO_CDS_3694	PP456877.1	87.5
SKTGIJFO_CDS_3695	PP456877.1	99.591
SKTGIJFO_CDS_3695	PP456878.1	96.1827
SKTGIJFO_CDS_3696	PP456877.1	92.0398
SKTGIJFO_CDS_3696	PP456879.1	91.5423
SKTGIJFO_CDS_3696	PP456878.1	73.1343
SKTGIJFO_CDS_3697	PP456877.1	97.619
SKTGIJFO_CDS_3698	PP456877.1	97.0339
SKTGIJFO_CDS_3698	PP456878.1	85.0282
SKTGIJFO_CDS_3698	PP456879.1	78.1073
SKTGIJFO_CDS_3699	PP456877.1	94.186
SKTGIJFO_CDS_3699	PP456879.1	94.186
SKTGIJFO_CDS_3700	PP456879.1	99.0099
SKTGIJFO_CDS_3700	PP456877.1	99.0099
SKTGIJFO_CDS_3700	PP456878.1	87.6788
SKTGIJFO_CDS_3701	PP456878.1	95.5128
SKTGIJFO_CDS_3701	PP456877.1	95.5128
SKTGIJFO_CDS_3701	PP456879.1	92.3077
SKTGIJFO_CDS_3702	PP456877.1	74.1935
SKTGIJFO_CDS_3702	PP456878.1	74.1935
SKTGIJFO_CDS_3702	PP456879.1	74.1935
SKTGIJFO_CDS_3703	PP456878.1	97.2973
SKTGIJFO_CDS_3703	PP456879.1	97.2973
SKTGIJFO_CDS_3703	PP456877.1	97.2973
SKTGIJFO_CDS_3704	PP456878.1	97.2509
SKTGIJFO_CDS_3704	PP456879.1	97.2509
SKTGIJFO_CDS_3704	PP456877.1	97.2509
SKTGIJFO_CDS_3705	PP456878.1	95.9119
SKTGIJFO_CDS_3705	PP456877.1	95.9119
SKTGIJFO_CDS_3705	PP456879.1	95.9119
SKTGIJFO_CDS_3706	PP456877.1	97.2678
SKTGIJFO_CDS_3706	PP456878.1	97.2678
SKTGIJFO_CDS_3706	PP456879.1	97.2678
SKTGIJFO_CDS_3707	PP456877.1	95.3333
SKTGIJFO_CDS_3707	PP456879.1	91.3333
SKTGIJFO_CDS_3707	PP456878.1	90.5
SKTGIJFO_CDS_3708	PP456877.1	96.3178
SKTGIJFO_CDS_3708	PP456879.1	96.3178
SKTGIJFO_CDS_3708	PP456878.1	94.3798
SKTGIJFO_CDS_3709	PP456877.1	89.697
SKTGIJFO_CDS_3709	PP456879.1	88.4848
SKTGIJFO_CDS_3709	PP456878.1	81.8182
SKTGIJFO_CDS_3710	PP456879.1	88.7006
SKTGIJFO_CDS_3710	PP456877.1	88.7006
SKTGIJFO_CDS_3710	PP456878.1	78.5311
SKTGIJFO_CDS_3711	PP456879.1	96.092
SKTGIJFO_CDS_3711	PP456877.1	96.092
SKTGIJFO_CDS_3711	PP456878.1	96.092
SKTGIJFO_CDS_3712	PP456879.1	92.4812
SKTGIJFO_CDS_3712	PP456878.1	92.4812
SKTGIJFO_CDS_3712	PP456877.1	92.4812
SKTGIJFO_CDS_3713	PP456878.1	79.798
SKTGIJFO_CDS_3713	PP456877.1	79.798
SKTGIJFO_CDS_3713	PP456879.1	79.798
SKTGIJFO_CDS_3714	PP456877.1	93.0931
SKTGIJFO_CDS_3714	PP456878.1	93.0931
SKTGIJFO_CDS_3714	PP456879.1	93.0931
SKTGIJFO_CDS_3715	PP456877.1	99.4253
SKTGIJFO_CDS_3715	PP456878.1	94.8276
SKTGIJFO_CDS_3715	PP456879.1	88.2184
SKTGIJFO_CDS_3716	PP456877.1	95.1168
SKTGIJFO_CDS_3716	PP456879.1	80.2548
SKTGIJFO_CDS_3716	PP456878.1	80.2548
SKTGIJFO_CDS_3717	PP456877.1	99.2063
SKTGIJFO_CDS_3718	PP456879.1	93
SKTGIJFO_CDS_3718	PP456877.1	93
SKTGIJFO_CDS_3718	PP456878.1	89.6667
SKTGIJFO_CDS_3719	PP456877.1	91.6667
SKTGIJFO_CDS_3719	PP456879.1	79.1667
SKTGIJFO_CDS_3719	PP456878.1	79.1667
SKTGIJFO_CDS_3720	PP456878.1	88.5417
SKTGIJFO_CDS_3720	PP456879.1	88.5417
SKTGIJFO_CDS_3720	PP456877.1	88.5417
SKTGIJFO_CDS_3721	PP456877.1	96.6457
SKTGIJFO_CDS_3721	PP456878.1	92.2432
SKTGIJFO_CDS_3721	PP456879.1	92.2432
SKTGIJFO_CDS_3722	PP456877.1	92.4051
SKTGIJFO_CDS_3722	PP456878.1	92.4051
SKTGIJFO_CDS_3722	PP456879.1	92.4051
SKTGIJFO_CDS_3723	PP456879.1	94.7368
SKTGIJFO_CDS_3723	PP456877.1	94.7368
SKTGIJFO_CDS_3723	PP456878.1	94.7368
SKTGIJFO_CDS_3724	PP456877.1	99.8179
SKTGIJFO_CDS_3724	PP456878.1	99.8179
SKTGIJFO_CDS_3724	PP456879.1	99.8179
SKTGIJFO_CDS_3725	PP456877.1	96.2319
SKTGIJFO_CDS_3725	PP456878.1	96.2319
SKTGIJFO_CDS_3725	PP456879.1	90.4348
SKTGIJFO_CDS_3726	PP456878.1	97.619
SKTGIJFO_CDS_3726	PP456877.1	97.619
SKTGIJFO_CDS_3726	PP456879.1	95
SKTGIJFO_CDS_3727	PP456879.1	88.0952
SKTGIJFO_CDS_3727	PP456877.1	88.0952
SKTGIJFO_CDS_3727	PP456878.1	88.0952
SKTGIJFO_CDS_3728	PP456877.1	92.1212
SKTGIJFO_CDS_3728	PP456879.1	92.1212
SKTGIJFO_CDS_3728	PP456878.1	92.1212
SKTGIJFO_CDS_3729	PP456877.1	79.3651
SKTGIJFO_CDS_3729	PP456879.1	79.3651
SKTGIJFO_CDS_3729	PP456878.1	79.3651
SKTGIJFO_CDS_3730	PP456877.1	92.1922
SKTGIJFO_CDS_3730	PP456879.1	92.1922
SKTGIJFO_CDS_3730	PP456878.1	88.5886
SKTGIJFO_CDS_3731	PP456879.1	96.0199
SKTGIJFO_CDS_3731	PP456878.1	96.0199
SKTGIJFO_CDS_3731	PP456877.1	96.0199
SKTGIJFO_CDS_3732	PP456878.1	97.8202
SKTGIJFO_CDS_3732	PP456879.1	97.8202
SKTGIJFO_CDS_3732	PP456877.1	97.8202
SKTGIJFO_CDS_3733	PP456877.1	97.0948
SKTGIJFO_CDS_3733	PP456879.1	97.0948
SKTGIJFO_CDS_3733	PP456878.1	97.0948
SKTGIJFO_CDS_3734	PP456877.1	97.7496
SKTGIJFO_CDS_3734	PP456879.1	95.9212
SKTGIJFO_CDS_3734	PP456878.1	95.9212
SKTGIJFO_CDS_3735	PP456877.1	93.2836
SKTGIJFO_CDS_3735	PP456879.1	93.2836
SKTGIJFO_CDS_3735	PP456878.1	84.3284
SKTGIJFO_CDS_3736	PP456877.1	94.3503
SKTGIJFO_CDS_3736	PP456878.1	94.3503
SKTGIJFO_CDS_3736	PP456879.1	94.3503
SKTGIJFO_CDS_3737	PP456877.1	96.7172
SKTGIJFO_CDS_3737	PP456879.1	96.7172
SKTGIJFO_CDS_3737	PP456878.1	95.202
SKTGIJFO_CDS_3738	PP456877.1	98.7689
SKTGIJFO_CDS_3738	PP456879.1	97.822
SKTGIJFO_CDS_3738	PP456878.1	96.875
SKTGIJFO_CDS_3739	PP456877.1	99.3631
SKTGIJFO_CDS_3739	PP456878.1	92.9936
SKTGIJFO_CDS_3739	PP456879.1	92.9936
SKTGIJFO_CDS_3740	PP456877.1	99.4872
SKTGIJFO_CDS_3740	PP456878.1	98.9231
SKTGIJFO_CDS_3740	PP456879.1	94.6154
SKTGIJFO_CDS_3741	PP456879.1	95.7746
SKTGIJFO_CDS_3741	PP456877.1	95.7746
SKTGIJFO_CDS_3741	PP456878.1	85.759
SKTGIJFO_CDS_3742	PP456877.1	92.3611
SKTGIJFO_CDS_3742	PP456879.1	92.3611
SKTGIJFO_CDS_3742	PP456878.1	89.8148
SKTGIJFO_CDS_3743	PP456877.1	95.7055
SKTGIJFO_CDS_3743	PP456879.1	85.8896
SKTGIJFO_CDS_3743	PP456878.1	85.8896
SKTGIJFO_CDS_3744	PP456877.1	89.0805
SKTGIJFO_CDS_3744	PP456879.1	86.7816
SKTGIJFO_CDS_3744	PP456878.1	84.4828
SKTGIJFO_CDS_3745	PP456877.1	97.5207
SKTGIJFO_CDS_3745	PP456879.1	97.5207
SKTGIJFO_CDS_3746	PP456877.1	94.4904
SKTGIJFO_CDS_3747	PP456877.1	95.2
SKTGIJFO_CDS_3748	PP456877.1	97.7591
SKTGIJFO_CDS_3749	PP456877.1	97.7961
SKTGIJFO_CDS_3750	PP456877.1	97.1074
SKTGIJFO_CDS_3751	PP456877.1	98.8636
SKTGIJFO_CDS_3752	PP456877.1	96.3719
SKTGIJFO_CDS_3753	PP456877.1	88.4921
SKTGIJFO_CDS_3754	PP456877.1	98.9613
SKTGIJFO_CDS_3754	PP456879.1	93.39
SKTGIJFO_CDS_3755	PP456877.1	91.2121
SKTGIJFO_CDS_3755	PP456879.1	86.9697
SKTGIJFO_CDS_3756	PP456877.1	93.5802
SKTGIJFO_CDS_3756	PP456879.1	84.4444
SKTGIJFO_CDS_3757	PP456877.1	92.1811
SKTGIJFO_CDS_3757	PP456879.1	92.1811
SKTGIJFO_CDS_3758	PP456877.1	95.3153
SKTGIJFO_CDS_3759	PP456877.1	96.9697
SKTGIJFO_CDS_3759	PP456879.1	80.0866
SKTGIJFO_CDS_3760	PP456878.1	92.8105
SKTGIJFO_CDS_3760	PP456877.1	92.8105
SKTGIJFO_CDS_3761	PP456877.1	99.198
SKTGIJFO_CDS_3761	PP456879.1	90.7268
SKTGIJFO_CDS_3763	PP456878.1	99.274
SKTGIJFO_CDS_3763	PP456877.1	99.274
SKTGIJFO_CDS_3763	PP456879.1	91.954
SKTGIJFO_CDS_3764	PP456877.1	99.6786
SKTGIJFO_CDS_3764	PP456878.1	98.3242
SKTGIJFO_CDS_3764	PP456879.1	97.7732
SKTGIJFO_CDS_3765	PP456879.1	89.3939
SKTGIJFO_CDS_3765	PP456877.1	89.3939
SKTGIJFO_CDS_3765	PP456878.1	89.3939
SKTGIJFO_CDS_3766	PP456877.1	98.7179
SKTGIJFO_CDS_3766	PP456879.1	97.4359
SKTGIJFO_CDS_3766	PP456878.1	95.8333
SKTGIJFO_CDS_3767	PP456877.1	95.7123
SKTGIJFO_CDS_3767	PP456879.1	95.7123
SKTGIJFO_CDS_3767	PP456878.1	93.6376
SKTGIJFO_CDS_3768	PP456877.1	97.048
SKTGIJFO_CDS_3768	PP456879.1	92.3739
SKTGIJFO_CDS_3768	PP456878.1	90.7749
SKTGIJFO_CDS_3769	PP456877.1	98.5915
SKTGIJFO_CDS_3769	PP456878.1	96.0563
SKTGIJFO_CDS_3769	PP456879.1	91.6432
SKTGIJFO_CDS_3770	PP456877.1	98.5417
SKTGIJFO_CDS_3770	PP456878.1	96.0417
SKTGIJFO_CDS_3770	PP456879.1	96.0417
SKTGIJFO_CDS_3771	PP456877.1	93.6508
SKTGIJFO_CDS_3771	PP456878.1	91.1565
SKTGIJFO_CDS_3771	PP456879.1	88.4354
SKTGIJFO_CDS_3772	PP456877.1	99.0814
SKTGIJFO_CDS_3772	PP456879.1	99.0814
SKTGIJFO_CDS_3772	PP456878.1	99.0814
SKTGIJFO_CDS_3773	PP456877.1	94.4762
SKTGIJFO_CDS_3773	PP456878.1	94.4762
SKTGIJFO_CDS_3773	PP456879.1	92.9524
SKTGIJFO_CDS_3774	PP456877.1	94.9612
SKTGIJFO_CDS_3774	PP456879.1	94.9612
SKTGIJFO_CDS_3774	PP456878.1	92.6357
SKTGIJFO_CDS_3775	PP456879.1	98.1735
SKTGIJFO_CDS_3775	PP456878.1	98.1735
SKTGIJFO_CDS_3775	PP456877.1	98.1735
SKTGIJFO_CDS_3776	PP456878.1	95.1049
SKTGIJFO_CDS_3776	PP456877.1	95.1049
SKTGIJFO_CDS_3776	PP456879.1	95.1049
SKTGIJFO_CDS_3777	PP456877.1	84.058
SKTGIJFO_CDS_3777	PP456878.1	81.6425
SKTGIJFO_CDS_3777	PP456879.1	81.6425
SKTGIJFO_CDS_3778	PP456879.1	93.1818
SKTGIJFO_CDS_3778	PP456878.1	93.1818
SKTGIJFO_CDS_3778	PP456877.1	93.1818
SKTGIJFO_CDS_3779	PP456879.1	92.0904
SKTGIJFO_CDS_3779	PP456878.1	92.0904
SKTGIJFO_CDS_3779	PP456877.1	92.0904
SKTGIJFO_CDS_3780	PP456877.1	99.4696
SKTGIJFO_CDS_3780	PP456879.1	98.3272
SKTGIJFO_CDS_3780	PP456878.1	87.0665
SKTGIJFO_CDS_3781	PP456877.1	98.1859
SKTGIJFO_CDS_3781	PP456878.1	96.3719
SKTGIJFO_CDS_3781	PP456879.1	96.3719
SKTGIJFO_CDS_3782	PP456879.1	88.015
SKTGIJFO_CDS_3782	PP456878.1	88.015
SKTGIJFO_CDS_3782	PP456877.1	88.015
SKTGIJFO_CDS_3783	PP456879.1	98.4848
SKTGIJFO_CDS_3783	PP456877.1	98.4848
SKTGIJFO_CDS_3783	PP456878.1	96.1279
SKTGIJFO_CDS_3784	PP456877.1	98.9802
SKTGIJFO_CDS_3784	PP456878.1	98.9802
SKTGIJFO_CDS_3784	PP456879.1	97.5781
SKTGIJFO_CDS_3785	PP456877.1	96.8553
SKTGIJFO_CDS_3785	PP456878.1	96.8553
SKTGIJFO_CDS_3785	PP456879.1	96.8553
SKTGIJFO_CDS_3786	PP456879.1	96.6245
SKTGIJFO_CDS_3786	PP456878.1	96.6245
SKTGIJFO_CDS_3786	PP456877.1	96.6245
SKTGIJFO_CDS_3787	PP456879.1	91.4667
SKTGIJFO_CDS_3787	PP456877.1	91.4667
SKTGIJFO_CDS_3787	PP456878.1	79.7333
SKTGIJFO_CDS_3788	PP456877.1	98.3176
SKTGIJFO_CDS_3788	PP456878.1	97.6866
SKTGIJFO_CDS_3788	PP456879.1	93.796
SKTGIJFO_CDS_3789	PP456877.1	99.1031
SKTGIJFO_CDS_3789	PP456878.1	99.1031
SKTGIJFO_CDS_3789	PP456879.1	97.7578
SKTGIJFO_CDS_3790	PP456877.1	95.3216
SKTGIJFO_CDS_3790	PP456878.1	95.3216
SKTGIJFO_CDS_3790	PP456879.1	88.3041
SKTGIJFO_CDS_3791	PP456877.1	93.2203
SKTGIJFO_CDS_3791	PP456878.1	80.226
SKTGIJFO_CDS_3791	PP456879.1	80.226
SKTGIJFO_CDS_3792	PP456877.1	97.0149
SKTGIJFO_CDS_3792	PP456878.1	86.8159
SKTGIJFO_CDS_3792	PP456879.1	86.8159
SKTGIJFO_CDS_3793	PP456877.1	99.7239
SKTGIJFO_CDS_3793	PP456878.1	93.3057
SKTGIJFO_CDS_3793	PP456879.1	88.8889
SKTGIJFO_CDS_3794	PP456877.1	94.0476
SKTGIJFO_CDS_3794	PP456879.1	94.0476
SKTGIJFO_CDS_3794	PP456878.1	83.0952
SKTGIJFO_CDS_3795	PP456877.1	98.5792
SKTGIJFO_CDS_3795	PP456879.1	98.5792
SKTGIJFO_CDS_3795	PP456878.1	93.1148
SKTGIJFO_CDS_3796	PP456878.1	63.4409
SKTGIJFO_CDS_3796	PP456877.1	63.4409
SKTGIJFO_CDS_3796	PP456879.1	63.4409
SKTGIJFO_CDS_3797	PP456877.1	99.4444
SKTGIJFO_CDS_3798	PP456877.1	97.4359
SKTGIJFO_CDS_3799	PP456877.1	92.5234
SKTGIJFO_CDS_3800	PP456877.1	97.4815
SKTGIJFO_CDS_3801	PP456877.1	96.6469
SKTGIJFO_CDS_3802	PP456877.1	95.8159
SKTGIJFO_CDS_3802	PP456879.1	95.8159
SKTGIJFO_CDS_3802	PP456878.1	95.8159
SKTGIJFO_CDS_3803	PP456879.1	93.1624
SKTGIJFO_CDS_3803	PP456877.1	93.1624
SKTGIJFO_CDS_3803	PP456878.1	93.1624
SKTGIJFO_CDS_3804	PP456877.1	99.7867
SKTGIJFO_CDS_3804	PP456879.1	94.2413
SKTGIJFO_CDS_3804	PP456878.1	93.9366
SKTGIJFO_CDS_3805	PP456877.1	98.5232
SKTGIJFO_CDS_3807	PP456877.1	96.424
SKTGIJFO_CDS_3807	PP456878.1	80.7152
SKTGIJFO_CDS_3808	PP456877.1	99.0637
SKTGIJFO_CDS_3809	PP456877.1	96.7172
SKTGIJFO_CDS_3809	PP456878.1	91.1616
SKTGIJFO_CDS_3809	PP456879.1	91.1616
SKTGIJFO_CDS_3810	PP456879.1	96.8847
SKTGIJFO_CDS_3810	PP456877.1	96.8847
SKTGIJFO_CDS_3810	PP456878.1	96.8847
SKTGIJFO_CDS_3811	PP456877.1	95.069
SKTGIJFO_CDS_3811	PP456879.1	85.6016
SKTGIJFO_CDS_3811	PP456878.1	85.6016
SKTGIJFO_CDS_3812	PP456877.1	96.2766
SKTGIJFO_CDS_3813	PP456877.1	97.8818
SKTGIJFO_CDS_3814	PP456877.1	96.5235
SKTGIJFO_CDS_3814	PP456878.1	83.4356
SKTGIJFO_CDS_3814	PP456879.1	80.1636
SKTGIJFO_CDS_3815	PP456877.1	96.0663
SKTGIJFO_CDS_3815	PP456879.1	81.9876
SKTGIJFO_CDS_3815	PP456878.1	80.5383
SKTGIJFO_CDS_3816	PP456877.1	96.5174
SKTGIJFO_CDS_3816	PP456878.1	92.5373
SKTGIJFO_CDS_3817	PP456877.1	98.1322
SKTGIJFO_CDS_3817	PP456878.1	95.1149
SKTGIJFO_CDS_3817	PP456879.1	92.0259
SKTGIJFO_CDS_3818	PP456877.1	98.9811
SKTGIJFO_CDS_3818	PP456879.1	95.9243
SKTGIJFO_CDS_3818	PP456878.1	94.1048
SKTGIJFO_CDS_3819	PP456877.1	98.7041
SKTGIJFO_CDS_3819	PP456879.1	89.1289
SKTGIJFO_CDS_3820	PP456878.1	86.6667
SKTGIJFO_CDS_3820	PP456877.1	86.6667
SKTGIJFO_CDS_3820	PP456879.1	86.6667
SKTGIJFO_CDS_3821	PP456877.1	91.8919
SKTGIJFO_CDS_3821	PP456878.1	91.8919
SKTGIJFO_CDS_3821	PP456879.1	91.8919
SKTGIJFO_CDS_3822	PP456877.1	99.7841
SKTGIJFO_CDS_3822	PP456879.1	88.9465
SKTGIJFO_CDS_3822	PP456878.1	87.6511
SKTGIJFO_CDS_3823	PP456877.1	99.2991
SKTGIJFO_CDS_3825	PP456877.1	99.1264
SKTGIJFO_CDS_3825	PP456878.1	81.3333
SKTGIJFO_CDS_3826	PP456878.1	96.9072
SKTGIJFO_CDS_3826	PP456877.1	96.9072
SKTGIJFO_CDS_3826	PP456879.1	96.9072
SKTGIJFO_CDS_3827	PP456879.1	97.2973
SKTGIJFO_CDS_3827	PP456877.1	97.2973
SKTGIJFO_CDS_3827	PP456878.1	97.2973
SKTGIJFO_CDS_3828	PP456879.1	96.2085
SKTGIJFO_CDS_3828	PP456877.1	96.2085
SKTGIJFO_CDS_3828	PP456878.1	96.2085
SKTGIJFO_CDS_3829	PP456877.1	98.7073
SKTGIJFO_CDS_3829	PP456879.1	98.0609
SKTGIJFO_CDS_3829	PP456878.1	97.1376
SKTGIJFO_CDS_3830	PP456878.1	99.5098
SKTGIJFO_CDS_3830	PP456877.1	99.5098
SKTGIJFO_CDS_3830	PP456879.1	99.5098
SKTGIJFO_CDS_3831	PP456877.1	97.4146
SKTGIJFO_CDS_3831	PP456879.1	94.1828
SKTGIJFO_CDS_3831	PP456878.1	91.4127
SKTGIJFO_CDS_3832	PP456877.1	93.819
SKTGIJFO_CDS_3833	PP456877.1	99.5098
SKTGIJFO_CDS_3833	PP456879.1	91.6667
SKTGIJFO_CDS_3833	PP456878.1	88.2353
SKTGIJFO_CDS_3834	PP456877.1	98.8764
SKTGIJFO_CDS_3834	PP456879.1	98.8764
SKTGIJFO_CDS_3834	PP456878.1	92.6966
SKTGIJFO_CDS_3835	PP456877.1	98.3204
SKTGIJFO_CDS_3835	PP456879.1	90.1809
SKTGIJFO_CDS_3836	PP456877.1	94.3089
SKTGIJFO_CDS_3836	PP456878.1	94.3089
SKTGIJFO_CDS_3837	PP456877.1	93.5185
SKTGIJFO_CDS_3837	PP456879.1	77.7778
SKTGIJFO_CDS_3838	PP456877.1	66.6667
SKTGIJFO_CDS_3838	PP456879.1	66.6667
SKTGIJFO_CDS_3839	PP456879.1	97.0588
SKTGIJFO_CDS_3839	PP456877.1	97.0588
SKTGIJFO_CDS_3840	PP456879.1	70
SKTGIJFO_CDS_3840	PP456877.1	70
SKTGIJFO_CDS_3841	PP456877.1	96.7391
SKTGIJFO_CDS_3841	PP456879.1	96.7391
SKTGIJFO_CDS_3842	PP456879.1	91.6667
SKTGIJFO_CDS_3842	PP456877.1	91.6667
SKTGIJFO_CDS_3843	PP456877.1	90.6103
SKTGIJFO_CDS_3843	PP456879.1	85.446
SKTGIJFO_CDS_3844	PP456877.1	90.1235
SKTGIJFO_CDS_3844	PP456879.1	85.8025
SKTGIJFO_CDS_3844	PP456878.1	85.8025
SKTGIJFO_CDS_3845	PP456877.1	87.7193
SKTGIJFO_CDS_3845	PP456879.1	80.7018
SKTGIJFO_CDS_3845	PP456878.1	80.7018
SKTGIJFO_CDS_3846	PP456877.1	95.4386
SKTGIJFO_CDS_3846	PP456878.1	86.3158
SKTGIJFO_CDS_3846	PP456879.1	86.3158
SKTGIJFO_CDS_3847	PP456877.1	95.4545
SKTGIJFO_CDS_3847	PP456879.1	95.4545
SKTGIJFO_CDS_3847	PP456878.1	95.4545
SKTGIJFO_CDS_3848	PP456878.1	92.7536
SKTGIJFO_CDS_3848	PP456877.1	92.7536
SKTGIJFO_CDS_3848	PP456879.1	88.7681
SKTGIJFO_CDS_3849	PP456877.1	94.3775
SKTGIJFO_CDS_3849	PP456878.1	94.3775
SKTGIJFO_CDS_3849	PP456879.1	91.9679
SKTGIJFO_CDS_3850	PP456878.1	99.7396
SKTGIJFO_CDS_3850	PP456877.1	99.7396
SKTGIJFO_CDS_3850	PP456879.1	97.3958
SKTGIJFO_CDS_3851	PP456878.1	92.8571
SKTGIJFO_CDS_3851	PP456879.1	92.8571
SKTGIJFO_CDS_3851	PP456877.1	92.8571
SKTGIJFO_CDS_3852	PP456878.1	95.9811
SKTGIJFO_CDS_3852	PP456877.1	95.9811
SKTGIJFO_CDS_3852	PP456879.1	93.3806
SKTGIJFO_CDS_3853	PP456879.1	94.6779
SKTGIJFO_CDS_3853	PP456877.1	94.6779
SKTGIJFO_CDS_3853	PP456878.1	88.7955
SKTGIJFO_CDS_3854	PP456879.1	96.0227
SKTGIJFO_CDS_3854	PP456877.1	96.0227
SKTGIJFO_CDS_3854	PP456878.1	88.447
SKTGIJFO_CDS_3855	PP456879.1	73.3333
SKTGIJFO_CDS_3855	PP456877.1	73.3333
SKTGIJFO_CDS_3856	PP456879.1	82.0988
SKTGIJFO_CDS_3856	PP456877.1	82.0988
SKTGIJFO_CDS_3857	PP456879.1	80.3419
SKTGIJFO_CDS_3857	PP456877.1	80.3419
SKTGIJFO_CDS_3858	PP456877.1	95.5752
SKTGIJFO_CDS_3858	PP456879.1	95.5752
SKTGIJFO_CDS_3858	PP456878.1	80.531
SKTGIJFO_CDS_3859	PP456877.1	95.0783
SKTGIJFO_CDS_3859	PP456878.1	95.0783
SKTGIJFO_CDS_3859	PP456879.1	94.4072
SKTGIJFO_CDS_3860	PP456878.1	95.501
SKTGIJFO_CDS_3860	PP456877.1	95.501
SKTGIJFO_CDS_3860	PP456879.1	95.501
SKTGIJFO_CDS_3861	PP456879.1	95.1654
SKTGIJFO_CDS_3861	PP456878.1	95.1654
SKTGIJFO_CDS_3861	PP456877.1	95.1654
SKTGIJFO_CDS_3862	PP456878.1	86.5079
SKTGIJFO_CDS_3862	PP456877.1	86.5079
SKTGIJFO_CDS_3862	PP456879.1	86.5079
SKTGIJFO_CDS_3863	PP456877.1	98.1087
SKTGIJFO_CDS_3863	PP456879.1	98.1087
SKTGIJFO_CDS_3863	PP456878.1	98.1087
SKTGIJFO_CDS_3864	PP456877.1	97.4693
SKTGIJFO_CDS_3864	PP456879.1	97.4693
SKTGIJFO_CDS_3864	PP456878.1	87.6356
SKTGIJFO_CDS_3865	PP456879.1	96.2199
SKTGIJFO_CDS_3865	PP456878.1	96.2199
SKTGIJFO_CDS_3865	PP456877.1	96.2199
SKTGIJFO_CDS_3866	PP456879.1	98.7234
SKTGIJFO_CDS_3866	PP456877.1	98.7234
SKTGIJFO_CDS_3866	PP456878.1	94.6099
SKTGIJFO_CDS_3867	PP456877.1	98.5267
SKTGIJFO_CDS_3867	PP456879.1	96.5623
SKTGIJFO_CDS_3867	PP456878.1	96.5623
SKTGIJFO_CDS_3868	PP456879.1	79.5699
SKTGIJFO_CDS_3868	PP456877.1	79.5699
SKTGIJFO_CDS_3868	PP456878.1	79.5699
SKTGIJFO_CDS_3869	PP456877.1	99.1432
SKTGIJFO_CDS_3870	PP456877.1	98.5663
SKTGIJFO_CDS_3870	PP456878.1	92.6523
SKTGIJFO_CDS_3870	PP456879.1	92.6523
SKTGIJFO_CDS_3871	PP456877.1	98.4185
SKTGIJFO_CDS_3871	PP456879.1	98.4185
SKTGIJFO_CDS_3871	PP456878.1	98.0535
SKTGIJFO_CDS_3872	PP456877.1	99.3412
SKTGIJFO_CDS_3872	PP456878.1	99.3412
SKTGIJFO_CDS_3872	PP456879.1	99.3412
SKTGIJFO_CDS_3873	PP456877.1	98.5474
SKTGIJFO_CDS_3873	PP456878.1	97.7829
SKTGIJFO_CDS_3874	PP456877.1	98.8662
SKTGIJFO_CDS_3874	PP456878.1	98.8662
SKTGIJFO_CDS_3874	PP456879.1	97.0522
SKTGIJFO_CDS_3876	PP456877.1	97.7419
SKTGIJFO_CDS_3876	PP456879.1	97.7419
SKTGIJFO_CDS_3876	PP456878.1	95.5914
SKTGIJFO_CDS_3877	PP456877.1	98.7973
SKTGIJFO_CDS_3877	PP456878.1	98.7973
SKTGIJFO_CDS_3877	PP456879.1	96.9931
SKTGIJFO_CDS_3878	PP456877.1	97.7143
SKTGIJFO_CDS_3878	PP456879.1	87.8095
SKTGIJFO_CDS_3878	PP456878.1	85.4286
SKTGIJFO_CDS_3879	PP456877.1	99.2798
SKTGIJFO_CDS_3879	PP456878.1	89.4033
SKTGIJFO_CDS_3879	PP456879.1	85.8711
SKTGIJFO_CDS_3880	PP456877.1	97.9511
SKTGIJFO_CDS_3880	PP456879.1	92.5138
SKTGIJFO_CDS_3880	PP456878.1	92.5138
SKTGIJFO_CDS_3881	PP456877.1	98
SKTGIJFO_CDS_3881	PP456878.1	98
SKTGIJFO_CDS_3881	PP456879.1	94.4444
SKTGIJFO_CDS_3882	PP456877.1	97.9066
SKTGIJFO_CDS_3882	PP456878.1	96.7794
SKTGIJFO_CDS_3882	PP456879.1	96.7794
SKTGIJFO_CDS_3883	PP456877.1	97.7558
SKTGIJFO_CDS_3883	PP456878.1	81.6502
SKTGIJFO_CDS_3883	PP456879.1	81.3861
SKTGIJFO_CDS_3884	PP456877.1	73.5043
SKTGIJFO_CDS_3884	PP456878.1	50.4274
SKTGIJFO_CDS_3884	PP456879.1	50.4274
SKTGIJFO_CDS_3885	PP456877.1	78.8889
SKTGIJFO_CDS_3885	PP456878.1	70
SKTGIJFO_CDS_3885	PP456879.1	70
SKTGIJFO_CDS_3886	PP456877.1	99.0089
SKTGIJFO_CDS_3887	PP456877.1	98.6639
SKTGIJFO_CDS_3887	PP456879.1	82.0675
SKTGIJFO_CDS_3888	PP456877.1	98.4444
SKTGIJFO_CDS_3888	PP456878.1	89.1852
SKTGIJFO_CDS_3888	PP456879.1	87.1852
SKTGIJFO_CDS_3889	PP456877.1	97.0862
SKTGIJFO_CDS_3889	PP456879.1	80.0699
SKTGIJFO_CDS_3889	PP456878.1	79.9534
SKTGIJFO_CDS_3890	PP456877.1	97.3737
SKTGIJFO_CDS_3890	PP456879.1	87.4747
SKTGIJFO_CDS_3890	PP456878.1	87.2727
SKTGIJFO_CDS_3891	PP456877.1	98.4395
SKTGIJFO_CDS_3892	PP456879.1	82.2917
SKTGIJFO_CDS_3892	PP456877.1	82.2917
SKTGIJFO_CDS_3892	PP456878.1	82.2917
SKTGIJFO_CDS_3893	PP456877.1	87.3874
SKTGIJFO_CDS_3893	PP456878.1	63.964
SKTGIJFO_CDS_3893	PP456879.1	63.964
SKTGIJFO_CDS_3894	PP456877.1	86.9565
SKTGIJFO_CDS_3894	PP456878.1	74.6377
SKTGIJFO_CDS_3895	PP456877.1	97.2222
SKTGIJFO_CDS_3896	PP456877.1	90.7692
SKTGIJFO_CDS_3896	PP456878.1	78.9744
SKTGIJFO_CDS_3896	PP456879.1	78.9744
SKTGIJFO_CDS_3897	PP456877.1	89.5833
SKTGIJFO_CDS_3898	PP456877.1	91.9414
SKTGIJFO_CDS_3899	PP456877.1	98.5055
SKTGIJFO_CDS_3899	PP456878.1	86.0949
SKTGIJFO_CDS_3899	PP456879.1	86.0949
SKTGIJFO_CDS_3900	PP456877.1	98.7217
SKTGIJFO_CDS_3901	PP456877.1	98.9613
SKTGIJFO_CDS_3902	PP456879.1	87.5
SKTGIJFO_CDS_3902	PP456878.1	87.5
SKTGIJFO_CDS_3902	PP456877.1	87.5
SKTGIJFO_CDS_3903	PP456877.1	93.9394
SKTGIJFO_CDS_3903	PP456878.1	92.8375
SKTGIJFO_CDS_3903	PP456879.1	88.7052
SKTGIJFO_CDS_3904	PP456877.1	97.6812
SKTGIJFO_CDS_3904	PP456879.1	92.7536
SKTGIJFO_CDS_3904	PP456878.1	92.4638
SKTGIJFO_CDS_3905	PP456877.1	98.865
SKTGIJFO_CDS_3906	PP456877.1	99.4253
SKTGIJFO_CDS_3906	PP456879.1	91.954
SKTGIJFO_CDS_3906	PP456878.1	89.8467
SKTGIJFO_CDS_3907	PP456877.1	93.1973
SKTGIJFO_CDS_3907	PP456879.1	72.7891
SKTGIJFO_CDS_3907	PP456878.1	72.7891
SKTGIJFO_CDS_3908	PP456877.1	96.6262
SKTGIJFO_CDS_3909	PP456877.1	97.5933
SKTGIJFO_CDS_3909	PP456879.1	82.7918
SKTGIJFO_CDS_3909	PP456878.1	82.7918
SKTGIJFO_CDS_3910	PP456877.1	99.4859
SKTGIJFO_CDS_3910	PP456878.1	82.0051
SKTGIJFO_CDS_3910	PP456879.1	82.0051
SKTGIJFO_CDS_3911	PP456877.1	94.5355
SKTGIJFO_CDS_3912	PP456877.1	98.2079
SKTGIJFO_CDS_3913	PP456877.1	97.5669
SKTGIJFO_CDS_3913	PP456878.1	87.1046
SKTGIJFO_CDS_3913	PP456879.1	87.1046
SKTGIJFO_CDS_3914	PP456877.1	94.0397
SKTGIJFO_CDS_3915	PP456877.1	96.4286
SKTGIJFO_CDS_3916	PP456877.1	97.549
SKTGIJFO_CDS_3917	PP456877.1	96.1749
SKTGIJFO_CDS_3918	PP456877.1	87.0968
SKTGIJFO_CDS_3919	PP456877.1	97.6526
SKTGIJFO_CDS_3920	PP456877.1	95.0521
SKTGIJFO_CDS_3921	PP456877.1	94.086
SKTGIJFO_CDS_3922	PP456877.1	78.4946
SKTGIJFO_CDS_3923	PP456877.1	78.6325
SKTGIJFO_CDS_3924	PP456877.1	76.1905
SKTGIJFO_CDS_3925	PP456877.1	88.0342
SKTGIJFO_CDS_3925	PP456878.1	88.0342
SKTGIJFO_CDS_3925	PP456879.1	80.3419
SKTGIJFO_CDS_3927	PP456877.1	97.7778
SKTGIJFO_CDS_3928	PP456877.1	98.9247
SKTGIJFO_CDS_3929	PP456877.1	98.4127
SKTGIJFO_CDS_3931	PP456878.1	66.6667
SKTGIJFO_CDS_3931	PP456877.1	66.6667
SKTGIJFO_CDS_3932	PP456879.1	76.9231
SKTGIJFO_CDS_3932	PP456877.1	76.9231
SKTGIJFO_CDS_3932	PP456878.1	76.9231
SKTGIJFO_CDS_3933	PP456877.1	99.0962
SKTGIJFO_CDS_3933	PP456879.1	80.6486
SKTGIJFO_CDS_3934	PP456878.1	71.1111
SKTGIJFO_CDS_3934	PP456879.1	71.1111
SKTGIJFO_CDS_3934	PP456877.1	71.1111
SKTGIJFO_CDS_3935	PP456878.1	85.1852
SKTGIJFO_CDS_3935	PP456877.1	85.1852
SKTGIJFO_CDS_3935	PP456879.1	85.1852
SKTGIJFO_CDS_3936	PP456879.1	94.2623
SKTGIJFO_CDS_3936	PP456877.1	94.2623
SKTGIJFO_CDS_3936	PP456878.1	94.2623
SKTGIJFO_CDS_3937	PP456877.1	98.5348
SKTGIJFO_CDS_3937	PP456879.1	97.9853
SKTGIJFO_CDS_3937	PP456878.1	91.8498
SKTGIJFO_CDS_3938	PP456877.1	96.6805
SKTGIJFO_CDS_3938	PP456879.1	83.1259
SKTGIJFO_CDS_3938	PP456878.1	83.1259
SKTGIJFO_CDS_3939	PP456877.1	90.4762
SKTGIJFO_CDS_3939	PP456878.1	90.4762
SKTGIJFO_CDS_3939	PP456879.1	90.4762
SKTGIJFO_CDS_3940	PP456877.1	99.408
SKTGIJFO_CDS_3940	PP456879.1	98.5883
SKTGIJFO_CDS_3941	PP456879.1	77.4194
SKTGIJFO_CDS_3941	PP456877.1	77.4194
SKTGIJFO_CDS_3941	PP456878.1	77.4194
SKTGIJFO_CDS_3942	PP456877.1	95.6835
SKTGIJFO_CDS_3942	PP456879.1	95.6835
SKTGIJFO_CDS_3942	PP456878.1	95.6835
SKTGIJFO_CDS_3943	PP456879.1	96.3542
SKTGIJFO_CDS_3943	PP456877.1	96.3542
SKTGIJFO_CDS_3943	PP456878.1	96.3542
SKTGIJFO_CDS_3944	PP456877.1	96.4618
SKTGIJFO_CDS_3944	PP456878.1	91.8063
SKTGIJFO_CDS_3945	PP456879.1	95.8621
SKTGIJFO_CDS_3945	PP456877.1	95.8621
SKTGIJFO_CDS_3945	PP456878.1	95.8621
SKTGIJFO_CDS_3946	PP456877.1	98.6928
SKTGIJFO_CDS_3946	PP456879.1	89.7603
SKTGIJFO_CDS_3946	PP456878.1	89.3246
SKTGIJFO_CDS_3947	PP456877.1	79.1667
SKTGIJFO_CDS_3947	PP456878.1	79.1667
SKTGIJFO_CDS_3947	PP456879.1	63.5417
SKTGIJFO_CDS_3948	PP456877.1	96.9231
SKTGIJFO_CDS_3948	PP456879.1	96.9231
SKTGIJFO_CDS_3948	PP456878.1	96.9231
SKTGIJFO_CDS_3949	PP456877.1	98.324
SKTGIJFO_CDS_3949	PP456878.1	94.3203
SKTGIJFO_CDS_3949	PP456879.1	94.3203
SKTGIJFO_CDS_3950	PP456877.1	97.669
SKTGIJFO_CDS_3951	PP456878.1	84.8485
SKTGIJFO_CDS_3951	PP456877.1	84.8485
SKTGIJFO_CDS_3951	PP456879.1	84.8485
SKTGIJFO_CDS_3952	PP456879.1	98.377
SKTGIJFO_CDS_3952	PP456877.1	98.377
SKTGIJFO_CDS_3952	PP456878.1	98.377
SKTGIJFO_CDS_3953	PP456877.1	76.1905
SKTGIJFO_CDS_3953	PP456878.1	76.1905
SKTGIJFO_CDS_3953	PP456879.1	65.0794
SKTGIJFO_CDS_3954	PP456877.1	94.7712
SKTGIJFO_CDS_3954	PP456879.1	94.7712
SKTGIJFO_CDS_3954	PP456878.1	94.7712
SKTGIJFO_CDS_3955	PP456879.1	87.5
SKTGIJFO_CDS_3955	PP456878.1	87.5
SKTGIJFO_CDS_3955	PP456877.1	87.5
SKTGIJFO_CDS_3956	PP456879.1	89.9371
SKTGIJFO_CDS_3956	PP456877.1	89.9371
SKTGIJFO_CDS_3956	PP456878.1	89.9371
SKTGIJFO_CDS_3957	PP456878.1	94.3038
SKTGIJFO_CDS_3957	PP456877.1	94.3038
SKTGIJFO_CDS_3957	PP456879.1	94.3038
SKTGIJFO_CDS_3958	PP456877.1	96.2733
SKTGIJFO_CDS_3959	PP456877.1	98.2671
SKTGIJFO_CDS_3960	PP456877.1	93.1774
SKTGIJFO_CDS_3961	PP456878.1	95.5556
SKTGIJFO_CDS_3961	PP456879.1	95.5556
SKTGIJFO_CDS_3961	PP456877.1	95.5556
SKTGIJFO_CDS_3962	PP456879.1	99.2701
SKTGIJFO_CDS_3962	PP456877.1	99.2701
SKTGIJFO_CDS_3964	PP456877.1	97.1814
SKTGIJFO_CDS_3964	PP456879.1	94.8529
SKTGIJFO_CDS_3965	PP456877.1	98.9624
SKTGIJFO_CDS_3965	PP456879.1	97.5357
SKTGIJFO_CDS_3965	PP456878.1	92.7367
SKTGIJFO_CDS_3966	PP456877.1	95.098
SKTGIJFO_CDS_3967	PP456877.1	98.6207
SKTGIJFO_CDS_3968	PP456877.1	99.1122
SKTGIJFO_CDS_3968	PP456879.1	98.7086
SKTGIJFO_CDS_3968	PP456878.1	88.9427
SKTGIJFO_CDS_3969	PP456879.1	96.6387
SKTGIJFO_CDS_3969	PP456877.1	96.6387
SKTGIJFO_CDS_3969	PP456878.1	82.6331
SKTGIJFO_CDS_3970	PP456877.1	98.914
SKTGIJFO_CDS_3970	PP456878.1	95.6558
SKTGIJFO_CDS_3970	PP456879.1	89.8914
SKTGIJFO_CDS_3971	PP456877.1	70.9677
SKTGIJFO_CDS_3971	PP456879.1	70.9677
SKTGIJFO_CDS_3971	PP456878.1	70.9677
SKTGIJFO_CDS_3972	PP456877.1	87.4317
SKTGIJFO_CDS_3972	PP456879.1	87.4317
SKTGIJFO_CDS_3972	PP456878.1	87.4317
SKTGIJFO_CDS_3973	PP456879.1	97.2789
SKTGIJFO_CDS_3973	PP456877.1	97.2789
SKTGIJFO_CDS_3973	PP456878.1	97.2789
SKTGIJFO_CDS_3974	PP456879.1	99.6169
SKTGIJFO_CDS_3974	PP456877.1	99.6169
SKTGIJFO_CDS_3974	PP456878.1	99.6169
SKTGIJFO_CDS_3979	PP456878.1	96.6292
SKTGIJFO_CDS_3980	PP456878.1	95.1389
SKTGIJFO_CDS_3981	PP456878.1	96.5753
SKTGIJFO_CDS_3982	PP456878.1	87.2659
SKTGIJFO_CDS_3983	PP456878.1	90.9465
SKTGIJFO_CDS_3984	PP456878.1	93.8095
SKTGIJFO_CDS_3985	PP456878.1	98.5586
SKTGIJFO_CDS_3992	PP456879.1	91.6667
SKTGIJFO_CDS_3992	PP456878.1	91.6667
SKTGIJFO_CDS_3998	PP456878.1	97.3054
SKTGIJFO_CDS_3998	PP456879.1	82.8343
SKTGIJFO_CDS_3999	PP456878.1	97.2147
SKTGIJFO_CDS_3999	PP456879.1	93.6208
SKTGIJFO_CDS_4000	PP456878.1	93.5574
SKTGIJFO_CDS_4001	PP456878.1	97.5904
SKTGIJFO_CDS_4002	PP456878.1	90.3955
SKTGIJFO_CDS_4003	PP456878.1	98.2188
SKTGIJFO_CDS_4005	PP456879.1	80.6667
SKTGIJFO_CDS_4005	PP456878.1	80.6667
SKTGIJFO_CDS_4007	PP456878.1	94.8949
SKTGIJFO_CDS_4007	PP456879.1	90.0901
SKTGIJFO_CDS_4008	PP456878.1	95.7746
SKTGIJFO_CDS_4008	PP456879.1	84.0376
SKTGIJFO_CDS_4009	PP456879.1	91.1392
SKTGIJFO_CDS_4009	PP456878.1	91.1392
SKTGIJFO_CDS_4010	PP456878.1	96.124
SKTGIJFO_CDS_4010	PP456879.1	93.4109
SKTGIJFO_CDS_4012	PP456878.1	98.0843
SKTGIJFO_CDS_4012	PP456879.1	86.59
SKTGIJFO_CDS_4033	PP456877.1	88.6179
SKTGIJFO_CDS_4033	PP456879.1	88.6179
SKTGIJFO_CDS_4033	PP456878.1	88.6179
SKTGIJFO_CDS_4037	PP456878.1	97.2222
SKTGIJFO_CDS_4037	PP456879.1	97.2222
SKTGIJFO_CDS_4037	PP456877.1	75
SKTGIJFO_CDS_4038	PP456879.1	92.8105
SKTGIJFO_CDS_4038	PP456878.1	92.8105
SKTGIJFO_CDS_4038	PP456877.1	86.9281
SKTGIJFO_CDS_4039	PP456878.1	92.6554
SKTGIJFO_CDS_4039	PP456879.1	92.6554
SKTGIJFO_CDS_4046	PP456879.1	95.3846
SKTGIJFO_CDS_4046	PP456878.1	95.3846
SKTGIJFO_CDS_4050	PP456878.1	94.2356
SKTGIJFO_CDS_4058	PP456878.1	88.2353
SKTGIJFO_CDS_4066	PP456878.1	94.1667
SKTGIJFO_CDS_4082	PP456878.1	95.0355
SKTGIJFO_CDS_4083	PP456878.1	92.7536
SKTGIJFO_CDS_4084	PP456878.1	97.2222
SKTGIJFO_CDS_4087	PP456879.1	98.3988
SKTGIJFO_CDS_4087	PP456878.1	98.3988
SKTGIJFO_CDS_4088	PP456879.1	90.9091
SKTGIJFO_CDS_4088	PP456878.1	90.9091
SKTGIJFO_CDS_4089	PP456879.1	98.9316
SKTGIJFO_CDS_4089	PP456878.1	98.9316
SKTGIJFO_CDS_4090	PP456879.1	96.2667
SKTGIJFO_CDS_4090	PP456878.1	96.2667
SKTGIJFO_CDS_4091	PP456879.1	88.8889
SKTGIJFO_CDS_4091	PP456878.1	88.8889
SKTGIJFO_CDS_4103	PP456878.1	98
SKTGIJFO_CDS_4103	PP456879.1	96.1111
SKTGIJFO_CDS_4106	PP456879.1	97.7226
SKTGIJFO_CDS_4106	PP456878.1	97.7226
SKTGIJFO_CDS_4107	PP456879.1	87.6812
SKTGIJFO_CDS_4107	PP456878.1	87.6812
SKTGIJFO_CDS_4165	PP456878.1	90.3581
SKTGIJFO_CDS_4167	PP456878.1	94.3978
SKTGIJFO_CDS_4167	PP456879.1	94.3978
SKTGIJFO_CDS_4168	PP456878.1	94.4904
SKTGIJFO_CDS_4168	PP456879.1	90.6336
SKTGIJFO_CDS_4169	PP456878.1	98.6226
SKTGIJFO_CDS_4169	PP456879.1	94.7658
SKTGIJFO_CDS_4170	PP456878.1	96.9697
SKTGIJFO_CDS_4170	PP456879.1	88.6364
SKTGIJFO_CDS_4171	PP456878.1	92.7438
SKTGIJFO_CDS_4171	PP456879.1	92.7438
SKTGIJFO_CDS_4172	PP456879.1	92.8571
SKTGIJFO_CDS_4172	PP456878.1	92.8571
SKTGIJFO_CDS_4173	PP456878.1	99.435
SKTGIJFO_CDS_4174	PP456878.1	99.0991
SKTGIJFO_CDS_4175	PP456878.1	93.5802
SKTGIJFO_CDS_4176	PP456878.1	94.2652
SKTGIJFO_CDS_4177	PP456878.1	95.7576
SKTGIJFO_CDS_4180	PP456878.1	99.198
SKTGIJFO_CDS_4225	PP456879.1	95.3704
SKTGIJFO_CDS_4225	PP456878.1	95.3704
SKTGIJFO_CDS_4243	PP456878.1	98.848
SKTGIJFO_CDS_4262	PP456878.1	79.8611
SKTGIJFO_CDS_4275	PP456878.1	95.9119
SKTGIJFO_CDS_4276	PP456878.1	82.0988
SKTGIJFO_CDS_4294	PP456878.1	96.8864
SKTGIJFO_CDS_4294	PP456879.1	95.7875
SKTGIJFO_CDS_4294	PP456877.1	95.7875
SKTGIJFO_CDS_4306	PP456878.1	99.4761
SKTGIJFO_CDS_4315	PP456878.1	89.5833
SKTGIJFO_CDS_4315	PP456879.1	89.5833
SKTGIJFO_CDS_4320	PP456878.1	86.4865
SKTGIJFO_CDS_4320	PP456879.1	86.4865
SKTGIJFO_CDS_4321	PP456878.1	74.7748
SKTGIJFO_CDS_4321	PP456879.1	74.7748
SKTGIJFO_CDS_4335	PP456879.1	95.2688
SKTGIJFO_CDS_4335	PP456878.1	95.2688
SKTGIJFO_CDS_4338	PP456878.1	97.6526
SKTGIJFO_CDS_4340	PP456879.1	82.6667
SKTGIJFO_CDS_4340	PP456878.1	82.6667
SKTGIJFO_CDS_4341	PP456878.1	80
SKTGIJFO_CDS_4341	PP456879.1	80
SKTGIJFO_CDS_4343	PP456878.1	80.5556
SKTGIJFO_CDS_4343	PP456879.1	80.5556
SKTGIJFO_CDS_4344	PP456878.1	80.6061
SKTGIJFO_CDS_4344	PP456877.1	80.6061
SKTGIJFO_CDS_4346	PP456878.1	97.4359
SKTGIJFO_CDS_4347	PP456878.1	83.3333
SKTGIJFO_CDS_4348	PP456878.1	89.697
SKTGIJFO_CDS_4379	PP456878.1	93.1774
SKTGIJFO_CDS_4379	PP456879.1	77.7778
SKTGIJFO_CDS_4381	PP456878.1	99.2701
SKTGIJFO_CDS_4382	PP456878.1	98.5294
SKTGIJFO_CDS_4382	PP456879.1	82.9657
SKTGIJFO_CDS_4382	PP456877.1	79.6569
SKTGIJFO_CDS_4400	PP456879.1	86.3248
SKTGIJFO_CDS_4401	PP456879.1	94.2446
SKTGIJFO_CDS_4402	PP456879.1	98.5816
SKTGIJFO_CDS_4417	PP456879.1	98.3416
SKTGIJFO_CDS_4418	PP456879.1	81.1594
SKTGIJFO_CDS_4418	PP968062.1	76.8116
SKTGIJFO_CDS_4419	PP456879.1	97.5904
SKTGIJFO_CDS_4527	PP456879.1	96.8825
SKTGIJFO_CDS_4531	PP456879.1	97.284
SKTGIJFO_CDS_4532	PP456879.1	78.3784
SKTGIJFO_CDS_4533	PP456879.1	98.1378
SKTGIJFO_CDS_4599	PP456879.1	99.9702
SKTGIJFO_CDS_4673	PP456879.1	94.3089
SKTGIJFO_CDS_4731	PP456879.1	94.6237
SKTGIJFO_CDS_4731	PP456878.1	67.7419
SKTGIJFO_CDS_4758	PP456879.1	96.6146
SKTGIJFO_CDS_4765	PP456879.1	98.607
SKTGIJFO_CDS_4766	PP456879.1	98.3333
SKTGIJFO_CDS_4766	PP456877.1	82.8571
SKTGIJFO_CDS_4811	PP968062.1	99.0868
SKTGIJFO_CDS_4812	PP968062.1	98.4221
SKTGIJFO_CDS_4813	PP968062.1	98.8235
SKTGIJFO_CDS_4814	PP968062.1	94.3299
SKTGIJFO_CDS_4815	PP968062.1	94.6154
SKTGIJFO_CDS_4816	PP968062.1	76.1905
SKTGIJFO_CDS_4817	PP968062.1	99.0814
SKTGIJFO_CDS_4818	PP968062.1	88.8889
SKTGIJFO_CDS_4819	PP968062.1	98.6183
SKTGIJFO_CDS_4820	PP968062.1	93.7198
SKTGIJFO_CDS_4821	PP968062.1	97.3226
SKTGIJFO_CDS_4822	PP968062.1	86.1111
SKTGIJFO_CDS_4823	PP968062.1	95.5182
SKTGIJFO_CDS_4824	PP968062.1	93.578
SKTGIJFO_CDS_4825	PP968062.1	92.1922
SKTGIJFO_CDS_4826	PP968062.1	98.4779
SKTGIJFO_CDS_4827	PP968062.1	98.3225
SKTGIJFO_CDS_4828	PP968062.1	95.5674
SKTGIJFO_CDS_4829	PP968062.1	95.1724
SKTGIJFO_CDS_4830	PP968062.1	78.6667
SKTGIJFO_CDS_4831	PP968062.1	90.0585
SKTGIJFO_CDS_4832	PP968062.1	84.8485
SKTGIJFO_CDS_4833	PP968062.1	95.5556
SKTGIJFO_CDS_4834	PP968062.1	88.4259
SKTGIJFO_CDS_4835	PP968062.1	90.1961
SKTGIJFO_CDS_4836	PP968062.1	93.6275
SKTGIJFO_CDS_4837	PP968062.1	72.043
SKTGIJFO_CDS_4838	PP968062.1	88.6364
SKTGIJFO_CDS_4839	PP968062.1	97.2056
SKTGIJFO_CDS_4840	PP968062.1	96.7871
SKTGIJFO_CDS_4841	PP968062.1	84.375
SKTGIJFO_CDS_4842	PP968062.1	95.4802
SKTGIJFO_CDS_4843	PP968062.1	74.1935
SKTGIJFO_CDS_4844	PP968062.1	98.6486
SKTGIJFO_CDS_4845	PP968062.1	97.971
SKTGIJFO_CDS_4846	PP968062.1	97.0276
SKTGIJFO_CDS_4847	PP968062.1	96.6667
SKTGIJFO_CDS_4848	PP968062.1	94.7566
SKTGIJFO_CDS_4849	PP968062.1	93.0233
SKTGIJFO_CDS_4850	PP968062.1	96.3127
SKTGIJFO_CDS_4851	PP968062.1	73.9583
SKTGIJFO_CDS_4852	PP968062.1	89.6825
SKTGIJFO_CDS_4853	PP968062.1	98.2639
SKTGIJFO_CDS_4854	PP968062.1	96.3675
SKTGIJFO_CDS_4855	PP968062.1	81.8182
SKTGIJFO_CDS_4856	PP968062.1	97.1631
SKTGIJFO_CDS_4857	PP968062.1	98.2906
SKTGIJFO_CDS_4858	PP968062.1	97.7987
SKTGIJFO_CDS_4859	PP968062.1	86.8217
SKTGIJFO_CDS_4860	PP968062.1	98.5479
SKTGIJFO_CDS_4861	PP968062.1	96.8599
SKTGIJFO_CDS_4862	PP968062.1	84.3137
SKTGIJFO_CDS_4863	PP968062.1	96.2567
SKTGIJFO_CDS_4864	PP968062.1	96.4912
SKTGIJFO_CDS_4865	PP968062.1	92.8571
SKTGIJFO_CDS_4866	PP968062.1	97.8121
SKTGIJFO_CDS_4867	PP968062.1	85.034
SKTGIJFO_CDS_4868	PP968062.1	91.5612
SKTGIJFO_CDS_4869	PP968062.1	97.8682
SKTGIJFO_CDS_4870	PP968062.1	92.2667
SKTGIJFO_CDS_4871	PP968062.1	98.5428
SKTGIJFO_CDS_4872	PP968062.1	97.3154
SKTGIJFO_CDS_4873	PP968062.1	97.2746
SKTGIJFO_CDS_4874	PP968062.1	98.308
SKTGIJFO_CDS_4875	PP968062.1	96.5368
SKTGIJFO_CDS_4876	PP968062.1	97.807
SKTGIJFO_CDS_4877	PP968062.1	98.8571
SKTGIJFO_CDS_4878	PP968062.1	94.9891
SKTGIJFO_CDS_4879	PP968062.1	96.124
SKTGIJFO_CDS_4880	PP968062.1	94.4882
SKTGIJFO_CDS_4881	PP968062.1	94.8718
SKTGIJFO_CDS_4882	PP968062.1	99.1667
SKTGIJFO_CDS_4883	PP968062.1	92.2078
SKTGIJFO_CDS_4884	PP968062.1	96.4341
SKTGIJFO_CDS_4885	PP968062.1	93.6111
SKTGIJFO_CDS_4886	PP968062.1	96.7619
SKTGIJFO_CDS_4887	PP968062.1	97.7778
SKTGIJFO_CDS_4888	PP968062.1	88
SKTGIJFO_CDS_4889	PP968062.1	87.3874
SKTGIJFO_CDS_4890	PP968062.1	92.8571
SKTGIJFO_CDS_4891	PP968062.1	98.6395
SKTGIJFO_CDS_4892	PP968062.1	94.709
SKTGIJFO_CDS_4893	PP968062.1	96.1832
SKTGIJFO_CDS_4894	PP968062.1	96.9349
SKTGIJFO_CDS_4895	PP968062.1	93.3806
SKTGIJFO_CDS_4896	PP968062.1	93.8776
SKTGIJFO_CDS_4897	PP968062.1	97.0948
SKTGIJFO_CDS_4898	PP968062.1	99.8117
SKTGIJFO_CDS_4899	PP968062.1	92.6209
SKTGIJFO_CDS_4900	PP968062.1	91.5612
SKTGIJFO_CDS_4901	PP968062.1	95.4472
SKTGIJFO_CDS_4902	PP968062.1	86.3248
SKTGIJFO_CDS_4903	PP968062.1	95.7746
SKTGIJFO_CDS_4904	PP968062.1	93.4272
SKTGIJFO_CDS_4905	PP968062.1	94.2308
SKTGIJFO_CDS_4906	PP968062.1	98.3852
SKTGIJFO_CDS_4907	PP968062.1	98.0057
SKTGIJFO_CDS_4908	PP968062.1	96.8116
SKTGIJFO_CDS_4909	PP968062.1	94.8454
SKTGIJFO_CDS_4910	PP968062.1	92.2619
SKTGIJFO_CDS_4911	PP968062.1	93.9815
SKTGIJFO_CDS_4912	PP968062.1	90.4167
SKTGIJFO_CDS_4913	PP968062.1	96.7836
SKTGIJFO_CDS_4914	PP968062.1	98.6254
SKTGIJFO_CDS_4915	PP968062.1	97.6048
SKTGIJFO_CDS_4916	PP968062.1	98.645
SKTGIJFO_CDS_4917	PP968062.1	98.5816
SKTGIJFO_CDS_4918	PP968062.1	97.1014
SKTGIJFO_CDS_4919	PP968062.1	95.7207
SKTGIJFO_CDS_4920	PP968062.1	96.0784
SKTGIJFO_CDS_4921	PP968062.1	90.7692
SKTGIJFO_CDS_4922	PP968062.1	83.0409
SKTGIJFO_CDS_4923	PP968062.1	95.1111
SKTGIJFO_CDS_4924	PP968062.1	95.8333
SKTGIJFO_CDS_4925	PP968062.1	93.2773
SKTGIJFO_CDS_4926	PP968062.1	97.0696
SKTGIJFO_CDS_4927	PP968062.1	99.505
SKTGIJFO_CDS_4928	PP968062.1	98.125
SKTGIJFO_CDS_4929	PP968062.1	77.0833
SKTGIJFO_CDS_4930	PP968062.1	96.5891
SKTGIJFO_CDS_4931	PP968062.1	97.7612
SKTGIJFO_CDS_4932	PP968062.1	79.2793
SKTGIJFO_CDS_4933	PP968062.1	97.148
SKTGIJFO_CDS_4934	PP968062.1	90.3955
SKTGIJFO_CDS_4935	PP968062.1	97.3333
SKTGIJFO_CDS_4936	PP968062.1	84.6847
SKTGIJFO_CDS_4937	PP968062.1	79.798
SKTGIJFO_CDS_4938	PP968062.1	96.1404
SKTGIJFO_CDS_4939	PP968062.1	95.7219
SKTGIJFO_CDS_4940	PP968062.1	95.8057
SKTGIJFO_CDS_4941	PP968062.1	88.6525
SKTGIJFO_CDS_4942	PP968062.1	93.7984
SKTGIJFO_CDS_4943	PP968062.1	98.315
SKTGIJFO_CDS_4944	PP968062.1	98.1982
SKTGIJFO_CDS_4945	PP968062.1	98.6971
SKTGIJFO_CDS_4946	PP968062.1	96.1712
SKTGIJFO_CDS_4947	PP968062.1	98.8038
SKTGIJFO_CDS_4948	PP968062.1	82.4561
SKTGIJFO_CDS_4949	PP968062.1	95.8974
SKTGIJFO_CDS_4950	PP968062.1	98.0676
SKTGIJFO_CDS_4951	PP968062.1	93.8889
SKTGIJFO_CDS_4952	PP968062.1	97.9757
SKTGIJFO_CDS_4953	PP968062.1	91.5709
SKTGIJFO_CDS_4954	PP968062.1	99.0217
SKTGIJFO_CDS_4955	PP968062.1	90.0383
SKTGIJFO_CDS_4956	PP968062.1	97.7083
SKTGIJFO_CDS_4957	PP968062.1	92.8105
SKTGIJFO_CDS_4958	PP968062.1	92.5094
SKTGIJFO_CDS_4959	PP968062.1	96.8
SKTGIJFO_CDS_4960	PP968062.1	90.7631
SKTGIJFO_CDS_4961	PP968062.1	98.2456
SKTGIJFO_CDS_4962	PP968062.1	98.3908
SKTGIJFO_CDS_4963	PP968062.1	96.6292
SKTGIJFO_CDS_4964	PP968062.1	80.2083
SKTGIJFO_CDS_4965	PP968062.1	95.935
SKTGIJFO_CDS_4966	PP968062.1	97.1717
SKTGIJFO_CDS_4967	PP968062.1	86.6667
SKTGIJFO_CDS_4968	PP968062.1	95.1111
SKTGIJFO_CDS_4969	PP968062.1	97.4747
SKTGIJFO_CDS_4970	PP968062.1	97.2973
SKTGIJFO_CDS_4971	PP968062.1	97.4359
SKTGIJFO_CDS_4972	PP968062.1	85.2459
SKTGIJFO_CDS_4973	PP968062.1	84.6154
SKTGIJFO_CDS_4974	PP968062.1	94.6154
SKTGIJFO_CDS_4975	PP968062.1	93.75
SKTGIJFO_CDS_4976	PP968062.1	96.319
SKTGIJFO_CDS_4977	PP968062.1	94.7619
SKTGIJFO_CDS_4978	PP968062.1	98.4314
SKTGIJFO_CDS_4979	PP968062.1	99.512
SKTGIJFO_CDS_4980	PP968062.1	96.0784
SKTGIJFO_CDS_4981	PP968062.1	95.4545
SKTGIJFO_CDS_4982	PP968062.1	99.0698
SKTGIJFO_CDS_4983	PP968062.1	99.4152
SKTGIJFO_CDS_4984	PP968062.1	98.5816
SKTGIJFO_CDS_4985	PP968062.1	96.0426
SKTGIJFO_CDS_4986	PP968062.1	97.6939
SKTGIJFO_CDS_4987	PP968062.1	97.019
SKTGIJFO_CDS_4988	PP968062.1	93.2099
SKTGIJFO_CDS_4989	PP968062.1	95.0704
SKTGIJFO_CDS_4990	PP968062.1	92.381
SKTGIJFO_CDS_4991	PP968062.1	96.129
SKTGIJFO_CDS_4992	PP968062.1	98.6395
SKTGIJFO_CDS_4993	PP968062.1	97.366
SKTGIJFO_CDS_4994	PP968062.1	95
SKTGIJFO_CDS_4995	PP968062.1	92.3261
SKTGIJFO_CDS_4996	PP968062.1	98.513
SKTGIJFO_CDS_4997	PP968062.1	89.1156
SKTGIJFO_CDS_4998	PP968062.1	84.4444
SKTGIJFO_CDS_4999	PP968062.1	85.4167
SKTGIJFO_CDS_5000	PP968062.1	99.5272
SKTGIJFO_CDS_5001	PP968062.1	94.6154
SKTGIJFO_CDS_5002	PP968062.1	99.3445
SKTGIJFO_CDS_5003	PP968062.1	98.5632
SKTGIJFO_CDS_5004	PP968062.1	98.3796
SKTGIJFO_CDS_5005	PP968062.1	99.182
SKTGIJFO_CDS_5006	PP968062.1	98.3471
SKTGIJFO_CDS_5007	PP968062.1	96.6874
SKTGIJFO_CDS_5008	PP968062.1	91.8919
SKTGIJFO_CDS_5009	PP968062.1	99.0591
SKTGIJFO_CDS_5010	PP968062.1	93.6073
SKTGIJFO_CDS_5011	PP968062.1	98.5061
SKTGIJFO_CDS_5012	PP968062.1	94.0476
SKTGIJFO_CDS_5013	PP968062.1	98.01
SKTGIJFO_CDS_5014	PP968062.1	97.3737
SKTGIJFO_CDS_5015	PP968062.1	88.8889
SKTGIJFO_CDS_5016	PP968062.1	98.8128
SKTGIJFO_CDS_5017	PP968062.1	98.5837
SKTGIJFO_CDS_5018	PP968062.1	99.9261
SKTGIJFO_CDS_5019	PP968062.1	98.5481
SKTGIJFO_CDS_5020	PP968062.1	99.907
SKTGIJFO_CDS_5021	PP968062.1	79.1667
SKTGIJFO_CDS_5022	PP968062.1	98.6111
SKTGIJFO_CDS_5023	PP968062.1	88.7179
SKTGIJFO_CDS_5024	PP968062.1	98.1188
SKTGIJFO_CDS_5025	PP968062.1	99.0318
SKTGIJFO_CDS_5026	PP968062.1	98.0815
SKTGIJFO_CDS_5027	PP968062.1	91.3462
SKTGIJFO_CDS_5028	PP968062.1	97.9556
SKTGIJFO_CDS_5029	PP968062.1	94.4444
SKTGIJFO_CDS_5030	PP968062.1	98.4127
SKTGIJFO_CDS_5031	PP968062.1	96.3168
SKTGIJFO_CDS_5032	PP968062.1	95.9064
SKTGIJFO_CDS_5033	PP968062.1	96.6667
SKTGIJFO_CDS_5034	PP968062.1	95.8904
SKTGIJFO_CDS_5035	PP968062.1	83.3333
SKTGIJFO_CDS_5036	PP968062.1	76.9231
SKTGIJFO_CDS_5037	PP968062.1	97.6571
SKTGIJFO_CDS_5038	PP968062.1	86.2069
SKTGIJFO_CDS_5039	PP968062.1	98.0392
SKTGIJFO_CDS_5040	PP968062.1	92.3077
SKTGIJFO_CDS_5041	PP968062.1	95.2
SKTGIJFO_CDS_5042	PP968062.1	93.913
SKTGIJFO_CDS_5043	PP968062.1	99.5989
SKTGIJFO_CDS_5044	PP968062.1	97.619
SKTGIJFO_CDS_5045	PP968062.1	91.3858
SKTGIJFO_CDS_5046	PP968062.1	99.3249
SKTGIJFO_CDS_5047	PP968062.1	99.0914
SKTGIJFO_CDS_5048	PP968062.1	95.2381
SKTGIJFO_CDS_5049	PP968062.1	98.2571
SKTGIJFO_CDS_5050	PP968062.1	96.6903
SKTGIJFO_CDS_5051	PP968062.1	98.8571
SKTGIJFO_CDS_5052	PP968062.1	98.9297
SKTGIJFO_CDS_5053	PP968062.1	95.8333
SKTGIJFO_CDS_5054	PP968062.1	93.1873
SKTGIJFO_CDS_5055	PP968062.1	97.8562
SKTGIJFO_CDS_5056	PP968062.1	95.8637
SKTGIJFO_CDS_5057	PP968062.1	98.6193
SKTGIJFO_CDS_5058	PP968062.1	98.3333
SKTGIJFO_CDS_5059	PP968062.1	96.5432
SKTGIJFO_CDS_5060	PP968062.1	93.9655
SKTGIJFO_CDS_5061	PP968062.1	92.8349
SKTGIJFO_CDS_5062	PP968062.1	99.7037
SKTGIJFO_CDS_5063	PP968062.1	96.8553
SKTGIJFO_CDS_5064	PP968062.1	99.2126
SKTGIJFO_CDS_5065	PP968062.1	99.4867
SKTGIJFO_CDS_5066	PP968062.1	98.9469
SKTGIJFO_CDS_5067	PP968062.1	68.8889
SKTGIJFO_CDS_5068	PP968062.1	96.4602
SKTGIJFO_CDS_5069	PP968062.1	99.1026
SKTGIJFO_CDS_5070	PP968062.1	97.0037
SKTGIJFO_CDS_5071	PP968062.1	95.5556
SKTGIJFO_CDS_5072	PP968062.1	80.303
SKTGIJFO_CDS_5073	PP968062.1	94.7475
SKTGIJFO_CDS_5074	PP968062.1	99.4709
SKTGIJFO_CDS_5075	PP968062.1	96.4326
SKTGIJFO_CDS_5076	PP968062.1	97.7011
SKTGIJFO_CDS_5077	PP968062.1	98.5507
SKTGIJFO_CDS_5078	PP968062.1	98.995
SKTGIJFO_CDS_5079	PP968062.1	98.6813
SKTGIJFO_CDS_5080	PP968062.1	98.7207
SKTGIJFO_CDS_5081	PP968062.1	98.6842
SKTGIJFO_CDS_5082	PP968062.1	93.5185
SKTGIJFO_CDS_5083	PP968062.1	99.6068
SKTGIJFO_CDS_5084	PP968062.1	98.2906
SKTGIJFO_CDS_5085	PP968062.1	99.5196
SKTGIJFO_CDS_5086	PP968062.1	99.539
SKTGIJFO_CDS_5087	PP968062.1	99.6587
SKTGIJFO_CDS_5088	PP968062.1	94.6387
SKTGIJFO_CDS_5089	PP968062.1	96.2963
SKTGIJFO_CDS_5090	PP968062.1	96.1111
SKTGIJFO_CDS_5091	PP968062.1	93.1873
SKTGIJFO_CDS_5092	PP968062.1	99.2743
SKTGIJFO_CDS_5093	PP968062.1	98.8315
SKTGIJFO_CDS_5094	PP968062.1	97.8805
SKTGIJFO_CDS_5095	PP968062.1	99.1667
SKTGIJFO_CDS_5096	PP968062.1	87.5
SKTGIJFO_CDS_5097	PP968062.1	99.0566
SKTGIJFO_CDS_5098	PP968062.1	96.2756
SKTGIJFO_CDS_5099	PP968062.1	98.7654
SKTGIJFO_CDS_5100	PP968062.1	95.2736
SKTGIJFO_CDS_5101	PP968062.1	98.2301
SKTGIJFO_CDS_5102	PP968062.1	84.9673
SKTGIJFO_CDS_5103	PP968062.1	94.382
SKTGIJFO_CDS_5104	PP968062.1	94.4444
SKTGIJFO_CDS_5105	PP968062.1	94.2857
SKTGIJFO_CDS_5106	PP968062.1	89.8876
SKTGIJFO_CDS_5108	PP968062.1	90.4762
SKTGIJFO_CDS_5109	PP968062.1	95.1351
SKTGIJFO_CDS_5110	PP968062.1	94.0351
SKTGIJFO_CDS_5111	PP968062.1	92.3304
SKTGIJFO_CDS_5112	PP968062.1	92.8105
SKTGIJFO_CDS_5113	PP968062.1	98.9045
SKTGIJFO_CDS_5114	PP968062.1	98.1043
SKTGIJFO_CDS_5115	PP968062.1	86.5248
SKTGIJFO_CDS_5116	PP968062.1	98.8774
SKTGIJFO_CDS_5117	PP968062.1	98.3416
SKTGIJFO_CDS_5119	PP968062.1	94.832
SKTGIJFO_CDS_5120	PP968062.1	94.4954
SKTGIJFO_CDS_5121	PP968062.1	89.5425
SKTGIJFO_CDS_5122	PP968062.1	95.3216
SKTGIJFO_CDS_5123	PP968062.1	83.3333
SKTGIJFO_CDS_5124	PP968062.1	93.2624
SKTGIJFO_CDS_5125	PP968062.1	94.0299
SKTGIJFO_CDS_5126	PP968062.1	92.1569
SKTGIJFO_CDS_5127	PP968062.1	79.1667
SKTGIJFO_CDS_5128	PP968062.1	98.1982
SKTGIJFO_CDS_5129	PP968062.1	94.1725
SKTGIJFO_CDS_5130	PP968062.1	93.4599
SKTGIJFO_CDS_5131	PP968062.1	96.3636
SKTGIJFO_CDS_5132	PP968062.1	85.4167
SKTGIJFO_CDS_5133	PP968062.1	94.9074
SKTGIJFO_CDS_5134	PP968062.1	98.1241
SKTGIJFO_CDS_5135	PP968062.1	97.2077
SKTGIJFO_CDS_5136	PP968062.1	98.6496
SKTGIJFO_CDS_5137	PP968062.1	99.0442
SKTGIJFO_CDS_5138	PP968062.1	98.8747
SKTGIJFO_CDS_5139	PP968062.1	98.9305
SKTGIJFO_CDS_5140	PP968062.1	98.6695
SKTGIJFO_CDS_5141	PP968062.1	97.8467
SKTGIJFO_CDS_5142	PP968062.1	97.7831
SKTGIJFO_CDS_5143	PP968062.1	99.2932
SKTGIJFO_CDS_5144	PP968062.1	98.8453
SKTGIJFO_CDS_5145	PP968062.1	97.9401
SKTGIJFO_CDS_5146	PP968062.1	93.9394
SKTGIJFO_CDS_5147	PP968062.1	97.7199
SKTGIJFO_CDS_5148	PP968062.1	97.8796
SKTGIJFO_CDS_5149	PP968062.1	97.2222
SKTGIJFO_CDS_5150	PP968062.1	99.5885
SKTGIJFO_CDS_5151	PP968062.1	99.3574
SKTGIJFO_CDS_5152	PP968062.1	93.0693
SKTGIJFO_CDS_5153	PP968062.1	92.0635
SKTGIJFO_CDS_5154	PP968062.1	97.7564
SKTGIJFO_CDS_5155	PP968062.1	99.5914
SKTGIJFO_CDS_5156	PP968062.1	98.6517
SKTGIJFO_CDS_5157	PP968062.1	92.517
SKTGIJFO_CDS_5158	PP968062.1	91.5254
SKTGIJFO_CDS_5159	PP968062.1	85.5856
SKTGIJFO_CDS_5160	PP968062.1	89.7436
SKTGIJFO_CDS_5161	PP968062.1	97.5535
SKTGIJFO_CDS_5162	PP968062.1	98.2019
SKTGIJFO_CDS_5163	PP968062.1	98.5119
SKTGIJFO_CDS_5164	PP968062.1	97.9661
SKTGIJFO_CDS_5165	PP968062.1	73.3333
SKTGIJFO_CDS_5166	PP968062.1	96.3149
SKTGIJFO_CDS_5167	PP968062.1	98.5643
SKTGIJFO_CDS_5168	PP968062.1	98.9899
SKTGIJFO_CDS_5169	PP968062.1	95.4167
SKTGIJFO_CDS_5170	PP968062.1	91.5709
SKTGIJFO_CDS_5171	PP968062.1	94.1799
SKTGIJFO_CDS_5172	PP968062.1	97.0149
SKTGIJFO_CDS_5173	PP968062.1	95.1515
SKTGIJFO_CDS_5174	PP968062.1	95.9596
SKTGIJFO_CDS_5175	PP968062.1	98.2422
SKTGIJFO_CDS_5176	PP968062.1	99.696
SKTGIJFO_CDS_5177	PP968062.1	99.9053
SKTGIJFO_CDS_5178	PP968062.1	93.6639
SKTGIJFO_CDS_5179	PP968062.1	97.6137
SKTGIJFO_CDS_5180	PP968062.1	99.1437
SKTGIJFO_CDS_5181	PP968062.1	98.3523
SKTGIJFO_CDS_5182	PP968062.1	97.7226
SKTGIJFO_CDS_5183	PP968062.1	97.7053
SKTGIJFO_CDS_5184	PP968062.1	98.3213
SKTGIJFO_CDS_5185	PP968062.1	97.2222
SKTGIJFO_CDS_5186	PP968062.1	95.1424
SKTGIJFO_CDS_5187	PP968062.1	92.8395
SKTGIJFO_CDS_5188	PP968062.1	94.5626
SKTGIJFO_CDS_5189	PP968062.1	97.8862
SKTGIJFO_CDS_5190	PP968062.1	98.1595
SKTGIJFO_CDS_5191	PP968062.1	95.2381
SKTGIJFO_CDS_5192	PP968062.1	86.1111
SKTGIJFO_CDS_5193	PP968062.1	99.1961
SKTGIJFO_CDS_5194	PP968062.1	98.8462
SKTGIJFO_CDS_5195	PP968062.1	98.4346
SKTGIJFO_CDS_5196	PP968062.1	93.1442
SKTGIJFO_CDS_5197	PP968062.1	98.6325
SKTGIJFO_CDS_5198	PP968062.1	93.3333
SKTGIJFO_CDS_5199	PP968062.1	99.7675
SKTGIJFO_CDS_5200	PP968062.1	84.127
SKTGIJFO_CDS_5201	PP968062.1	96.1631
SKTGIJFO_CDS_5202	PP968062.1	97.8873
SKTGIJFO_CDS_5203	PP968062.1	96.0409
SKTGIJFO_CDS_5204	PP968062.1	97.351
SKTGIJFO_CDS_5205	PP968062.1	93.4183
SKTGIJFO_CDS_5206	PP968062.1	95.2756
SKTGIJFO_CDS_5207	PP968062.1	96.5517
SKTGIJFO_CDS_5208	PP968062.1	97.9412
SKTGIJFO_CDS_5209	PP968062.1	93.0864
SKTGIJFO_CDS_5210	PP968062.1	96.802
SKTGIJFO_CDS_5211	PP968062.1	96.5142
SKTGIJFO_CDS_5212	PP968062.1	99.1342
SKTGIJFO_CDS_5213	PP968062.1	89.7778
SKTGIJFO_CDS_5214	PP968062.1	83.3333
SKTGIJFO_CDS_5215	PP968062.1	97.2028
SKTGIJFO_CDS_5216	PP968062.1	91.7404
SKTGIJFO_CDS_5217	PP968062.1	97.1781
SKTGIJFO_CDS_5218	PP968062.1	95.3535
SKTGIJFO_CDS_5219	PP968062.1	97.6359
SKTGIJFO_CDS_5220	PP968062.1	90.535
SKTGIJFO_CDS_5221	PP968062.1	97.7848
SKTGIJFO_CDS_5222	PP968062.1	95.0495
SKTGIJFO_CDS_5223	PP968062.1	97.6471
SKTGIJFO_CDS_5224	PP968062.1	89.9225
SKTGIJFO_CDS_5225	PP968062.1	96.1806
SKTGIJFO_CDS_5226	PP968062.1	90.3704
SKTGIJFO_CDS_5227	PP968062.1	97.4555
SKTGIJFO_CDS_5228	PP968062.1	91.8301
SKTGIJFO_CDS_5229	PP968062.1	96.5879
SKTGIJFO_CDS_5230	PP968062.1	92.112
SKTGIJFO_CDS_5231	PP968062.1	97.9328
SKTGIJFO_CDS_5232	PP968062.1	98.8782
SKTGIJFO_CDS_5233	PP968062.1	99.7015
SKTGIJFO_CDS_5234	PP968062.1	80.8333
SKTGIJFO_CDS_5235	PP968062.1	99.1165
SKTGIJFO_CDS_5236	PP968062.1	94.6667
SKTGIJFO_CDS_5237	PP968062.1	94.5534
SKTGIJFO_CDS_5238	PP968062.1	93.6111
SKTGIJFO_CDS_5239	PP968062.1	96.2441
SKTGIJFO_CDS_5240	PP968062.1	97.7456
SKTGIJFO_CDS_5241	PP968062.1	95.3052
SKTGIJFO_CDS_5242	PP968062.1	98.0594
SKTGIJFO_CDS_5243	PP968062.1	98.4718
SKTGIJFO_CDS_5244	PP968062.1	97.2222
SKTGIJFO_CDS_5245	PP968062.1	99.2955
SKTGIJFO_CDS_5246	PP968062.1	99.0991
